path,key,dtype,example_value,is_github_api_url,fetch_status,error_message,depth
fork,fork,bool,False,False,,,0
created_at,created_at,str,2010-08-24T01:37:33Z,False,,,0
updated_at,updated_at,str,2026-04-28T10:37:26Z,False,,,0
pushed_at,pushed_at,str,2026-04-28T02:35:44Z,False,,,0
size,size,int,390274,False,,,0
stargazers_count,stargazers_count,int,48597,False,,,0
forks_count,forks_count,int,19881,False,,,0
subscribers_count,subscribers_count,int,1113,False,,,0
open_issues_count,open_issues_count,int,3428,False,,,0
network_count,network_count,int,19881,False,,,0
has_issues,has_issues,bool,True,False,,,0
has_projects,has_projects,bool,True,False,,,0
has_downloads,has_downloads,bool,True,False,,,0
has_wiki,has_wiki,bool,False,False,,,0
has_pages,has_pages,bool,False,False,,,0
has_discussions,has_discussions,bool,False,False,,,0
archived,archived,bool,False,False,,,0
disabled,disabled,bool,False,False,,,0
allow_forking,allow_forking,bool,True,False,,,0
has_pull_requests,has_pull_requests,bool,True,False,,,0
contributors_url,contributors_url,str,https://api.github.com/repos/pandas-dev/pandas/contributors,True,,,0
contributors_url.__api_fetch__,__api_fetch__,list,https://api.github.com/repos/pandas-dev/pandas/contributors,True,success,,0
contributors_url.__api__[0],[0],dict,"{'login': 'jbrockmendel', 'id': 8078968, 'node_id': 'MDQ6VXNlcjgwNzg5Njg=', 'avatar_url': 'https://avatars.githubusercontent.com/u/8078968?v=4', 'gravatar_id': '', 'url': 'https://api.github.com/users/jbrockmendel', 'html_url': 'https://github.com/jbrockmendel', 'followers_url': 'https://api.github.com/users/jbrockmendel/followers', 'following_url': 'https://api.github.com/users/jbrockmendel/following{/other_user}', 'gists_url': 'https://api.github.com/users/jbrockmendel/gists{/gist_id}', 'starred_url': 'https://api.github.com/users/jbrockmendel/starred{/owner}{/repo}', 'subscriptions_url': 'https://api.github.com/users/jbrockmendel/subscriptions', 'organizations_url': 'https://api.github.com/users/jbrockmendel/orgs', 'repos_url': 'https://api.github.com/users/jbrockmendel/repos', 'events_url': 'https://api.github.com/users/jbrockmendel/events{/privacy}', 'received_events_url': 'https://api.github.com/users/jbrockmendel/received_events', 'type': 'User', 'user_view_type': 'public', 'site_admin': False, 'contributions': 5289}",False,,,1
contributors_url.__api__[1],[1],dict,"{'login': 'jreback', 'id': 953992, 'node_id': 'MDQ6VXNlcjk1Mzk5Mg==', 'avatar_url': 'https://avatars.githubusercontent.com/u/953992?v=4', 'gravatar_id': '', 'url': 'https://api.github.com/users/jreback', 'html_url': 'https://github.com/jreback', 'followers_url': 'https://api.github.com/users/jreback/followers', 'following_url': 'https://api.github.com/users/jreback/following{/other_user}', 'gists_url': 'https://api.github.com/users/jreback/gists{/gist_id}', 'starred_url': 'https://api.github.com/users/jreback/starred{/owner}{/repo}', 'subscriptions_url': 'https://api.github.com/users/jreback/subscriptions', 'organizations_url': 'https://api.github.com/users/jreback/orgs', 'repos_url': 'https://api.github.com/users/jreback/repos', 'events_url': 'https://api.github.com/users/jreback/events{/privacy}', 'received_events_url': 'https://api.github.com/users/jreback/received_events', 'type': 'User', 'user_view_type': 'public', 'site_admin': False, 'contributions': 4731}",False,,,1
contributors_url.__api__[2],[2],dict,"{'login': 'wesm', 'id': 329591, 'node_id': 'MDQ6VXNlcjMyOTU5MQ==', 'avatar_url': 'https://avatars.githubusercontent.com/u/329591?v=4', 'gravatar_id': '', 'url': 'https://api.github.com/users/wesm', 'html_url': 'https://github.com/wesm', 'followers_url': 'https://api.github.com/users/wesm/followers', 'following_url': 'https://api.github.com/users/wesm/following{/other_user}', 'gists_url': 'https://api.github.com/users/wesm/gists{/gist_id}', 'starred_url': 'https://api.github.com/users/wesm/starred{/owner}{/repo}', 'subscriptions_url': 'https://api.github.com/users/wesm/subscriptions', 'organizations_url': 'https://api.github.com/users/wesm/orgs', 'repos_url': 'https://api.github.com/users/wesm/repos', 'events_url': 'https://api.github.com/users/wesm/events{/privacy}', 'received_events_url': 'https://api.github.com/users/wesm/received_events', 'type': 'User', 'user_view_type': 'public', 'site_admin': False, 'contributions': 3127}",False,,,1
contributors_url.__api__[3],[3],dict,"{'login': 'jorisvandenbossche', 'id': 1020496, 'node_id': 'MDQ6VXNlcjEwMjA0OTY=', 'avatar_url': 'https://avatars.githubusercontent.com/u/1020496?v=4', 'gravatar_id': '', 'url': 'https://api.github.com/users/jorisvandenbossche', 'html_url': 'https://github.com/jorisvandenbossche', 'followers_url': 'https://api.github.com/users/jorisvandenbossche/followers', 'following_url': 'https://api.github.com/users/jorisvandenbossche/following{/other_user}', 'gists_url': 'https://api.github.com/users/jorisvandenbossche/gists{/gist_id}', 'starred_url': 'https://api.github.com/users/jorisvandenbossche/starred{/owner}{/repo}', 'subscriptions_url': 'https://api.github.com/users/jorisvandenbossche/subscriptions', 'organizations_url': 'https://api.github.com/users/jorisvandenbossche/orgs', 'repos_url': 'https://api.github.com/users/jorisvandenbossche/repos', 'events_url': 'https://api.github.com/users/jorisvandenbossche/events{/privacy}', 'received_events_url': 'https://api.github.com/users/jorisvandenbossche/received_events', 'type': 'User', 'user_view_type': 'public', 'site_admin': False, 'contributions': 1603}",False,,,1
contributors_url.__api__[4],[4],dict,"{'login': 'mroeschke', 'id': 10647082, 'node_id': 'MDQ6VXNlcjEwNjQ3MDgy', 'avatar_url': 'https://avatars.githubusercontent.com/u/10647082?v=4', 'gravatar_id': '', 'url': 'https://api.github.com/users/mroeschke', 'html_url': 'https://github.com/mroeschke', 'followers_url': 'https://api.github.com/users/mroeschke/followers', 'following_url': 'https://api.github.com/users/mroeschke/following{/other_user}', 'gists_url': 'https://api.github.com/users/mroeschke/gists{/gist_id}', 'starred_url': 'https://api.github.com/users/mroeschke/starred{/owner}{/repo}', 'subscriptions_url': 'https://api.github.com/users/mroeschke/subscriptions', 'organizations_url': 'https://api.github.com/users/mroeschke/orgs', 'repos_url': 'https://api.github.com/users/mroeschke/repos', 'events_url': 'https://api.github.com/users/mroeschke/events{/privacy}', 'received_events_url': 'https://api.github.com/users/mroeschke/received_events', 'type': 'User', 'user_view_type': 'public', 'site_admin': False, 'contributions': 1521}",False,,,1
contributors_url.__api__[5],[5],dict,"{'login': 'phofl', 'id': 61934744, 'node_id': 'MDQ6VXNlcjYxOTM0NzQ0', 'avatar_url': 'https://avatars.githubusercontent.com/u/61934744?v=4', 'gravatar_id': '', 'url': 'https://api.github.com/users/phofl', 'html_url': 'https://github.com/phofl', 'followers_url': 'https://api.github.com/users/phofl/followers', 'following_url': 'https://api.github.com/users/phofl/following{/other_user}', 'gists_url': 'https://api.github.com/users/phofl/gists{/gist_id}', 'starred_url': 'https://api.github.com/users/phofl/starred{/owner}{/repo}', 'subscriptions_url': 'https://api.github.com/users/phofl/subscriptions', 'organizations_url': 'https://api.github.com/users/phofl/orgs', 'repos_url': 'https://api.github.com/users/phofl/repos', 'events_url': 'https://api.github.com/users/phofl/events{/privacy}', 'received_events_url': 'https://api.github.com/users/phofl/received_events', 'type': 'User', 'user_view_type': 'public', 'site_admin': False, 'contributions': 1132}",False,,,1
contributors_url.__api__[6],[6],dict,"{'login': 'TomAugspurger', 'id': 1312546, 'node_id': 'MDQ6VXNlcjEzMTI1NDY=', 'avatar_url': 'https://avatars.githubusercontent.com/u/1312546?v=4', 'gravatar_id': '', 'url': 'https://api.github.com/users/TomAugspurger', 'html_url': 'https://github.com/TomAugspurger', 'followers_url': 'https://api.github.com/users/TomAugspurger/followers', 'following_url': 'https://api.github.com/users/TomAugspurger/following{/other_user}', 'gists_url': 'https://api.github.com/users/TomAugspurger/gists{/gist_id}', 'starred_url': 'https://api.github.com/users/TomAugspurger/starred{/owner}{/repo}', 'subscriptions_url': 'https://api.github.com/users/TomAugspurger/subscriptions', 'organizations_url': 'https://api.github.com/users/TomAugspurger/orgs', 'repos_url': 'https://api.github.com/users/TomAugspurger/repos', 'events_url': 'https://api.github.com/users/TomAugspurger/events{/privacy}', 'received_events_url': 'https://api.github.com/users/TomAugspurger/received_events', 'type': 'User', 'user_view_type': 'public', 'site_admin': False, 'contributions': 655}",False,,,1
contributors_url.__api__[7],[7],dict,"{'login': 'simonjayhawkins', 'id': 13159005, 'node_id': 'MDQ6VXNlcjEzMTU5MDA1', 'avatar_url': 'https://avatars.githubusercontent.com/u/13159005?v=4', 'gravatar_id': '', 'url': 'https://api.github.com/users/simonjayhawkins', 'html_url': 'https://github.com/simonjayhawkins', 'followers_url': 'https://api.github.com/users/simonjayhawkins/followers', 'following_url': 'https://api.github.com/users/simonjayhawkins/following{/other_user}', 'gists_url': 'https://api.github.com/users/simonjayhawkins/gists{/gist_id}', 'starred_url': 'https://api.github.com/users/simonjayhawkins/starred{/owner}{/repo}', 'subscriptions_url': 'https://api.github.com/users/simonjayhawkins/subscriptions', 'organizations_url': 'https://api.github.com/users/simonjayhawkins/orgs', 'repos_url': 'https://api.github.com/users/simonjayhawkins/repos', 'events_url': 'https://api.github.com/users/simonjayhawkins/events{/privacy}', 'received_events_url': 'https://api.github.com/users/simonjayhawkins/received_events', 'type': 'User', 'user_view_type': 'public', 'site_admin': False, 'contributions': 628}",False,,,1
contributors_url.__api__[8],[8],dict,"{'login': 'cpcloud', 'id': 417981, 'node_id': 'MDQ6VXNlcjQxNzk4MQ==', 'avatar_url': 'https://avatars.githubusercontent.com/u/417981?v=4', 'gravatar_id': '', 'url': 'https://api.github.com/users/cpcloud', 'html_url': 'https://github.com/cpcloud', 'followers_url': 'https://api.github.com/users/cpcloud/followers', 'following_url': 'https://api.github.com/users/cpcloud/following{/other_user}', 'gists_url': 'https://api.github.com/users/cpcloud/gists{/gist_id}', 'starred_url': 'https://api.github.com/users/cpcloud/starred{/owner}{/repo}', 'subscriptions_url': 'https://api.github.com/users/cpcloud/subscriptions', 'organizations_url': 'https://api.github.com/users/cpcloud/orgs', 'repos_url': 'https://api.github.com/users/cpcloud/repos', 'events_url': 'https://api.github.com/users/cpcloud/events{/privacy}', 'received_events_url': 'https://api.github.com/users/cpcloud/received_events', 'type': 'User', 'user_view_type': 'public', 'site_admin': False, 'contributions': 607}",False,,,1
contributors_url.__api__[9],[9],dict,"{'login': 'rhshadrach', 'id': 45562402, 'node_id': 'MDQ6VXNlcjQ1NTYyNDAy', 'avatar_url': 'https://avatars.githubusercontent.com/u/45562402?v=4', 'gravatar_id': '', 'url': 'https://api.github.com/users/rhshadrach', 'html_url': 'https://github.com/rhshadrach', 'followers_url': 'https://api.github.com/users/rhshadrach/followers', 'following_url': 'https://api.github.com/users/rhshadrach/following{/other_user}', 'gists_url': 'https://api.github.com/users/rhshadrach/gists{/gist_id}', 'starred_url': 'https://api.github.com/users/rhshadrach/starred{/owner}{/repo}', 'subscriptions_url': 'https://api.github.com/users/rhshadrach/subscriptions', 'organizations_url': 'https://api.github.com/users/rhshadrach/orgs', 'repos_url': 'https://api.github.com/users/rhshadrach/repos', 'events_url': 'https://api.github.com/users/rhshadrach/events{/privacy}', 'received_events_url': 'https://api.github.com/users/rhshadrach/received_events', 'type': 'User', 'user_view_type': 'public', 'site_admin': False, 'contributions': 508}",False,,,1
contributors_url.__api__[10],[10],dict,"{'login': 'tuhinsharma121', 'id': 6801780, 'node_id': 'MDQ6VXNlcjY4MDE3ODA=', 'avatar_url': 'https://avatars.githubusercontent.com/u/6801780?v=4', 'gravatar_id': '', 'url': 'https://api.github.com/users/tuhinsharma121', 'html_url': 'https://github.com/tuhinsharma121', 'followers_url': 'https://api.github.com/users/tuhinsharma121/followers', 'following_url': 'https://api.github.com/users/tuhinsharma121/following{/other_user}', 'gists_url': 'https://api.github.com/users/tuhinsharma121/gists{/gist_id}', 'starred_url': 'https://api.github.com/users/tuhinsharma121/starred{/owner}{/repo}', 'subscriptions_url': 'https://api.github.com/users/tuhinsharma121/subscriptions', 'organizations_url': 'https://api.github.com/users/tuhinsharma121/orgs', 'repos_url': 'https://api.github.com/users/tuhinsharma121/repos', 'events_url': 'https://api.github.com/users/tuhinsharma121/events{/privacy}', 'received_events_url': 'https://api.github.com/users/tuhinsharma121/received_events', 'type': 'User', 'user_view_type': 'public', 'site_admin': False, 'contributions': 478}",False,,,1
contributors_url.__api__[11],[11],dict,"{'login': 'gfyoung', 'id': 9273653, 'node_id': 'MDQ6VXNlcjkyNzM2NTM=', 'avatar_url': 'https://avatars.githubusercontent.com/u/9273653?v=4', 'gravatar_id': '', 'url': 'https://api.github.com/users/gfyoung', 'html_url': 'https://github.com/gfyoung', 'followers_url': 'https://api.github.com/users/gfyoung/followers', 'following_url': 'https://api.github.com/users/gfyoung/following{/other_user}', 'gists_url': 'https://api.github.com/users/gfyoung/gists{/gist_id}', 'starred_url': 'https://api.github.com/users/gfyoung/starred{/owner}{/repo}', 'subscriptions_url': 'https://api.github.com/users/gfyoung/subscriptions', 'organizations_url': 'https://api.github.com/users/gfyoung/orgs', 'repos_url': 'https://api.github.com/users/gfyoung/repos', 'events_url': 'https://api.github.com/users/gfyoung/events{/privacy}', 'received_events_url': 'https://api.github.com/users/gfyoung/received_events', 'type': 'User', 'user_view_type': 'public', 'site_admin': False, 'contributions': 460}",False,,,1
contributors_url.__api__[12],[12],dict,"{'login': 'topper-123', 'id': 26364415, 'node_id': 'MDQ6VXNlcjI2MzY0NDE1', 'avatar_url': 'https://avatars.githubusercontent.com/u/26364415?v=4', 'gravatar_id': '', 'url': 'https://api.github.com/users/topper-123', 'html_url': 'https://github.com/topper-123', 'followers_url': 'https://api.github.com/users/topper-123/followers', 'following_url': 'https://api.github.com/users/topper-123/following{/other_user}', 'gists_url': 'https://api.github.com/users/topper-123/gists{/gist_id}', 'starred_url': 'https://api.github.com/users/topper-123/starred{/owner}{/repo}', 'subscriptions_url': 'https://api.github.com/users/topper-123/subscriptions', 'organizations_url': 'https://api.github.com/users/topper-123/orgs', 'repos_url': 'https://api.github.com/users/topper-123/repos', 'events_url': 'https://api.github.com/users/topper-123/events{/privacy}', 'received_events_url': 'https://api.github.com/users/topper-123/received_events', 'type': 'User', 'user_view_type': 'public', 'site_admin': False, 'contributions': 423}",False,,,1
contributors_url.__api__[13],[13],dict,"{'login': 'sinhrks', 'id': 1696302, 'node_id': 'MDQ6VXNlcjE2OTYzMDI=', 'avatar_url': 'https://avatars.githubusercontent.com/u/1696302?v=4', 'gravatar_id': '', 'url': 'https://api.github.com/users/sinhrks', 'html_url': 'https://github.com/sinhrks', 'followers_url': 'https://api.github.com/users/sinhrks/followers', 'following_url': 'https://api.github.com/users/sinhrks/following{/other_user}', 'gists_url': 'https://api.github.com/users/sinhrks/gists{/gist_id}', 'starred_url': 'https://api.github.com/users/sinhrks/starred{/owner}{/repo}', 'subscriptions_url': 'https://api.github.com/users/sinhrks/subscriptions', 'organizations_url': 'https://api.github.com/users/sinhrks/orgs', 'repos_url': 'https://api.github.com/users/sinhrks/repos', 'events_url': 'https://api.github.com/users/sinhrks/events{/privacy}', 'received_events_url': 'https://api.github.com/users/sinhrks/received_events', 'type': 'User', 'user_view_type': 'public', 'site_admin': False, 'contributions': 409}",False,,,1
contributors_url.__api__[14],[14],dict,"{'login': 'MarcoGorelli', 'id': 33491632, 'node_id': 'MDQ6VXNlcjMzNDkxNjMy', 'avatar_url': 'https://avatars.githubusercontent.com/u/33491632?v=4', 'gravatar_id': '', 'url': 'https://api.github.com/users/MarcoGorelli', 'html_url': 'https://github.com/MarcoGorelli', 'followers_url': 'https://api.github.com/users/MarcoGorelli/followers', 'following_url': 'https://api.github.com/users/MarcoGorelli/following{/other_user}', 'gists_url': 'https://api.github.com/users/MarcoGorelli/gists{/gist_id}', 'starred_url': 'https://api.github.com/users/MarcoGorelli/starred{/owner}{/repo}', 'subscriptions_url': 'https://api.github.com/users/MarcoGorelli/subscriptions', 'organizations_url': 'https://api.github.com/users/MarcoGorelli/orgs', 'repos_url': 'https://api.github.com/users/MarcoGorelli/repos', 'events_url': 'https://api.github.com/users/MarcoGorelli/events{/privacy}', 'received_events_url': 'https://api.github.com/users/MarcoGorelli/received_events', 'type': 'User', 'user_view_type': 'public', 'site_admin': False, 'contributions': 340}",False,,,1
contributors_url.__api__[15],[15],dict,"{'login': 'WillAyd', 'id': 609873, 'node_id': 'MDQ6VXNlcjYwOTg3Mw==', 'avatar_url': 'https://avatars.githubusercontent.com/u/609873?v=4', 'gravatar_id': '', 'url': 'https://api.github.com/users/WillAyd', 'html_url': 'https://github.com/WillAyd', 'followers_url': 'https://api.github.com/users/WillAyd/followers', 'following_url': 'https://api.github.com/users/WillAyd/following{/other_user}', 'gists_url': 'https://api.github.com/users/WillAyd/gists{/gist_id}', 'starred_url': 'https://api.github.com/users/WillAyd/starred{/owner}{/repo}', 'subscriptions_url': 'https://api.github.com/users/WillAyd/subscriptions', 'organizations_url': 'https://api.github.com/users/WillAyd/orgs', 'repos_url': 'https://api.github.com/users/WillAyd/repos', 'events_url': 'https://api.github.com/users/WillAyd/events{/privacy}', 'received_events_url': 'https://api.github.com/users/WillAyd/received_events', 'type': 'User', 'user_view_type': 'public', 'site_admin': False, 'contributions': 340}",False,,,1
contributors_url.__api__[16],[16],dict,"{'login': 'adamklein', 'id': 869232, 'node_id': 'MDQ6VXNlcjg2OTIzMg==', 'avatar_url': 'https://avatars.githubusercontent.com/u/869232?v=4', 'gravatar_id': '', 'url': 'https://api.github.com/users/adamklein', 'html_url': 'https://github.com/adamklein', 'followers_url': 'https://api.github.com/users/adamklein/followers', 'following_url': 'https://api.github.com/users/adamklein/following{/other_user}', 'gists_url': 'https://api.github.com/users/adamklein/gists{/gist_id}', 'starred_url': 'https://api.github.com/users/adamklein/starred{/owner}{/repo}', 'subscriptions_url': 'https://api.github.com/users/adamklein/subscriptions', 'organizations_url': 'https://api.github.com/users/adamklein/orgs', 'repos_url': 'https://api.github.com/users/adamklein/repos', 'events_url': 'https://api.github.com/users/adamklein/events{/privacy}', 'received_events_url': 'https://api.github.com/users/adamklein/received_events', 'type': 'User', 'user_view_type': 'public', 'site_admin': False, 'contributions': 327}",False,,,1
contributors_url.__api__[17],[17],dict,"{'login': 'datapythonista', 'id': 10058240, 'node_id': 'MDQ6VXNlcjEwMDU4MjQw', 'avatar_url': 'https://avatars.githubusercontent.com/u/10058240?v=4', 'gravatar_id': '', 'url': 'https://api.github.com/users/datapythonista', 'html_url': 'https://github.com/datapythonista', 'followers_url': 'https://api.github.com/users/datapythonista/followers', 'following_url': 'https://api.github.com/users/datapythonista/following{/other_user}', 'gists_url': 'https://api.github.com/users/datapythonista/gists{/gist_id}', 'starred_url': 'https://api.github.com/users/datapythonista/starred{/owner}{/repo}', 'subscriptions_url': 'https://api.github.com/users/datapythonista/subscriptions', 'organizations_url': 'https://api.github.com/users/datapythonista/orgs', 'repos_url': 'https://api.github.com/users/datapythonista/repos', 'events_url': 'https://api.github.com/users/datapythonista/events{/privacy}', 'received_events_url': 'https://api.github.com/users/datapythonista/received_events', 'type': 'User', 'user_view_type': 'public', 'site_admin': False, 'contributions': 275}",False,,,1
contributors_url.__api__[18],[18],dict,"{'login': 'jtratner', 'id': 1598379, 'node_id': 'MDQ6VXNlcjE1OTgzNzk=', 'avatar_url': 'https://avatars.githubusercontent.com/u/1598379?v=4', 'gravatar_id': '', 'url': 'https://api.github.com/users/jtratner', 'html_url': 'https://github.com/jtratner', 'followers_url': 'https://api.github.com/users/jtratner/followers', 'following_url': 'https://api.github.com/users/jtratner/following{/other_user}', 'gists_url': 'https://api.github.com/users/jtratner/gists{/gist_id}', 'starred_url': 'https://api.github.com/users/jtratner/starred{/owner}{/repo}', 'subscriptions_url': 'https://api.github.com/users/jtratner/subscriptions', 'organizations_url': 'https://api.github.com/users/jtratner/orgs', 'repos_url': 'https://api.github.com/users/jtratner/repos', 'events_url': 'https://api.github.com/users/jtratner/events{/privacy}', 'received_events_url': 'https://api.github.com/users/jtratner/received_events', 'type': 'User', 'user_view_type': 'public', 'site_admin': False, 'contributions': 250}",False,,,1
contributors_url.__api__[19],[19],dict,"{'login': 'changhiskhan', 'id': 759245, 'node_id': 'MDQ6VXNlcjc1OTI0NQ==', 'avatar_url': 'https://avatars.githubusercontent.com/u/759245?v=4', 'gravatar_id': '', 'url': 'https://api.github.com/users/changhiskhan', 'html_url': 'https://github.com/changhiskhan', 'followers_url': 'https://api.github.com/users/changhiskhan/followers', 'following_url': 'https://api.github.com/users/changhiskhan/following{/other_user}', 'gists_url': 'https://api.github.com/users/changhiskhan/gists{/gist_id}', 'starred_url': 'https://api.github.com/users/changhiskhan/starred{/owner}{/repo}', 'subscriptions_url': 'https://api.github.com/users/changhiskhan/subscriptions', 'organizations_url': 'https://api.github.com/users/changhiskhan/orgs', 'repos_url': 'https://api.github.com/users/changhiskhan/repos', 'events_url': 'https://api.github.com/users/changhiskhan/events{/privacy}', 'received_events_url': 'https://api.github.com/users/changhiskhan/received_events', 'type': 'User', 'user_view_type': 'public', 'site_admin': False, 'contributions': 246}",False,,,1
contributors_url.__api__[20],[20],dict,"{'login': 'lithomas1', 'id': 47963215, 'node_id': 'MDQ6VXNlcjQ3OTYzMjE1', 'avatar_url': 'https://avatars.githubusercontent.com/u/47963215?v=4', 'gravatar_id': '', 'url': 'https://api.github.com/users/lithomas1', 'html_url': 'https://github.com/lithomas1', 'followers_url': 'https://api.github.com/users/lithomas1/followers', 'following_url': 'https://api.github.com/users/lithomas1/following{/other_user}', 'gists_url': 'https://api.github.com/users/lithomas1/gists{/gist_id}', 'starred_url': 'https://api.github.com/users/lithomas1/starred{/owner}{/repo}', 'subscriptions_url': 'https://api.github.com/users/lithomas1/subscriptions', 'organizations_url': 'https://api.github.com/users/lithomas1/orgs', 'repos_url': 'https://api.github.com/users/lithomas1/repos', 'events_url': 'https://api.github.com/users/lithomas1/events{/privacy}', 'received_events_url': 'https://api.github.com/users/lithomas1/received_events', 'type': 'User', 'user_view_type': 'public', 'site_admin': False, 'contributions': 245}",False,,,1
contributors_url.__api__[21],[21],dict,"{'login': 'lukemanley', 'id': 8519523, 'node_id': 'MDQ6VXNlcjg1MTk1MjM=', 'avatar_url': 'https://avatars.githubusercontent.com/u/8519523?v=4', 'gravatar_id': '', 'url': 'https://api.github.com/users/lukemanley', 'html_url': 'https://github.com/lukemanley', 'followers_url': 'https://api.github.com/users/lukemanley/followers', 'following_url': 'https://api.github.com/users/lukemanley/following{/other_user}', 'gists_url': 'https://api.github.com/users/lukemanley/gists{/gist_id}', 'starred_url': 'https://api.github.com/users/lukemanley/starred{/owner}{/repo}', 'subscriptions_url': 'https://api.github.com/users/lukemanley/subscriptions', 'organizations_url': 'https://api.github.com/users/lukemanley/orgs', 'repos_url': 'https://api.github.com/users/lukemanley/repos', 'events_url': 'https://api.github.com/users/lukemanley/events{/privacy}', 'received_events_url': 'https://api.github.com/users/lukemanley/received_events', 'type': 'User', 'user_view_type': 'public', 'site_admin': False, 'contributions': 225}",False,,,1
contributors_url.__api__[22],[22],dict,"{'login': 'twoertwein', 'id': 6618166, 'node_id': 'MDQ6VXNlcjY2MTgxNjY=', 'avatar_url': 'https://avatars.githubusercontent.com/u/6618166?v=4', 'gravatar_id': '', 'url': 'https://api.github.com/users/twoertwein', 'html_url': 'https://github.com/twoertwein', 'followers_url': 'https://api.github.com/users/twoertwein/followers', 'following_url': 'https://api.github.com/users/twoertwein/following{/other_user}', 'gists_url': 'https://api.github.com/users/twoertwein/gists{/gist_id}', 'starred_url': 'https://api.github.com/users/twoertwein/starred{/owner}{/repo}', 'subscriptions_url': 'https://api.github.com/users/twoertwein/subscriptions', 'organizations_url': 'https://api.github.com/users/twoertwein/orgs', 'repos_url': 'https://api.github.com/users/twoertwein/repos', 'events_url': 'https://api.github.com/users/twoertwein/events{/privacy}', 'received_events_url': 'https://api.github.com/users/twoertwein/received_events', 'type': 'User', 'user_view_type': 'public', 'site_admin': False, 'contributions': 221}",False,,,1
contributors_url.__api__[23],[23],dict,"{'login': 'ShaharNaveh', 'id': 50263213, 'node_id': 'MDQ6VXNlcjUwMjYzMjEz', 'avatar_url': 'https://avatars.githubusercontent.com/u/50263213?v=4', 'gravatar_id': '', 'url': 'https://api.github.com/users/ShaharNaveh', 'html_url': 'https://github.com/ShaharNaveh', 'followers_url': 'https://api.github.com/users/ShaharNaveh/followers', 'following_url': 'https://api.github.com/users/ShaharNaveh/following{/other_user}', 'gists_url': 'https://api.github.com/users/ShaharNaveh/gists{/gist_id}', 'starred_url': 'https://api.github.com/users/ShaharNaveh/starred{/owner}{/repo}', 'subscriptions_url': 'https://api.github.com/users/ShaharNaveh/subscriptions', 'organizations_url': 'https://api.github.com/users/ShaharNaveh/orgs', 'repos_url': 'https://api.github.com/users/ShaharNaveh/repos', 'events_url': 'https://api.github.com/users/ShaharNaveh/events{/privacy}', 'received_events_url': 'https://api.github.com/users/ShaharNaveh/received_events', 'type': 'User', 'user_view_type': 'public', 'site_admin': False, 'contributions': 206}",False,,,1
contributors_url.__api__[24],[24],dict,"{'login': 'attack68', 'id': 24256554, 'node_id': 'MDQ6VXNlcjI0MjU2NTU0', 'avatar_url': 'https://avatars.githubusercontent.com/u/24256554?v=4', 'gravatar_id': '', 'url': 'https://api.github.com/users/attack68', 'html_url': 'https://github.com/attack68', 'followers_url': 'https://api.github.com/users/attack68/followers', 'following_url': 'https://api.github.com/users/attack68/following{/other_user}', 'gists_url': 'https://api.github.com/users/attack68/gists{/gist_id}', 'starred_url': 'https://api.github.com/users/attack68/starred{/owner}{/repo}', 'subscriptions_url': 'https://api.github.com/users/attack68/subscriptions', 'organizations_url': 'https://api.github.com/users/attack68/orgs', 'repos_url': 'https://api.github.com/users/attack68/repos', 'events_url': 'https://api.github.com/users/attack68/events{/privacy}', 'received_events_url': 'https://api.github.com/users/attack68/received_events', 'type': 'User', 'user_view_type': 'public', 'site_admin': False, 'contributions': 203}",False,,,1
contributors_url.__api__[25],[25],dict,"{'login': 'natmokval', 'id': 91160475, 'node_id': 'MDQ6VXNlcjkxMTYwNDc1', 'avatar_url': 'https://avatars.githubusercontent.com/u/91160475?v=4', 'gravatar_id': '', 'url': 'https://api.github.com/users/natmokval', 'html_url': 'https://github.com/natmokval', 'followers_url': 'https://api.github.com/users/natmokval/followers', 'following_url': 'https://api.github.com/users/natmokval/following{/other_user}', 'gists_url': 'https://api.github.com/users/natmokval/gists{/gist_id}', 'starred_url': 'https://api.github.com/users/natmokval/starred{/owner}{/repo}', 'subscriptions_url': 'https://api.github.com/users/natmokval/subscriptions', 'organizations_url': 'https://api.github.com/users/natmokval/orgs', 'repos_url': 'https://api.github.com/users/natmokval/repos', 'events_url': 'https://api.github.com/users/natmokval/events{/privacy}', 'received_events_url': 'https://api.github.com/users/natmokval/received_events', 'type': 'User', 'user_view_type': 'public', 'site_admin': False, 'contributions': 173}",False,,,1
contributors_url.__api__[26],[26],dict,"{'login': 'jschendel', 'id': 5332445, 'node_id': 'MDQ6VXNlcjUzMzI0NDU=', 'avatar_url': 'https://avatars.githubusercontent.com/u/5332445?v=4', 'gravatar_id': '', 'url': 'https://api.github.com/users/jschendel', 'html_url': 'https://github.com/jschendel', 'followers_url': 'https://api.github.com/users/jschendel/followers', 'following_url': 'https://api.github.com/users/jschendel/following{/other_user}', 'gists_url': 'https://api.github.com/users/jschendel/gists{/gist_id}', 'starred_url': 'https://api.github.com/users/jschendel/starred{/owner}{/repo}', 'subscriptions_url': 'https://api.github.com/users/jschendel/subscriptions', 'organizations_url': 'https://api.github.com/users/jschendel/orgs', 'repos_url': 'https://api.github.com/users/jschendel/repos', 'events_url': 'https://api.github.com/users/jschendel/events{/privacy}', 'received_events_url': 'https://api.github.com/users/jschendel/received_events', 'type': 'User', 'user_view_type': 'public', 'site_admin': False, 'contributions': 163}",False,,,1
contributors_url.__api__[27],[27],dict,"{'login': 'hayd', 'id': 1931852, 'node_id': 'MDQ6VXNlcjE5MzE4NTI=', 'avatar_url': 'https://avatars.githubusercontent.com/u/1931852?v=4', 'gravatar_id': '', 'url': 'https://api.github.com/users/hayd', 'html_url': 'https://github.com/hayd', 'followers_url': 'https://api.github.com/users/hayd/followers', 'following_url': 'https://api.github.com/users/hayd/following{/other_user}', 'gists_url': 'https://api.github.com/users/hayd/gists{/gist_id}', 'starred_url': 'https://api.github.com/users/hayd/starred{/owner}{/repo}', 'subscriptions_url': 'https://api.github.com/users/hayd/subscriptions', 'organizations_url': 'https://api.github.com/users/hayd/orgs', 'repos_url': 'https://api.github.com/users/hayd/repos', 'events_url': 'https://api.github.com/users/hayd/events{/privacy}', 'received_events_url': 'https://api.github.com/users/hayd/received_events', 'type': 'User', 'user_view_type': 'public', 'site_admin': False, 'contributions': 160}",False,,,1
contributors_url.__api__[28],[28],dict,"{'login': 'fangchenli', 'id': 7614606, 'node_id': 'MDQ6VXNlcjc2MTQ2MDY=', 'avatar_url': 'https://avatars.githubusercontent.com/u/7614606?v=4', 'gravatar_id': '', 'url': 'https://api.github.com/users/fangchenli', 'html_url': 'https://github.com/fangchenli', 'followers_url': 'https://api.github.com/users/fangchenli/followers', 'following_url': 'https://api.github.com/users/fangchenli/following{/other_user}', 'gists_url': 'https://api.github.com/users/fangchenli/gists{/gist_id}', 'starred_url': 'https://api.github.com/users/fangchenli/starred{/owner}{/repo}', 'subscriptions_url': 'https://api.github.com/users/fangchenli/subscriptions', 'organizations_url': 'https://api.github.com/users/fangchenli/orgs', 'repos_url': 'https://api.github.com/users/fangchenli/repos', 'events_url': 'https://api.github.com/users/fangchenli/events{/privacy}', 'received_events_url': 'https://api.github.com/users/fangchenli/received_events', 'type': 'User', 'user_view_type': 'public', 'site_admin': False, 'contributions': 156}",False,,,1
contributors_url.__api__[29],[29],dict,"{'login': 'dsaxton', 'id': 2658661, 'node_id': 'MDQ6VXNlcjI2NTg2NjE=', 'avatar_url': 'https://avatars.githubusercontent.com/u/2658661?v=4', 'gravatar_id': '', 'url': 'https://api.github.com/users/dsaxton', 'html_url': 'https://github.com/dsaxton', 'followers_url': 'https://api.github.com/users/dsaxton/followers', 'following_url': 'https://api.github.com/users/dsaxton/following{/other_user}', 'gists_url': 'https://api.github.com/users/dsaxton/gists{/gist_id}', 'starred_url': 'https://api.github.com/users/dsaxton/starred{/owner}{/repo}', 'subscriptions_url': 'https://api.github.com/users/dsaxton/subscriptions', 'organizations_url': 'https://api.github.com/users/dsaxton/orgs', 'repos_url': 'https://api.github.com/users/dsaxton/repos', 'events_url': 'https://api.github.com/users/dsaxton/events{/privacy}', 'received_events_url': 'https://api.github.com/users/dsaxton/received_events', 'type': 'User', 'user_view_type': 'public', 'site_admin': False, 'contributions': 155}",False,,,1
languages_url,languages_url,str,https://api.github.com/repos/pandas-dev/pandas/languages,True,,,0
languages_url.__api_fetch__,__api_fetch__,dict,https://api.github.com/repos/pandas-dev/pandas/languages,True,success,,0
languages_url.__api__.Python,Python,int,22299478,False,,,1
languages_url.__api__.Cython,Cython,int,1527931,False,,,1
languages_url.__api__.C,C,int,353600,False,,,1
languages_url.__api__.HTML,HTML,int,285657,False,,,1
languages_url.__api__.Meson,Meson,int,13824,False,,,1
languages_url.__api__.CSS,CSS,int,9371,False,,,1
languages_url.__api__.Go Template,Go Template,int,8725,False,,,1
languages_url.__api__.Shell,Shell,int,2561,False,,,1
languages_url.__api__.XSLT,XSLT,int,1196,False,,,1
languages_url.__api__.C++,C++,int,717,False,,,1
languages_url.__api__.Smarty,Smarty,int,127,False,,,1
tags_url,tags_url,str,https://api.github.com/repos/pandas-dev/pandas/tags,True,,,0
tags_url.__api_fetch__,__api_fetch__,list,https://api.github.com/repos/pandas-dev/pandas/tags,True,success,,0
tags_url.__api__[0],[0],dict,"{'name': 'v3.1.0.dev0', 'zipball_url': 'https://api.github.com/repos/pandas-dev/pandas/zipball/refs/tags/v3.1.0.dev0', 'tarball_url': 'https://api.github.com/repos/pandas-dev/pandas/tarball/refs/tags/v3.1.0.dev0', 'commit': {'sha': '1797ba54796ec1dc726cb6dd5039c238caec30a2', 'url': 'https://api.github.com/repos/pandas-dev/pandas/commits/1797ba54796ec1dc726cb6dd5039c238caec30a2'}, 'node_id': 'MDM6UmVmODU4MTI3OnJlZnMvdGFncy92My4xLjAuZGV2MA=='}",False,,,1
tags_url.__api__[1],[1],dict,"{'name': 'v3.0.2', 'zipball_url': 'https://api.github.com/repos/pandas-dev/pandas/zipball/refs/tags/v3.0.2', 'tarball_url': 'https://api.github.com/repos/pandas-dev/pandas/tarball/refs/tags/v3.0.2', 'commit': {'sha': 'ab90747e3dae0e69b1bdbf083820b8075689b34b', 'url': 'https://api.github.com/repos/pandas-dev/pandas/commits/ab90747e3dae0e69b1bdbf083820b8075689b34b'}, 'node_id': 'MDM6UmVmODU4MTI3OnJlZnMvdGFncy92My4wLjI='}",False,,,1
tags_url.__api__[2],[2],dict,"{'name': 'v3.0.1', 'zipball_url': 'https://api.github.com/repos/pandas-dev/pandas/zipball/refs/tags/v3.0.1', 'tarball_url': 'https://api.github.com/repos/pandas-dev/pandas/tarball/refs/tags/v3.0.1', 'commit': {'sha': 'e04b26f375035e5106cb913e47b6db612f4ebb11', 'url': 'https://api.github.com/repos/pandas-dev/pandas/commits/e04b26f375035e5106cb913e47b6db612f4ebb11'}, 'node_id': 'MDM6UmVmODU4MTI3OnJlZnMvdGFncy92My4wLjE='}",False,,,1
tags_url.__api__[3],[3],dict,"{'name': 'v3.0.0', 'zipball_url': 'https://api.github.com/repos/pandas-dev/pandas/zipball/refs/tags/v3.0.0', 'tarball_url': 'https://api.github.com/repos/pandas-dev/pandas/tarball/refs/tags/v3.0.0', 'commit': {'sha': '366ccdfcd8ed1e5543bfb6d4ee0c9bc519898670', 'url': 'https://api.github.com/repos/pandas-dev/pandas/commits/366ccdfcd8ed1e5543bfb6d4ee0c9bc519898670'}, 'node_id': 'MDM6UmVmODU4MTI3OnJlZnMvdGFncy92My4wLjA='}",False,,,1
tags_url.__api__[4],[4],dict,"{'name': 'v3.0.0rc2', 'zipball_url': 'https://api.github.com/repos/pandas-dev/pandas/zipball/refs/tags/v3.0.0rc2', 'tarball_url': 'https://api.github.com/repos/pandas-dev/pandas/tarball/refs/tags/v3.0.0rc2', 'commit': {'sha': 'bb69be8a6c6af980f6dc89d641515502c41880a4', 'url': 'https://api.github.com/repos/pandas-dev/pandas/commits/bb69be8a6c6af980f6dc89d641515502c41880a4'}, 'node_id': 'MDM6UmVmODU4MTI3OnJlZnMvdGFncy92My4wLjByYzI='}",False,,,1
tags_url.__api__[5],[5],dict,"{'name': 'v3.0.0rc1', 'zipball_url': 'https://api.github.com/repos/pandas-dev/pandas/zipball/refs/tags/v3.0.0rc1', 'tarball_url': 'https://api.github.com/repos/pandas-dev/pandas/tarball/refs/tags/v3.0.0rc1', 'commit': {'sha': '72427599b673c58e91c4e96a610fe753e3edc550', 'url': 'https://api.github.com/repos/pandas-dev/pandas/commits/72427599b673c58e91c4e96a610fe753e3edc550'}, 'node_id': 'MDM6UmVmODU4MTI3OnJlZnMvdGFncy92My4wLjByYzE='}",False,,,1
tags_url.__api__[6],[6],dict,"{'name': 'v3.0.0rc0', 'zipball_url': 'https://api.github.com/repos/pandas-dev/pandas/zipball/refs/tags/v3.0.0rc0', 'tarball_url': 'https://api.github.com/repos/pandas-dev/pandas/tarball/refs/tags/v3.0.0rc0', 'commit': {'sha': '1a3230dc5be4c87b8356765ea3b6568d37cb82fd', 'url': 'https://api.github.com/repos/pandas-dev/pandas/commits/1a3230dc5be4c87b8356765ea3b6568d37cb82fd'}, 'node_id': 'MDM6UmVmODU4MTI3OnJlZnMvdGFncy92My4wLjByYzA='}",False,,,1
tags_url.__api__[7],[7],dict,"{'name': 'v3.0.0.dev0', 'zipball_url': 'https://api.github.com/repos/pandas-dev/pandas/zipball/refs/tags/v3.0.0.dev0', 'tarball_url': 'https://api.github.com/repos/pandas-dev/pandas/tarball/refs/tags/v3.0.0.dev0', 'commit': {'sha': 'dc37a6d035474c25932d805cfe50a47b04916a83', 'url': 'https://api.github.com/repos/pandas-dev/pandas/commits/dc37a6d035474c25932d805cfe50a47b04916a83'}, 'node_id': 'MDM6UmVmODU4MTI3OnJlZnMvdGFncy92My4wLjAuZGV2MA=='}",False,,,1
tags_url.__api__[8],[8],dict,"{'name': 'v2.3.3', 'zipball_url': 'https://api.github.com/repos/pandas-dev/pandas/zipball/refs/tags/v2.3.3', 'tarball_url': 'https://api.github.com/repos/pandas-dev/pandas/tarball/refs/tags/v2.3.3', 'commit': {'sha': '9c8bc3e55188c8aff37207a74f1dd144980b8874', 'url': 'https://api.github.com/repos/pandas-dev/pandas/commits/9c8bc3e55188c8aff37207a74f1dd144980b8874'}, 'node_id': 'MDM6UmVmODU4MTI3OnJlZnMvdGFncy92Mi4zLjM='}",False,,,1
tags_url.__api__[9],[9],dict,"{'name': 'v2.3.2', 'zipball_url': 'https://api.github.com/repos/pandas-dev/pandas/zipball/refs/tags/v2.3.2', 'tarball_url': 'https://api.github.com/repos/pandas-dev/pandas/tarball/refs/tags/v2.3.2', 'commit': {'sha': '4665c10899bc413b639194f6fb8665a5c70f7db5', 'url': 'https://api.github.com/repos/pandas-dev/pandas/commits/4665c10899bc413b639194f6fb8665a5c70f7db5'}, 'node_id': 'MDM6UmVmODU4MTI3OnJlZnMvdGFncy92Mi4zLjI='}",False,,,1
tags_url.__api__[10],[10],dict,"{'name': 'v2.3.1', 'zipball_url': 'https://api.github.com/repos/pandas-dev/pandas/zipball/refs/tags/v2.3.1', 'tarball_url': 'https://api.github.com/repos/pandas-dev/pandas/tarball/refs/tags/v2.3.1', 'commit': {'sha': 'c888af6d0bb674932007623c0867e1fbd4bdc2c6', 'url': 'https://api.github.com/repos/pandas-dev/pandas/commits/c888af6d0bb674932007623c0867e1fbd4bdc2c6'}, 'node_id': 'MDM6UmVmODU4MTI3OnJlZnMvdGFncy92Mi4zLjE='}",False,,,1
tags_url.__api__[11],[11],dict,"{'name': 'v2.3.0', 'zipball_url': 'https://api.github.com/repos/pandas-dev/pandas/zipball/refs/tags/v2.3.0', 'tarball_url': 'https://api.github.com/repos/pandas-dev/pandas/tarball/refs/tags/v2.3.0', 'commit': {'sha': '2cc37625532045f4ac55b27176454bbbc9baf213', 'url': 'https://api.github.com/repos/pandas-dev/pandas/commits/2cc37625532045f4ac55b27176454bbbc9baf213'}, 'node_id': 'MDM6UmVmODU4MTI3OnJlZnMvdGFncy92Mi4zLjA='}",False,,,1
tags_url.__api__[12],[12],dict,"{'name': 'v2.3.0.dev0', 'zipball_url': 'https://api.github.com/repos/pandas-dev/pandas/zipball/refs/tags/v2.3.0.dev0', 'tarball_url': 'https://api.github.com/repos/pandas-dev/pandas/tarball/refs/tags/v2.3.0.dev0', 'commit': {'sha': '0eb547b650d8eaa2b994fd7164e10121efb17b26', 'url': 'https://api.github.com/repos/pandas-dev/pandas/commits/0eb547b650d8eaa2b994fd7164e10121efb17b26'}, 'node_id': 'MDM6UmVmODU4MTI3OnJlZnMvdGFncy92Mi4zLjAuZGV2MA=='}",False,,,1
tags_url.__api__[13],[13],dict,"{'name': 'v2.2.3', 'zipball_url': 'https://api.github.com/repos/pandas-dev/pandas/zipball/refs/tags/v2.2.3', 'tarball_url': 'https://api.github.com/repos/pandas-dev/pandas/tarball/refs/tags/v2.2.3', 'commit': {'sha': '0691c5cf90477d3503834d983f69350f250a6ff7', 'url': 'https://api.github.com/repos/pandas-dev/pandas/commits/0691c5cf90477d3503834d983f69350f250a6ff7'}, 'node_id': 'MDM6UmVmODU4MTI3OnJlZnMvdGFncy92Mi4yLjM='}",False,,,1
tags_url.__api__[14],[14],dict,"{'name': 'v2.2.2', 'zipball_url': 'https://api.github.com/repos/pandas-dev/pandas/zipball/refs/tags/v2.2.2', 'tarball_url': 'https://api.github.com/repos/pandas-dev/pandas/tarball/refs/tags/v2.2.2', 'commit': {'sha': 'd9cdd2ee5a58015ef6f4d15c7226110c9aab8140', 'url': 'https://api.github.com/repos/pandas-dev/pandas/commits/d9cdd2ee5a58015ef6f4d15c7226110c9aab8140'}, 'node_id': 'MDM6UmVmODU4MTI3OnJlZnMvdGFncy92Mi4yLjI='}",False,,,1
tags_url.__api__[15],[15],dict,"{'name': 'v2.2.1', 'zipball_url': 'https://api.github.com/repos/pandas-dev/pandas/zipball/refs/tags/v2.2.1', 'tarball_url': 'https://api.github.com/repos/pandas-dev/pandas/tarball/refs/tags/v2.2.1', 'commit': {'sha': 'bdc79c146c2e32f2cab629be240f01658cfb6cc2', 'url': 'https://api.github.com/repos/pandas-dev/pandas/commits/bdc79c146c2e32f2cab629be240f01658cfb6cc2'}, 'node_id': 'MDM6UmVmODU4MTI3OnJlZnMvdGFncy92Mi4yLjE='}",False,,,1
tags_url.__api__[16],[16],dict,"{'name': 'v2.2.0', 'zipball_url': 'https://api.github.com/repos/pandas-dev/pandas/zipball/refs/tags/v2.2.0', 'tarball_url': 'https://api.github.com/repos/pandas-dev/pandas/tarball/refs/tags/v2.2.0', 'commit': {'sha': 'f538741432edf55c6b9fb5d0d496d2dd1d7c2457', 'url': 'https://api.github.com/repos/pandas-dev/pandas/commits/f538741432edf55c6b9fb5d0d496d2dd1d7c2457'}, 'node_id': 'MDM6UmVmODU4MTI3OnJlZnMvdGFncy92Mi4yLjA='}",False,,,1
tags_url.__api__[17],[17],dict,"{'name': 'v2.2.0rc0', 'zipball_url': 'https://api.github.com/repos/pandas-dev/pandas/zipball/refs/tags/v2.2.0rc0', 'tarball_url': 'https://api.github.com/repos/pandas-dev/pandas/tarball/refs/tags/v2.2.0rc0', 'commit': {'sha': 'd4c8d82b52045f49a0bb1d762968918a06886ae9', 'url': 'https://api.github.com/repos/pandas-dev/pandas/commits/d4c8d82b52045f49a0bb1d762968918a06886ae9'}, 'node_id': 'MDM6UmVmODU4MTI3OnJlZnMvdGFncy92Mi4yLjByYzA='}",False,,,1
tags_url.__api__[18],[18],dict,"{'name': 'v2.2.0dev0', 'zipball_url': 'https://api.github.com/repos/pandas-dev/pandas/zipball/refs/tags/v2.2.0dev0', 'tarball_url': 'https://api.github.com/repos/pandas-dev/pandas/tarball/refs/tags/v2.2.0dev0', 'commit': {'sha': '49ca01ba9023b677f2b2d1c42e99f45595258b74', 'url': 'https://api.github.com/repos/pandas-dev/pandas/commits/49ca01ba9023b677f2b2d1c42e99f45595258b74'}, 'node_id': 'MDM6UmVmODU4MTI3OnJlZnMvdGFncy92Mi4yLjBkZXYw'}",False,,,1
tags_url.__api__[19],[19],dict,"{'name': 'v2.2.0.dev0', 'zipball_url': 'https://api.github.com/repos/pandas-dev/pandas/zipball/refs/tags/v2.2.0.dev0', 'tarball_url': 'https://api.github.com/repos/pandas-dev/pandas/tarball/refs/tags/v2.2.0.dev0', 'commit': {'sha': '49ca01ba9023b677f2b2d1c42e99f45595258b74', 'url': 'https://api.github.com/repos/pandas-dev/pandas/commits/49ca01ba9023b677f2b2d1c42e99f45595258b74'}, 'node_id': 'MDM6UmVmODU4MTI3OnJlZnMvdGFncy92Mi4yLjAuZGV2MA=='}",False,,,1
tags_url.__api__[20],[20],dict,"{'name': 'v2.1.4', 'zipball_url': 'https://api.github.com/repos/pandas-dev/pandas/zipball/refs/tags/v2.1.4', 'tarball_url': 'https://api.github.com/repos/pandas-dev/pandas/tarball/refs/tags/v2.1.4', 'commit': {'sha': 'a671b5a8bf5dd13fb19f0e88edc679bc9e15c673', 'url': 'https://api.github.com/repos/pandas-dev/pandas/commits/a671b5a8bf5dd13fb19f0e88edc679bc9e15c673'}, 'node_id': 'MDM6UmVmODU4MTI3OnJlZnMvdGFncy92Mi4xLjQ='}",False,,,1
tags_url.__api__[21],[21],dict,"{'name': 'v2.1.3', 'zipball_url': 'https://api.github.com/repos/pandas-dev/pandas/zipball/refs/tags/v2.1.3', 'tarball_url': 'https://api.github.com/repos/pandas-dev/pandas/tarball/refs/tags/v2.1.3', 'commit': {'sha': '2a953cf80b77e4348bf50ed724f8abc0d814d9dd', 'url': 'https://api.github.com/repos/pandas-dev/pandas/commits/2a953cf80b77e4348bf50ed724f8abc0d814d9dd'}, 'node_id': 'MDM6UmVmODU4MTI3OnJlZnMvdGFncy92Mi4xLjM='}",False,,,1
tags_url.__api__[22],[22],dict,"{'name': 'v2.1.2', 'zipball_url': 'https://api.github.com/repos/pandas-dev/pandas/zipball/refs/tags/v2.1.2', 'tarball_url': 'https://api.github.com/repos/pandas-dev/pandas/tarball/refs/tags/v2.1.2', 'commit': {'sha': 'a60ad39b4a9febdea9a59d602dad44b1538b0ea5', 'url': 'https://api.github.com/repos/pandas-dev/pandas/commits/a60ad39b4a9febdea9a59d602dad44b1538b0ea5'}, 'node_id': 'MDM6UmVmODU4MTI3OnJlZnMvdGFncy92Mi4xLjI='}",False,,,1
tags_url.__api__[23],[23],dict,"{'name': 'v2.1.1', 'zipball_url': 'https://api.github.com/repos/pandas-dev/pandas/zipball/refs/tags/v2.1.1', 'tarball_url': 'https://api.github.com/repos/pandas-dev/pandas/tarball/refs/tags/v2.1.1', 'commit': {'sha': 'e86ed377639948c64c429059127bcf5b359ab6be', 'url': 'https://api.github.com/repos/pandas-dev/pandas/commits/e86ed377639948c64c429059127bcf5b359ab6be'}, 'node_id': 'MDM6UmVmODU4MTI3OnJlZnMvdGFncy92Mi4xLjE='}",False,,,1
tags_url.__api__[24],[24],dict,"{'name': 'v2.1.0', 'zipball_url': 'https://api.github.com/repos/pandas-dev/pandas/zipball/refs/tags/v2.1.0', 'tarball_url': 'https://api.github.com/repos/pandas-dev/pandas/tarball/refs/tags/v2.1.0', 'commit': {'sha': 'ba1cccd19da778f0c3a7d6a885685da16a072870', 'url': 'https://api.github.com/repos/pandas-dev/pandas/commits/ba1cccd19da778f0c3a7d6a885685da16a072870'}, 'node_id': 'MDM6UmVmODU4MTI3OnJlZnMvdGFncy92Mi4xLjA='}",False,,,1
tags_url.__api__[25],[25],dict,"{'name': 'v2.1.0rc0', 'zipball_url': 'https://api.github.com/repos/pandas-dev/pandas/zipball/refs/tags/v2.1.0rc0', 'tarball_url': 'https://api.github.com/repos/pandas-dev/pandas/tarball/refs/tags/v2.1.0rc0', 'commit': {'sha': '1b2d39cbfc3db9520e0f5455a4eb3da0f569fa0f', 'url': 'https://api.github.com/repos/pandas-dev/pandas/commits/1b2d39cbfc3db9520e0f5455a4eb3da0f569fa0f'}, 'node_id': 'MDM6UmVmODU4MTI3OnJlZnMvdGFncy92Mi4xLjByYzA='}",False,,,1
tags_url.__api__[26],[26],dict,"{'name': 'v2.1.0.dev0', 'zipball_url': 'https://api.github.com/repos/pandas-dev/pandas/zipball/refs/tags/v2.1.0.dev0', 'tarball_url': 'https://api.github.com/repos/pandas-dev/pandas/tarball/refs/tags/v2.1.0.dev0', 'commit': {'sha': '09c6351374ca45ab621f448d0d7d160f0becbd76', 'url': 'https://api.github.com/repos/pandas-dev/pandas/commits/09c6351374ca45ab621f448d0d7d160f0becbd76'}, 'node_id': 'MDM6UmVmODU4MTI3OnJlZnMvdGFncy92Mi4xLjAuZGV2MA=='}",False,,,1
tags_url.__api__[27],[27],dict,"{'name': 'v2.0.3', 'zipball_url': 'https://api.github.com/repos/pandas-dev/pandas/zipball/refs/tags/v2.0.3', 'tarball_url': 'https://api.github.com/repos/pandas-dev/pandas/tarball/refs/tags/v2.0.3', 'commit': {'sha': '0f437949513225922d851e9581723d82120684a6', 'url': 'https://api.github.com/repos/pandas-dev/pandas/commits/0f437949513225922d851e9581723d82120684a6'}, 'node_id': 'MDM6UmVmODU4MTI3OnJlZnMvdGFncy92Mi4wLjM='}",False,,,1
tags_url.__api__[28],[28],dict,"{'name': 'v2.0.2', 'zipball_url': 'https://api.github.com/repos/pandas-dev/pandas/zipball/refs/tags/v2.0.2', 'tarball_url': 'https://api.github.com/repos/pandas-dev/pandas/tarball/refs/tags/v2.0.2', 'commit': {'sha': '965ceca9fd796940050d6fc817707bba1c4f9bff', 'url': 'https://api.github.com/repos/pandas-dev/pandas/commits/965ceca9fd796940050d6fc817707bba1c4f9bff'}, 'node_id': 'MDM6UmVmODU4MTI3OnJlZnMvdGFncy92Mi4wLjI='}",False,,,1
tags_url.__api__[29],[29],dict,"{'name': 'v2.0.1', 'zipball_url': 'https://api.github.com/repos/pandas-dev/pandas/zipball/refs/tags/v2.0.1', 'tarball_url': 'https://api.github.com/repos/pandas-dev/pandas/tarball/refs/tags/v2.0.1', 'commit': {'sha': '37ea63d540fd27274cad6585082c91b1283f963d', 'url': 'https://api.github.com/repos/pandas-dev/pandas/commits/37ea63d540fd27274cad6585082c91b1283f963d'}, 'node_id': 'MDM6UmVmODU4MTI3OnJlZnMvdGFncy92Mi4wLjE='}",False,,,1
events_url,events_url,str,https://api.github.com/repos/pandas-dev/pandas/events,True,,,0
events_url.__api_fetch__,__api_fetch__,list,https://api.github.com/repos/pandas-dev/pandas/events,True,success,,0
events_url.__api__[0],[0],dict,"{'id': '8866426275', 'type': 'IssueCommentEvent', 'actor': {'id': 146259639, 'login': 'Scolliq', 'display_login': 'Scolliq', 'gravatar_id': '', 'url': 'https://api.github.com/users/Scolliq', 'avatar_url': 'https://avatars.githubusercontent.com/u/146259639?'}, 'repo': {'id': 858127, 'name': 'pandas-dev/pandas', 'url': 'https://api.github.com/repos/pandas-dev/pandas'}, 'payload': {'action': 'created', 'issue': {'url': 'https://api.github.com/repos/pandas-dev/pandas/issues/65370', 'repository_url': 'https://api.github.com/repos/pandas-dev/pandas', 'labels_url': 'https://api.github.com/repos/pandas-dev/pandas/issues/65370/labels{/name}', 'comments_url': 'https://api.github.com/repos/pandas-dev/pandas/issues/65370/comments', 'events_url': 'https://api.github.com/repos/pandas-dev/pandas/issues/65370/events', 'html_url': 'https://github.com/pandas-dev/pandas/pull/65370', 'id': 4330743595, 'node_id': 'PR_kwDOAA0YD87Vtr7o', 'number': 65370, 'title': 'BUG: str.replace hangs indefinitely on empty pattern with PyArrow backend', 'user': {'login': 'Scolliq', 'id': 146259639, 'node_id': 'U_kgDOCLe-tw', 'avatar_url': 'https://avatars.githubusercontent.com/u/146259639?v=4', 'gravatar_id': '', 'url': 'https://api.github.com/users/Scolliq', 'html_url': 'https://github.com/Scolliq', 'followers_url': 'https://api.github.com/users/Scolliq/followers', 'following_url': 'https://api.github.com/users/Scolliq/following{/other_user}', 'gists_url': 'https://api.github.com/users/Scolliq/gists{/gist_id}', 'starred_url': 'https://api.github.com/users/Scolliq/starred{/owner}{/repo}', 'subscriptions_url': 'https://api.github.com/users/Scolliq/subscriptions', 'organizations_url': 'https://api.github.com/users/Scolliq/orgs', 'repos_url': 'https://api.github.com/users/Scolliq/repos', 'events_url': 'https://api.github.com/users/Scolliq/events{/privacy}', 'received_events_url': 'https://api.github.com/users/Scolliq/received_events', 'type': 'User', 'user_view_type': 'public', 'site_admin': False}, 'labels': [], 'state': 'open', 'locked': False, 'assignees': [], 'milestone': None, 'comments': 2, 'created_at': '2026-04-26T11:31:52Z', 'updated_at': '2026-04-28T10:38:00Z', 'closed_at': None, 'assignee': None, 'type': None, 'active_lock_reason': None, 'draft': False, 'pull_request': {'url': 'https://api.github.com/repos/pandas-dev/pandas/pulls/65370', 'html_url': 'https://github.com/pandas-dev/pandas/pull/65370', 'diff_url': 'https://github.com/pandas-dev/pandas/pull/65370.diff', 'patch_url': 'https://github.com/pandas-dev/pandas/pull/65370.patch', 'merged_at': None}, 'body': '- [x] closes #64941\n- [x] Tests added and passed if fixing a bug or adding a new feature\n- [ ] All code checks passed.\n- [ ] Added type annotations to new arguments/methods/functions.\n- [x] Added an entry in the latest `doc/source/whatsnew/v3.1.0.rst` file if fixing a bug or adding a new feature.\n- [x] I have reviewed and followed all the contribution guidelines\n- [x] If I used AI to develop this pull request, I prompted it to follow `AGENTS.md`.\n\n## Problem\n\n`Series.str.replace("""", ...)` with a PyArrow-backed Series hangs indefinitely, catching kill signals, making the process unresponsive. The hang also reproduces in CI (e.g. skrub-data/skrub#1772).\n\nRoot cause: PyArrow\'s `replace_substring` / `replace_substring_regex` enters an infinite loop when given an empty pattern (apache/arrow#39149). After substituting at position 0, the loop advances by `len("""") = 0` and never moves forward.\n\nA previous fix (GH#56404, GH#56406) guarded against negative `max_replacements`, but empty patterns were not addressed.\n\n## Fix\n\nIn `_arrow_string_mixins._str_replace`, detect `pat == """"` before calling into PyArrow and fall back to element-wise Python processing, which replicates Python\'s own semantics:\n\n```python\n""abcd"".replace("""", """")   # -> ""abcd""        (no-op)\n""abcd"".replace("""", ""X"")  # -> ""XaXbXcXdX""  (insert at every position)\n```\n\nBoth `regex=True` (via `re.sub`) and `regex=False` (via `str.replace`) paths are handled. `None` / `NA` values are preserved.\n\n## AI disclosure\n\nI used Claude Code (claude-sonnet-4-6) to locate the hang site and draft the fix. I reviewed the logic — checking that `re.sub("""", ...)` and `str.replace("""", ...)` produce identical output for the empty-pattern case, and that the `n` / `count` semantics map correctly — before committing.', 'reactions': {'url': 'https://api.github.com/repos/pandas-dev/pandas/issues/65370/reactions', 'total_count': 0, '+1': 0, '-1': 0, 'laugh': 0, 'hooray': 0, 'confused': 0, 'heart': 0, 'rocket': 0, 'eyes': 0}, 'timeline_url': 'https://api.github.com/repos/pandas-dev/pandas/issues/65370/timeline', 'performed_via_github_app': None, 'state_reason': None}, 'comment': {'url': 'https://api.github.com/repos/pandas-dev/pandas/issues/comments/4334452352', 'html_url': 'https://github.com/pandas-dev/pandas/pull/65370#issuecomment-4334452352', 'issue_url': 'https://api.github.com/repos/pandas-dev/pandas/issues/65370', 'id': 4334452352, 'node_id': 'IC_kwDOAA0YD88AAAABAlp-gA', 'user': {'login': 'Scolliq', 'id': 146259639, 'node_id': 'U_kgDOCLe-tw', 'avatar_url': 'https://avatars.githubusercontent.com/u/146259639?v=4', 'gravatar_id': '', 'url': 'https://api.github.com/users/Scolliq', 'html_url': 'https://github.com/Scolliq', 'followers_url': 'https://api.github.com/users/Scolliq/followers', 'following_url': 'https://api.github.com/users/Scolliq/following{/other_user}', 'gists_url': 'https://api.github.com/users/Scolliq/gists{/gist_id}', 'starred_url': 'https://api.github.com/users/Scolliq/starred{/owner}{/repo}', 'subscriptions_url': 'https://api.github.com/users/Scolliq/subscriptions', 'organizations_url': 'https://api.github.com/users/Scolliq/orgs', 'repos_url': 'https://api.github.com/users/Scolliq/repos', 'events_url': 'https://api.github.com/users/Scolliq/events{/privacy}', 'received_events_url': 'https://api.github.com/users/Scolliq/received_events', 'type': 'User', 'user_view_type': 'public', 'site_admin': False}, 'created_at': '2026-04-28T10:38:00Z', 'updated_at': '2026-04-28T10:38:00Z', 'body': 'the main difference is where the fix lives — the other PRs patch `ArrowStringArray._str_replace` in `string_arrow.py`, which only covers `string[pyarrow]`. this one fixes it in `_arrow_string_mixins._str_replace`, so it also catches `ArrowDtype`-backed series (e.g. `pd.Series(..., dtype=pd.ArrowDtype(pa.large_utf8()))`).\n\n`ArrowExtensionArray` (used for `ArrowDtype`) inherits directly from `ArrowStringArrayMixin` without overriding `_str_replace`, so with #65135 applied, `pd.Series([""abcd""], dtype=pd.ArrowDtype(pa.large_utf8())).str.replace("""", ""X"")` would still hang. this covers that case too.', 'reactions': {'url': 'https://api.github.com/repos/pandas-dev/pandas/issues/comments/4334452352/reactions', 'total_count': 0, '+1': 0, '-1': 0, 'laugh': 0, 'hooray': 0, 'confused': 0, 'heart': 0, 'rocket': 0, 'eyes': 0}, 'performed_via_github_app': None}}, 'public': True, 'created_at': '2026-04-28T10:38:00Z', 'org': {'id': 21206976, 'login': 'pandas-dev', 'gravatar_id': '', 'url': 'https://api.github.com/orgs/pandas-dev', 'avatar_url': 'https://avatars.githubusercontent.com/u/21206976?'}}",False,,,1
events_url.__api__[1],[1],dict,"{'id': '8866406007', 'type': 'WatchEvent', 'actor': {'id': 96526342, 'login': 'CayqueSiqueira', 'display_login': 'CayqueSiqueira', 'gravatar_id': '', 'url': 'https://api.github.com/users/CayqueSiqueira', 'avatar_url': 'https://avatars.githubusercontent.com/u/96526342?'}, 'repo': {'id': 858127, 'name': 'pandas-dev/pandas', 'url': 'https://api.github.com/repos/pandas-dev/pandas'}, 'payload': {'action': 'started'}, 'public': True, 'created_at': '2026-04-28T10:37:26Z', 'org': {'id': 21206976, 'login': 'pandas-dev', 'gravatar_id': '', 'url': 'https://api.github.com/orgs/pandas-dev', 'avatar_url': 'https://avatars.githubusercontent.com/u/21206976?'}}",False,,,1
events_url.__api__[2],[2],dict,"{'id': '8866199896', 'type': 'ForkEvent', 'actor': {'id': 279978760, 'login': 'tnaseem-gitty', 'display_login': 'tnaseem-gitty', 'gravatar_id': '', 'url': 'https://api.github.com/users/tnaseem-gitty', 'avatar_url': 'https://avatars.githubusercontent.com/u/279978760?'}, 'repo': {'id': 858127, 'name': 'pandas-dev/pandas', 'url': 'https://api.github.com/repos/pandas-dev/pandas'}, 'payload': {'action': 'forked', 'forkee': {'id': 1223446403, 'node_id': 'R_kgDOSOxPgw', 'name': 'pandas', 'full_name': 'tnaseem-gitty/pandas', 'private': False, 'owner': {'login': 'tnaseem-gitty', 'id': 279978760, 'node_id': 'U_kgDOELAjCA', 'avatar_url': 'https://avatars.githubusercontent.com/u/279978760?v=4', 'gravatar_id': '', 'url': 'https://api.github.com/users/tnaseem-gitty', 'html_url': 'https://github.com/tnaseem-gitty', 'followers_url': 'https://api.github.com/users/tnaseem-gitty/followers', 'following_url': 'https://api.github.com/users/tnaseem-gitty/following{/other_user}', 'gists_url': 'https://api.github.com/users/tnaseem-gitty/gists{/gist_id}', 'starred_url': 'https://api.github.com/users/tnaseem-gitty/starred{/owner}{/repo}', 'subscriptions_url': 'https://api.github.com/users/tnaseem-gitty/subscriptions', 'organizations_url': 'https://api.github.com/users/tnaseem-gitty/orgs', 'repos_url': 'https://api.github.com/users/tnaseem-gitty/repos', 'events_url': 'https://api.github.com/users/tnaseem-gitty/events{/privacy}', 'received_events_url': 'https://api.github.com/users/tnaseem-gitty/received_events', 'type': 'User', 'user_view_type': 'public', 'site_admin': False}, 'html_url': 'https://github.com/tnaseem-gitty/pandas', 'description': 'Flexible and powerful data analysis / manipulation library for Python, providing labeled data structures similar to R data.frame objects, statistical functions, and much more', 'fork': True, 'url': 'https://api.github.com/repos/tnaseem-gitty/pandas', 'forks_url': 'https://api.github.com/repos/tnaseem-gitty/pandas/forks', 'keys_url': 'https://api.github.com/repos/tnaseem-gitty/pandas/keys{/key_id}', 'collaborators_url': 'https://api.github.com/repos/tnaseem-gitty/pandas/collaborators{/collaborator}', 'teams_url': 'https://api.github.com/repos/tnaseem-gitty/pandas/teams', 'hooks_url': 'https://api.github.com/repos/tnaseem-gitty/pandas/hooks', 'issue_events_url': 'https://api.github.com/repos/tnaseem-gitty/pandas/issues/events{/number}', 'events_url': 'https://api.github.com/repos/tnaseem-gitty/pandas/events', 'assignees_url': 'https://api.github.com/repos/tnaseem-gitty/pandas/assignees{/user}', 'branches_url': 'https://api.github.com/repos/tnaseem-gitty/pandas/branches{/branch}', 'tags_url': 'https://api.github.com/repos/tnaseem-gitty/pandas/tags', 'blobs_url': 'https://api.github.com/repos/tnaseem-gitty/pandas/git/blobs{/sha}', 'git_tags_url': 'https://api.github.com/repos/tnaseem-gitty/pandas/git/tags{/sha}', 'git_refs_url': 'https://api.github.com/repos/tnaseem-gitty/pandas/git/refs{/sha}', 'trees_url': 'https://api.github.com/repos/tnaseem-gitty/pandas/git/trees{/sha}', 'statuses_url': 'https://api.github.com/repos/tnaseem-gitty/pandas/statuses/{sha}', 'languages_url': 'https://api.github.com/repos/tnaseem-gitty/pandas/languages', 'stargazers_url': 'https://api.github.com/repos/tnaseem-gitty/pandas/stargazers', 'contributors_url': 'https://api.github.com/repos/tnaseem-gitty/pandas/contributors', 'subscribers_url': 'https://api.github.com/repos/tnaseem-gitty/pandas/subscribers', 'subscription_url': 'https://api.github.com/repos/tnaseem-gitty/pandas/subscription', 'commits_url': 'https://api.github.com/repos/tnaseem-gitty/pandas/commits{/sha}', 'git_commits_url': 'https://api.github.com/repos/tnaseem-gitty/pandas/git/commits{/sha}', 'comments_url': 'https://api.github.com/repos/tnaseem-gitty/pandas/comments{/number}', 'issue_comment_url': 'https://api.github.com/repos/tnaseem-gitty/pandas/issues/comments{/number}', 'contents_url': 'https://api.github.com/repos/tnaseem-gitty/pandas/contents/{+path}', 'compare_url': 'https://api.github.com/repos/tnaseem-gitty/pandas/compare/{base}...{head}', 'merges_url': 'https://api.github.com/repos/tnaseem-gitty/pandas/merges', 'archive_url': 'https://api.github.com/repos/tnaseem-gitty/pandas/{archive_format}{/ref}', 'downloads_url': 'https://api.github.com/repos/tnaseem-gitty/pandas/downloads', 'issues_url': 'https://api.github.com/repos/tnaseem-gitty/pandas/issues{/number}', 'pulls_url': 'https://api.github.com/repos/tnaseem-gitty/pandas/pulls{/number}', 'milestones_url': 'https://api.github.com/repos/tnaseem-gitty/pandas/milestones{/number}', 'notifications_url': 'https://api.github.com/repos/tnaseem-gitty/pandas/notifications{?since,all,participating}', 'labels_url': 'https://api.github.com/repos/tnaseem-gitty/pandas/labels{/name}', 'releases_url': 'https://api.github.com/repos/tnaseem-gitty/pandas/releases{/id}', 'deployments_url': 'https://api.github.com/repos/tnaseem-gitty/pandas/deployments', 'created_at': '2026-04-28T10:31:25Z', 'updated_at': '2026-04-28T10:31:26Z', 'pushed_at': '2026-04-28T02:35:44Z', 'git_url': 'git://github.com/tnaseem-gitty/pandas.git', 'ssh_url': 'git@github.com:tnaseem-gitty/pandas.git', 'clone_url': 'https://github.com/tnaseem-gitty/pandas.git', 'svn_url': 'https://github.com/tnaseem-gitty/pandas', 'homepage': 'https://pandas.pydata.org', 'size': 390274, 'stargazers_count': 0, 'watchers_count': 0, 'language': None, 'has_issues': False, 'has_projects': True, 'has_downloads': True, 'has_wiki': False, 'has_pages': False, 'has_discussions': False, 'forks_count': 0, 'mirror_url': None, 'archived': False, 'disabled': False, 'open_issues_count': 0, 'license': {'key': 'bsd-3-clause', 'name': 'BSD 3-Clause ""New"" or ""Revised"" License', 'spdx_id': 'BSD-3-Clause', 'url': 'https://api.github.com/licenses/bsd-3-clause', 'node_id': 'MDc6TGljZW5zZTU='}, 'allow_forking': True, 'is_template': False, 'web_commit_signoff_required': False, 'has_pull_requests': True, 'pull_request_creation_policy': 'all', 'topics': [], 'visibility': 'public', 'forks': 0, 'open_issues': 0, 'watchers': 0, 'default_branch': 'main'}}, 'public': True, 'created_at': '2026-04-28T10:31:25Z', 'org': {'id': 21206976, 'login': 'pandas-dev', 'gravatar_id': '', 'url': 'https://api.github.com/orgs/pandas-dev', 'avatar_url': 'https://avatars.githubusercontent.com/u/21206976?'}}",False,,,1
events_url.__api__[3],[3],dict,"{'id': '8863960644', 'type': 'ForkEvent', 'actor': {'id': 275697198, 'login': 'tayyabanjarral', 'display_login': 'tayyabanjarral', 'gravatar_id': '', 'url': 'https://api.github.com/users/tayyabanjarral', 'avatar_url': 'https://avatars.githubusercontent.com/u/275697198?'}, 'repo': {'id': 858127, 'name': 'pandas-dev/pandas', 'url': 'https://api.github.com/repos/pandas-dev/pandas'}, 'payload': {'action': 'forked', 'forkee': {'id': 1223394250, 'node_id': 'R_kgDOSOuDyg', 'name': 'pandas', 'full_name': 'tayyabanjarral/pandas', 'private': False, 'owner': {'login': 'tayyabanjarral', 'id': 275697198, 'node_id': 'U_kgDOEG7OLg', 'avatar_url': 'https://avatars.githubusercontent.com/u/275697198?v=4', 'gravatar_id': '', 'url': 'https://api.github.com/users/tayyabanjarral', 'html_url': 'https://github.com/tayyabanjarral', 'followers_url': 'https://api.github.com/users/tayyabanjarral/followers', 'following_url': 'https://api.github.com/users/tayyabanjarral/following{/other_user}', 'gists_url': 'https://api.github.com/users/tayyabanjarral/gists{/gist_id}', 'starred_url': 'https://api.github.com/users/tayyabanjarral/starred{/owner}{/repo}', 'subscriptions_url': 'https://api.github.com/users/tayyabanjarral/subscriptions', 'organizations_url': 'https://api.github.com/users/tayyabanjarral/orgs', 'repos_url': 'https://api.github.com/users/tayyabanjarral/repos', 'events_url': 'https://api.github.com/users/tayyabanjarral/events{/privacy}', 'received_events_url': 'https://api.github.com/users/tayyabanjarral/received_events', 'type': 'User', 'user_view_type': 'public', 'site_admin': False}, 'html_url': 'https://github.com/tayyabanjarral/pandas', 'description': 'Flexible and powerful data analysis / manipulation library for Python, providing labeled data structures similar to R data.frame objects, statistical functions, and much more', 'fork': True, 'url': 'https://api.github.com/repos/tayyabanjarral/pandas', 'forks_url': 'https://api.github.com/repos/tayyabanjarral/pandas/forks', 'keys_url': 'https://api.github.com/repos/tayyabanjarral/pandas/keys{/key_id}', 'collaborators_url': 'https://api.github.com/repos/tayyabanjarral/pandas/collaborators{/collaborator}', 'teams_url': 'https://api.github.com/repos/tayyabanjarral/pandas/teams', 'hooks_url': 'https://api.github.com/repos/tayyabanjarral/pandas/hooks', 'issue_events_url': 'https://api.github.com/repos/tayyabanjarral/pandas/issues/events{/number}', 'events_url': 'https://api.github.com/repos/tayyabanjarral/pandas/events', 'assignees_url': 'https://api.github.com/repos/tayyabanjarral/pandas/assignees{/user}', 'branches_url': 'https://api.github.com/repos/tayyabanjarral/pandas/branches{/branch}', 'tags_url': 'https://api.github.com/repos/tayyabanjarral/pandas/tags', 'blobs_url': 'https://api.github.com/repos/tayyabanjarral/pandas/git/blobs{/sha}', 'git_tags_url': 'https://api.github.com/repos/tayyabanjarral/pandas/git/tags{/sha}', 'git_refs_url': 'https://api.github.com/repos/tayyabanjarral/pandas/git/refs{/sha}', 'trees_url': 'https://api.github.com/repos/tayyabanjarral/pandas/git/trees{/sha}', 'statuses_url': 'https://api.github.com/repos/tayyabanjarral/pandas/statuses/{sha}', 'languages_url': 'https://api.github.com/repos/tayyabanjarral/pandas/languages', 'stargazers_url': 'https://api.github.com/repos/tayyabanjarral/pandas/stargazers', 'contributors_url': 'https://api.github.com/repos/tayyabanjarral/pandas/contributors', 'subscribers_url': 'https://api.github.com/repos/tayyabanjarral/pandas/subscribers', 'subscription_url': 'https://api.github.com/repos/tayyabanjarral/pandas/subscription', 'commits_url': 'https://api.github.com/repos/tayyabanjarral/pandas/commits{/sha}', 'git_commits_url': 'https://api.github.com/repos/tayyabanjarral/pandas/git/commits{/sha}', 'comments_url': 'https://api.github.com/repos/tayyabanjarral/pandas/comments{/number}', 'issue_comment_url': 'https://api.github.com/repos/tayyabanjarral/pandas/issues/comments{/number}', 'contents_url': 'https://api.github.com/repos/tayyabanjarral/pandas/contents/{+path}', 'compare_url': 'https://api.github.com/repos/tayyabanjarral/pandas/compare/{base}...{head}', 'merges_url': 'https://api.github.com/repos/tayyabanjarral/pandas/merges', 'archive_url': 'https://api.github.com/repos/tayyabanjarral/pandas/{archive_format}{/ref}', 'downloads_url': 'https://api.github.com/repos/tayyabanjarral/pandas/downloads', 'issues_url': 'https://api.github.com/repos/tayyabanjarral/pandas/issues{/number}', 'pulls_url': 'https://api.github.com/repos/tayyabanjarral/pandas/pulls{/number}', 'milestones_url': 'https://api.github.com/repos/tayyabanjarral/pandas/milestones{/number}', 'notifications_url': 'https://api.github.com/repos/tayyabanjarral/pandas/notifications{?since,all,participating}', 'labels_url': 'https://api.github.com/repos/tayyabanjarral/pandas/labels{/name}', 'releases_url': 'https://api.github.com/repos/tayyabanjarral/pandas/releases{/id}', 'deployments_url': 'https://api.github.com/repos/tayyabanjarral/pandas/deployments', 'created_at': '2026-04-28T09:28:51Z', 'updated_at': '2026-04-28T09:28:51Z', 'pushed_at': '2026-04-28T02:35:44Z', 'git_url': 'git://github.com/tayyabanjarral/pandas.git', 'ssh_url': 'git@github.com:tayyabanjarral/pandas.git', 'clone_url': 'https://github.com/tayyabanjarral/pandas.git', 'svn_url': 'https://github.com/tayyabanjarral/pandas', 'homepage': 'https://pandas.pydata.org', 'size': 390274, 'stargazers_count': 0, 'watchers_count': 0, 'language': None, 'has_issues': False, 'has_projects': True, 'has_downloads': True, 'has_wiki': False, 'has_pages': False, 'has_discussions': False, 'forks_count': 0, 'mirror_url': None, 'archived': False, 'disabled': False, 'open_issues_count': 0, 'license': {'key': 'bsd-3-clause', 'name': 'BSD 3-Clause ""New"" or ""Revised"" License', 'spdx_id': 'BSD-3-Clause', 'url': 'https://api.github.com/licenses/bsd-3-clause', 'node_id': 'MDc6TGljZW5zZTU='}, 'allow_forking': True, 'is_template': False, 'web_commit_signoff_required': False, 'has_pull_requests': True, 'pull_request_creation_policy': 'all', 'topics': [], 'visibility': 'public', 'forks': 0, 'open_issues': 0, 'watchers': 0, 'default_branch': 'main'}}, 'public': True, 'created_at': '2026-04-28T09:28:51Z', 'org': {'id': 21206976, 'login': 'pandas-dev', 'gravatar_id': '', 'url': 'https://api.github.com/orgs/pandas-dev', 'avatar_url': 'https://avatars.githubusercontent.com/u/21206976?'}}",False,,,1
events_url.__api__[4],[4],dict,"{'id': '8863433239', 'type': 'PullRequestReviewEvent', 'actor': {'id': 1020496, 'login': 'jorisvandenbossche', 'display_login': 'jorisvandenbossche', 'gravatar_id': '', 'url': 'https://api.github.com/users/jorisvandenbossche', 'avatar_url': 'https://avatars.githubusercontent.com/u/1020496?'}, 'repo': {'id': 858127, 'name': 'pandas-dev/pandas', 'url': 'https://api.github.com/repos/pandas-dev/pandas'}, 'payload': {'review': {'id': 4187330293, 'node_id': 'PRR_kwDOAA0YD875lZb1', 'user': {'login': 'jorisvandenbossche', 'id': 1020496, 'node_id': 'MDQ6VXNlcjEwMjA0OTY=', 'avatar_url': 'https://avatars.githubusercontent.com/u/1020496?v=4', 'gravatar_id': '', 'url': 'https://api.github.com/users/jorisvandenbossche', 'html_url': 'https://github.com/jorisvandenbossche', 'followers_url': 'https://api.github.com/users/jorisvandenbossche/followers', 'following_url': 'https://api.github.com/users/jorisvandenbossche/following{/other_user}', 'gists_url': 'https://api.github.com/users/jorisvandenbossche/gists{/gist_id}', 'starred_url': 'https://api.github.com/users/jorisvandenbossche/starred{/owner}{/repo}', 'subscriptions_url': 'https://api.github.com/users/jorisvandenbossche/subscriptions', 'organizations_url': 'https://api.github.com/users/jorisvandenbossche/orgs', 'repos_url': 'https://api.github.com/users/jorisvandenbossche/repos', 'events_url': 'https://api.github.com/users/jorisvandenbossche/events{/privacy}', 'received_events_url': 'https://api.github.com/users/jorisvandenbossche/received_events', 'type': 'User', 'user_view_type': 'public', 'site_admin': False}, 'body': None, 'commit_id': '81a46beb8e57a45185ea1c09fae4d543c3dbe13c', 'state': 'commented', 'html_url': 'https://github.com/pandas-dev/pandas/pull/65134#pullrequestreview-4187330293', 'pull_request_url': 'https://api.github.com/repos/pandas-dev/pandas/pulls/65134', '_links': {'html': {'href': 'https://github.com/pandas-dev/pandas/pull/65134#pullrequestreview-4187330293'}, 'pull_request': {'href': 'https://api.github.com/repos/pandas-dev/pandas/pulls/65134'}}, 'submitted_at': '2026-04-28T09:14:53Z', 'updated_at': '2026-04-28T09:14:53Z'}, 'pull_request': {'url': 'https://api.github.com/repos/pandas-dev/pandas/pulls/65134', 'id': 3509032644, 'number': 65134, 'head': {'ref': 'pyarrow-pytz-to-zoneinfo', 'sha': 'f1563f1c922260997a6fe7fd1c8f3c57521bd02c', 'repo': {'id': 9969996, 'url': 'https://api.github.com/repos/jorisvandenbossche/pandas', 'name': 'pandas'}}, 'base': {'ref': 'main', 'sha': 'fe548a48d84a5dede6d58794455480c7efd7f8c1', 'repo': {'id': 858127, 'url': 'https://api.github.com/repos/pandas-dev/pandas', 'name': 'pandas'}}}, 'action': 'created'}, 'public': True, 'created_at': '2026-04-28T09:14:54Z', 'org': {'id': 21206976, 'login': 'pandas-dev', 'gravatar_id': '', 'url': 'https://api.github.com/orgs/pandas-dev', 'avatar_url': 'https://avatars.githubusercontent.com/u/21206976?'}}",False,,,1
events_url.__api__[5],[5],dict,"{'id': '8863432302', 'type': 'PullRequestReviewCommentEvent', 'actor': {'id': 1020496, 'login': 'jorisvandenbossche', 'display_login': 'jorisvandenbossche', 'gravatar_id': '', 'url': 'https://api.github.com/users/jorisvandenbossche', 'avatar_url': 'https://avatars.githubusercontent.com/u/1020496?'}, 'repo': {'id': 858127, 'name': 'pandas-dev/pandas', 'url': 'https://api.github.com/repos/pandas-dev/pandas'}, 'payload': {'action': 'created', 'comment': {'url': 'https://api.github.com/repos/pandas-dev/pandas/pulls/comments/3152874834', 'pull_request_review_id': 4187330293, 'id': 3152874834, 'node_id': 'PRRC_kwDOAA0YD8677Q1S', 'diff_hunk': '@@ -203,3 +211,78 @@ def _post_convert_dtypes(\n                     df[col] = df[col].astype(cat_dtype)\n \n     return df\n+\n+\n+def _normalize_pytz_timezone(tz: dt.tzinfo) -> dt.tzinfo:\n+    """"""\n+    If the input tz is a pytz timezone, attempt to convert it to ""default""\n+    tzinfo object (zoneinfo or datetime.timezone).\n+    """"""\n+    if not type(tz).__module__.startswith(""pytz""):\n+        # isinstance(col.dtype.tz, pytz.BaseTzInfo) does not included\n+        # fixed offsets\n+        return tz\n+\n+    if timezones.is_utc(tz):\n+        return dt.timezone.utc', 'path': 'pandas/io/_util.py', 'commit_id': 'f1563f1c922260997a6fe7fd1c8f3c57521bd02c', 'original_commit_id': '81a46beb8e57a45185ea1c09fae4d543c3dbe13c', 'user': {'login': 'jorisvandenbossche', 'id': 1020496, 'node_id': 'MDQ6VXNlcjEwMjA0OTY=', 'avatar_url': 'https://avatars.githubusercontent.com/u/1020496?v=4', 'gravatar_id': '', 'url': 'https://api.github.com/users/jorisvandenbossche', 'html_url': 'https://github.com/jorisvandenbossche', 'followers_url': 'https://api.github.com/users/jorisvandenbossche/followers', 'following_url': 'https://api.github.com/users/jorisvandenbossche/following{/other_user}', 'gists_url': 'https://api.github.com/users/jorisvandenbossche/gists{/gist_id}', 'starred_url': 'https://api.github.com/users/jorisvandenbossche/starred{/owner}{/repo}', 'subscriptions_url': 'https://api.github.com/users/jorisvandenbossche/subscriptions', 'organizations_url': 'https://api.github.com/users/jorisvandenbossche/orgs', 'repos_url': 'https://api.github.com/users/jorisvandenbossche/repos', 'events_url': 'https://api.github.com/users/jorisvandenbossche/events{/privacy}', 'received_events_url': 'https://api.github.com/users/jorisvandenbossche/received_events', 'type': 'User', 'user_view_type': 'public', 'site_admin': False}, 'body': 'Because we generally default to the `datetime` one, if you specify ""UTC"" as a string (see the logic in `maybe_get_tz`), so it seemed logical to do the same here', 'created_at': '2026-04-28T09:14:53Z', 'updated_at': '2026-04-28T09:14:53Z', 'html_url': 'https://github.com/pandas-dev/pandas/pull/65134#discussion_r3152874834', 'pull_request_url': 'https://api.github.com/repos/pandas-dev/pandas/pulls/65134', '_links': {'self': {'href': 'https://api.github.com/repos/pandas-dev/pandas/pulls/comments/3152874834'}, 'html': {'href': 'https://github.com/pandas-dev/pandas/pull/65134#discussion_r3152874834'}, 'pull_request': {'href': 'https://api.github.com/repos/pandas-dev/pandas/pulls/65134'}}, 'reactions': {'url': 'https://api.github.com/repos/pandas-dev/pandas/pulls/comments/3152874834/reactions', 'total_count': 0, '+1': 0, '-1': 0, 'laugh': 0, 'hooray': 0, 'confused': 0, 'heart': 0, 'rocket': 0, 'eyes': 0}, 'in_reply_to_id': 3148727776, 'original_position': 57, 'position': 57, 'subject_type': 'line'}, 'pull_request': {'url': 'https://api.github.com/repos/pandas-dev/pandas/pulls/65134', 'id': 3509032644, 'number': 65134, 'head': {'ref': 'pyarrow-pytz-to-zoneinfo', 'sha': 'f1563f1c922260997a6fe7fd1c8f3c57521bd02c', 'repo': {'id': 9969996, 'url': 'https://api.github.com/repos/jorisvandenbossche/pandas', 'name': 'pandas'}}, 'base': {'ref': 'main', 'sha': 'fe548a48d84a5dede6d58794455480c7efd7f8c1', 'repo': {'id': 858127, 'url': 'https://api.github.com/repos/pandas-dev/pandas', 'name': 'pandas'}}}}, 'public': True, 'created_at': '2026-04-28T09:14:53Z', 'org': {'id': 21206976, 'login': 'pandas-dev', 'gravatar_id': '', 'url': 'https://api.github.com/orgs/pandas-dev', 'avatar_url': 'https://avatars.githubusercontent.com/u/21206976?'}}",False,,,1
events_url.__api__[6],[6],dict,"{'id': '8863112849', 'type': 'PullRequestReviewEvent', 'actor': {'id': 1020496, 'login': 'jorisvandenbossche', 'display_login': 'jorisvandenbossche', 'gravatar_id': '', 'url': 'https://api.github.com/users/jorisvandenbossche', 'avatar_url': 'https://avatars.githubusercontent.com/u/1020496?'}, 'repo': {'id': 858127, 'name': 'pandas-dev/pandas', 'url': 'https://api.github.com/repos/pandas-dev/pandas'}, 'payload': {'review': {'id': 4187269298, 'node_id': 'PRR_kwDOAA0YD875lKiy', 'user': {'login': 'jorisvandenbossche', 'id': 1020496, 'node_id': 'MDQ6VXNlcjEwMjA0OTY=', 'avatar_url': 'https://avatars.githubusercontent.com/u/1020496?v=4', 'gravatar_id': '', 'url': 'https://api.github.com/users/jorisvandenbossche', 'html_url': 'https://github.com/jorisvandenbossche', 'followers_url': 'https://api.github.com/users/jorisvandenbossche/followers', 'following_url': 'https://api.github.com/users/jorisvandenbossche/following{/other_user}', 'gists_url': 'https://api.github.com/users/jorisvandenbossche/gists{/gist_id}', 'starred_url': 'https://api.github.com/users/jorisvandenbossche/starred{/owner}{/repo}', 'subscriptions_url': 'https://api.github.com/users/jorisvandenbossche/subscriptions', 'organizations_url': 'https://api.github.com/users/jorisvandenbossche/orgs', 'repos_url': 'https://api.github.com/users/jorisvandenbossche/repos', 'events_url': 'https://api.github.com/users/jorisvandenbossche/events{/privacy}', 'received_events_url': 'https://api.github.com/users/jorisvandenbossche/received_events', 'type': 'User', 'user_view_type': 'public', 'site_admin': False}, 'body': None, 'commit_id': '81a46beb8e57a45185ea1c09fae4d543c3dbe13c', 'state': 'commented', 'html_url': 'https://github.com/pandas-dev/pandas/pull/65134#pullrequestreview-4187269298', 'pull_request_url': 'https://api.github.com/repos/pandas-dev/pandas/pulls/65134', '_links': {'html': {'href': 'https://github.com/pandas-dev/pandas/pull/65134#pullrequestreview-4187269298'}, 'pull_request': {'href': 'https://api.github.com/repos/pandas-dev/pandas/pulls/65134'}}, 'submitted_at': '2026-04-28T09:06:13Z', 'updated_at': '2026-04-28T09:06:13Z'}, 'pull_request': {'url': 'https://api.github.com/repos/pandas-dev/pandas/pulls/65134', 'id': 3509032644, 'number': 65134, 'head': {'ref': 'pyarrow-pytz-to-zoneinfo', 'sha': 'f1563f1c922260997a6fe7fd1c8f3c57521bd02c', 'repo': {'id': 9969996, 'url': 'https://api.github.com/repos/jorisvandenbossche/pandas', 'name': 'pandas'}}, 'base': {'ref': 'main', 'sha': 'fe548a48d84a5dede6d58794455480c7efd7f8c1', 'repo': {'id': 858127, 'url': 'https://api.github.com/repos/pandas-dev/pandas', 'name': 'pandas'}}}, 'action': 'created'}, 'public': True, 'created_at': '2026-04-28T09:06:15Z', 'org': {'id': 21206976, 'login': 'pandas-dev', 'gravatar_id': '', 'url': 'https://api.github.com/orgs/pandas-dev', 'avatar_url': 'https://avatars.githubusercontent.com/u/21206976?'}}",False,,,1
events_url.__api__[7],[7],dict,"{'id': '8863111757', 'type': 'PullRequestReviewCommentEvent', 'actor': {'id': 1020496, 'login': 'jorisvandenbossche', 'display_login': 'jorisvandenbossche', 'gravatar_id': '', 'url': 'https://api.github.com/users/jorisvandenbossche', 'avatar_url': 'https://avatars.githubusercontent.com/u/1020496?'}, 'repo': {'id': 858127, 'name': 'pandas-dev/pandas', 'url': 'https://api.github.com/repos/pandas-dev/pandas'}, 'payload': {'action': 'created', 'comment': {'url': 'https://api.github.com/repos/pandas-dev/pandas/pulls/comments/3152823861', 'pull_request_review_id': 4187269298, 'id': 3152823861, 'node_id': 'PRRC_kwDOAA0YD8677EY1', 'diff_hunk': '', 'path': 'pixi.toml', 'commit_id': '81a46beb8e57a45185ea1c09fae4d543c3dbe13c', 'original_commit_id': '81a46beb8e57a45185ea1c09fae4d543c3dbe13c', 'user': {'login': 'jorisvandenbossche', 'id': 1020496, 'node_id': 'MDQ6VXNlcjEwMjA0OTY=', 'avatar_url': 'https://avatars.githubusercontent.com/u/1020496?v=4', 'gravatar_id': '', 'url': 'https://api.github.com/users/jorisvandenbossche', 'html_url': 'https://github.com/jorisvandenbossche', 'followers_url': 'https://api.github.com/users/jorisvandenbossche/followers', 'following_url': 'https://api.github.com/users/jorisvandenbossche/following{/other_user}', 'gists_url': 'https://api.github.com/users/jorisvandenbossche/gists{/gist_id}', 'starred_url': 'https://api.github.com/users/jorisvandenbossche/starred{/owner}{/repo}', 'subscriptions_url': 'https://api.github.com/users/jorisvandenbossche/subscriptions', 'organizations_url': 'https://api.github.com/users/jorisvandenbossche/orgs', 'repos_url': 'https://api.github.com/users/jorisvandenbossche/repos', 'events_url': 'https://api.github.com/users/jorisvandenbossche/events{/privacy}', 'received_events_url': 'https://api.github.com/users/jorisvandenbossche/received_events', 'type': 'User', 'user_view_type': 'public', 'site_admin': False}, 'body': 'Whoops, it seems my last commit ""undo accidental pixi changes"" didn\'t do what I had assumed ;)', 'created_at': '2026-04-28T09:06:13Z', 'updated_at': '2026-04-28T09:06:13Z', 'html_url': 'https://github.com/pandas-dev/pandas/pull/65134#discussion_r3152823861', 'pull_request_url': 'https://api.github.com/repos/pandas-dev/pandas/pulls/65134', '_links': {'self': {'href': 'https://api.github.com/repos/pandas-dev/pandas/pulls/comments/3152823861'}, 'html': {'href': 'https://github.com/pandas-dev/pandas/pull/65134#discussion_r3152823861'}, 'pull_request': {'href': 'https://api.github.com/repos/pandas-dev/pandas/pulls/65134'}}, 'reactions': {'url': 'https://api.github.com/repos/pandas-dev/pandas/pulls/comments/3152823861/reactions', 'total_count': 0, '+1': 0, '-1': 0, 'laugh': 0, 'hooray': 0, 'confused': 0, 'heart': 0, 'rocket': 0, 'eyes': 0}, 'in_reply_to_id': 3148565053, 'original_position': 1, 'position': 1, 'subject_type': 'file'}, 'pull_request': {'url': 'https://api.github.com/repos/pandas-dev/pandas/pulls/65134', 'id': 3509032644, 'number': 65134, 'head': {'ref': 'pyarrow-pytz-to-zoneinfo', 'sha': 'f1563f1c922260997a6fe7fd1c8f3c57521bd02c', 'repo': {'id': 9969996, 'url': 'https://api.github.com/repos/jorisvandenbossche/pandas', 'name': 'pandas'}}, 'base': {'ref': 'main', 'sha': 'fe548a48d84a5dede6d58794455480c7efd7f8c1', 'repo': {'id': 858127, 'url': 'https://api.github.com/repos/pandas-dev/pandas', 'name': 'pandas'}}}}, 'public': True, 'created_at': '2026-04-28T09:06:13Z', 'org': {'id': 21206976, 'login': 'pandas-dev', 'gravatar_id': '', 'url': 'https://api.github.com/orgs/pandas-dev', 'avatar_url': 'https://avatars.githubusercontent.com/u/21206976?'}}",False,,,1
events_url.__api__[8],[8],dict,"{'id': '8862081453', 'type': 'PullRequestEvent', 'actor': {'id': 53236502, 'login': 'mapanahi', 'display_login': 'mapanahi', 'gravatar_id': '', 'url': 'https://api.github.com/users/mapanahi', 'avatar_url': 'https://avatars.githubusercontent.com/u/53236502?'}, 'repo': {'id': 858127, 'name': 'pandas-dev/pandas', 'url': 'https://api.github.com/repos/pandas-dev/pandas'}, 'payload': {'action': 'opened', 'number': 65396, 'pull_request': {'url': 'https://api.github.com/repos/pandas-dev/pandas/pulls/65396', 'id': 3594258401, 'number': 65396, 'head': {'ref': 'BUG/57962-loc-iterable-assignment', 'sha': '2ab0f8f9fa55762acbc1c8f5e9ad101303294eca', 'repo': {'id': 1217689235, 'url': 'https://api.github.com/repos/mapanahi/pandas', 'name': 'pandas'}}, 'base': {'ref': 'main', 'sha': 'fe548a48d84a5dede6d58794455480c7efd7f8c1', 'repo': {'id': 858127, 'url': 'https://api.github.com/repos/pandas-dev/pandas', 'name': 'pandas'}}}}, 'public': True, 'created_at': '2026-04-28T07:06:57Z', 'org': {'id': 21206976, 'login': 'pandas-dev', 'gravatar_id': '', 'url': 'https://api.github.com/orgs/pandas-dev', 'avatar_url': 'https://avatars.githubusercontent.com/u/21206976?'}}",False,,,1
events_url.__api__[9],[9],dict,"{'id': '8861269381', 'type': 'IssuesEvent', 'actor': {'id': 1020496, 'login': 'jorisvandenbossche', 'display_login': 'jorisvandenbossche', 'gravatar_id': '', 'url': 'https://api.github.com/users/jorisvandenbossche', 'avatar_url': 'https://avatars.githubusercontent.com/u/1020496?'}, 'repo': {'id': 858127, 'name': 'pandas-dev/pandas', 'url': 'https://api.github.com/repos/pandas-dev/pandas'}, 'payload': {'action': 'labeled', 'issue': {'url': 'https://api.github.com/repos/pandas-dev/pandas/issues/65382', 'repository_url': 'https://api.github.com/repos/pandas-dev/pandas', 'labels_url': 'https://api.github.com/repos/pandas-dev/pandas/issues/65382/labels{/name}', 'comments_url': 'https://api.github.com/repos/pandas-dev/pandas/issues/65382/comments', 'events_url': 'https://api.github.com/repos/pandas-dev/pandas/issues/65382/events', 'html_url': 'https://github.com/pandas-dev/pandas/issues/65382', 'id': 4338575802, 'node_id': 'I_kwDOAA0YD88AAAABAplpug', 'number': 65382, 'title': 'PERF: cache BlockManager.get_dtypes() result', 'user': {'login': 'jbrockmendel', 'id': 8078968, 'node_id': 'MDQ6VXNlcjgwNzg5Njg=', 'avatar_url': 'https://avatars.githubusercontent.com/u/8078968?v=4', 'gravatar_id': '', 'url': 'https://api.github.com/users/jbrockmendel', 'html_url': 'https://github.com/jbrockmendel', 'followers_url': 'https://api.github.com/users/jbrockmendel/followers', 'following_url': 'https://api.github.com/users/jbrockmendel/following{/other_user}', 'gists_url': 'https://api.github.com/users/jbrockmendel/gists{/gist_id}', 'starred_url': 'https://api.github.com/users/jbrockmendel/starred{/owner}{/repo}', 'subscriptions_url': 'https://api.github.com/users/jbrockmendel/subscriptions', 'organizations_url': 'https://api.github.com/users/jbrockmendel/orgs', 'repos_url': 'https://api.github.com/users/jbrockmendel/repos', 'events_url': 'https://api.github.com/users/jbrockmendel/events{/privacy}', 'received_events_url': 'https://api.github.com/users/jbrockmendel/received_events', 'type': 'User', 'user_view_type': 'public', 'site_admin': False}, 'labels': [{'id': 8935311, 'node_id': 'MDU6TGFiZWw4OTM1MzEx', 'url': 'https://api.github.com/repos/pandas-dev/pandas/labels/Performance', 'name': 'Performance', 'color': 'a10c02', 'default': False, 'description': 'Memory or execution speed performance'}], 'state': 'open', 'locked': False, 'assignees': [], 'milestone': None, 'comments': 0, 'created_at': '2026-04-27T20:07:48Z', 'updated_at': '2026-04-28T08:16:21Z', 'closed_at': None, 'assignee': None, 'type': None, 'active_lock_reason': None, 'sub_issues_summary': {'total': 0, 'completed': 0, 'percent_completed': 0}, 'issue_dependencies_summary': {'blocked_by': 0, 'total_blocked_by': 0, 'blocking': 0, 'total_blocking': 0}, 'body': ""### Problem\n\n`BaseBlockManager.get_dtypes()` (`pandas/core/internals/managers.py:339`) rebuilds an object array on every call:\n\n```python\ndef get_dtypes(self) -> npt.NDArray[np.object_]:\n    dtypes = np.array([blk.dtype for blk in self.blocks], dtype=object)\n    return dtypes.take(self.blknos)\n```\n\nIt's called from a number of hot paths — `df.dtypes`, `DataFrame.fillna` (`generic.py:6391`), `select_dtypes`/`_get_numeric_data`, `DataFrame.apply` (`frame.py:15751`), `unique_dtypes` in repr/info (`generic.py:7136`), and twice per `iloc` setitem (`indexing.py:944, 975`). For wide, fragmented managers each call is O(nblocks) Python iteration plus an object-array allocation.\n\n### Numbers (1000-col DataFrame, 335 blocks, mixed f8/i8/object)\n\n| call | current | with cache | speedup |\n|---|---|---|---|\n| `mgr.get_dtypes()` | 47 us | 0.08 us | **608x** |\n| `df.dtypes` | 58 us | 8.7 us | **6.7x** |\n\nCaching saves the full cost on cache hits; `df.dtypes` retains ~8 us of unavoidable Series-construction overhead.\n\n### Proposed change\n\nAdd a `_dtypes_cache` attribute on the manager, populated lazily in `get_dtypes()` and invalidated alongside the existing `_blknos` / `_interleaved_dtype` cache hooks (`managers.py:1411, 1497` and other block-mutation sites). The same invalidation pattern is already in place — adding one more entry is mechanical.\n\n### Caveats\n\n- The cached array must not be mutated in place by callers. A quick audit of callers shows they only read it (equality checks, `.take`, iteration) — no in-place writes — but worth confirming during review.\n- `SingleBlockManager` already has only one block; the cache is still cheap and consistent.\n\nHappy to put up a PR."", 'reactions': {'url': 'https://api.github.com/repos/pandas-dev/pandas/issues/65382/reactions', 'total_count': 0, '+1': 0, '-1': 0, 'laugh': 0, 'hooray': 0, 'confused': 0, 'heart': 0, 'rocket': 0, 'eyes': 0}, 'timeline_url': 'https://api.github.com/repos/pandas-dev/pandas/issues/65382/timeline', 'performed_via_github_app': None, 'state_reason': None, 'pinned_comment': None}, 'label': {'id': 8935311, 'node_id': 'MDU6TGFiZWw4OTM1MzEx', 'url': 'https://api.github.com/repos/pandas-dev/pandas/labels/Performance', 'name': 'Performance', 'color': 'a10c02', 'default': False, 'description': 'Memory or execution speed performance'}, 'labels': [{'id': 8935311, 'node_id': 'MDU6TGFiZWw4OTM1MzEx', 'url': 'https://api.github.com/repos/pandas-dev/pandas/labels/Performance', 'name': 'Performance', 'color': 'a10c02', 'default': False, 'description': 'Memory or execution speed performance'}]}, 'public': True, 'created_at': '2026-04-28T08:16:21Z', 'org': {'id': 21206976, 'login': 'pandas-dev', 'gravatar_id': '', 'url': 'https://api.github.com/orgs/pandas-dev', 'avatar_url': 'https://avatars.githubusercontent.com/u/21206976?'}}",False,,,1
events_url.__api__[10],[10],dict,"{'id': '8861102517', 'type': 'IssueCommentEvent', 'actor': {'id': 93259987, 'login': 'hamdanal', 'display_login': 'hamdanal', 'gravatar_id': '', 'url': 'https://api.github.com/users/hamdanal', 'avatar_url': 'https://avatars.githubusercontent.com/u/93259987?'}, 'repo': {'id': 858127, 'name': 'pandas-dev/pandas', 'url': 'https://api.github.com/repos/pandas-dev/pandas'}, 'payload': {'action': 'created', 'issue': {'url': 'https://api.github.com/repos/pandas-dev/pandas/issues/63304', 'repository_url': 'https://api.github.com/repos/pandas-dev/pandas', 'labels_url': 'https://api.github.com/repos/pandas-dev/pandas/issues/63304/labels{/name}', 'comments_url': 'https://api.github.com/repos/pandas-dev/pandas/issues/63304/comments', 'events_url': 'https://api.github.com/repos/pandas-dev/pandas/issues/63304/events', 'html_url': 'https://github.com/pandas-dev/pandas/issues/63304', 'id': 3708326413, 'node_id': 'I_kwDOAA0YD87dCJIN', 'number': 63304, 'title': ""BUG(pandas 3.0 regression): `drop(index=...)` doesn't accept NA values when using arrow dtype in index"", 'user': {'login': 'tswast', 'id': 247555, 'node_id': 'MDQ6VXNlcjI0NzU1NQ==', 'avatar_url': 'https://avatars.githubusercontent.com/u/247555?v=4', 'gravatar_id': '', 'url': 'https://api.github.com/users/tswast', 'html_url': 'https://github.com/tswast', 'followers_url': 'https://api.github.com/users/tswast/followers', 'following_url': 'https://api.github.com/users/tswast/following{/other_user}', 'gists_url': 'https://api.github.com/users/tswast/gists{/gist_id}', 'starred_url': 'https://api.github.com/users/tswast/starred{/owner}{/repo}', 'subscriptions_url': 'https://api.github.com/users/tswast/subscriptions', 'organizations_url': 'https://api.github.com/users/tswast/orgs', 'repos_url': 'https://api.github.com/users/tswast/repos', 'events_url': 'https://api.github.com/users/tswast/events{/privacy}', 'received_events_url': 'https://api.github.com/users/tswast/received_events', 'type': 'User', 'user_view_type': 'public', 'site_admin': False}, 'labels': [{'id': 76811, 'node_id': 'MDU6TGFiZWw3NjgxMQ==', 'url': 'https://api.github.com/repos/pandas-dev/pandas/labels/Bug', 'name': 'Bug', 'color': 'e10c02', 'default': False, 'description': None}, {'id': 2822342, 'node_id': 'MDU6TGFiZWwyODIyMzQy', 'url': 'https://api.github.com/repos/pandas-dev/pandas/labels/Missing-data', 'name': 'Missing-data', 'color': 'd7e102', 'default': False, 'description': 'np.nan, pd.NaT, pd.NA, dropna, isnull, interpolate'}, {'id': 32815646, 'node_id': 'MDU6TGFiZWwzMjgxNTY0Ng==', 'url': 'https://api.github.com/repos/pandas-dev/pandas/labels/Regression', 'name': 'Regression', 'color': 'e11d21', 'default': False, 'description': 'Functionality that used to work in a prior pandas version'}, {'id': 3303158446, 'node_id': 'MDU6TGFiZWwzMzAzMTU4NDQ2', 'url': 'https://api.github.com/repos/pandas-dev/pandas/labels/Arrow', 'name': 'Arrow', 'color': 'f9d0c4', 'default': False, 'description': 'pyarrow functionality'}], 'state': 'open', 'locked': False, 'assignees': [], 'milestone': {'url': 'https://api.github.com/repos/pandas-dev/pandas/milestones/127', 'html_url': 'https://github.com/pandas-dev/pandas/milestone/127', 'labels_url': 'https://api.github.com/repos/pandas-dev/pandas/milestones/127/labels', 'id': 15355479, 'node_id': 'MI_kwDOAA0YD84A6k5X', 'number': 127, 'title': '3.0.3', 'description': 'on-merge: backport to 3.0.x', 'creator': {'login': 'jorisvandenbossche', 'id': 1020496, 'node_id': 'MDQ6VXNlcjEwMjA0OTY=', 'avatar_url': 'https://avatars.githubusercontent.com/u/1020496?v=4', 'gravatar_id': '', 'url': 'https://api.github.com/users/jorisvandenbossche', 'html_url': 'https://github.com/jorisvandenbossche', 'followers_url': 'https://api.github.com/users/jorisvandenbossche/followers', 'following_url': 'https://api.github.com/users/jorisvandenbossche/following{/other_user}', 'gists_url': 'https://api.github.com/users/jorisvandenbossche/gists{/gist_id}', 'starred_url': 'https://api.github.com/users/jorisvandenbossche/starred{/owner}{/repo}', 'subscriptions_url': 'https://api.github.com/users/jorisvandenbossche/subscriptions', 'organizations_url': 'https://api.github.com/users/jorisvandenbossche/orgs', 'repos_url': 'https://api.github.com/users/jorisvandenbossche/repos', 'events_url': 'https://api.github.com/users/jorisvandenbossche/events{/privacy}', 'received_events_url': 'https://api.github.com/users/jorisvandenbossche/received_events', 'type': 'User', 'user_view_type': 'public', 'site_admin': False}, 'open_issues': 28, 'closed_issues': 36, 'state': 'open', 'created_at': '2026-03-30T14:48:51Z', 'updated_at': '2026-04-25T14:50:33Z', 'due_on': None, 'closed_at': None}, 'comments': 5, 'created_at': '2025-12-08T22:53:41Z', 'updated_at': '2026-04-28T08:11:32Z', 'closed_at': None, 'assignee': None, 'type': None, 'active_lock_reason': None, 'sub_issues_summary': {'total': 0, 'completed': 0, 'percent_completed': 0}, 'issue_dependencies_summary': {'blocked_by': 0, 'total_blocked_by': 0, 'blocking': 0, 'total_blocking': 0}, 'body': '### Pandas version checks\n\n- [x] I have checked that this issue has not already been reported.\n\n- [x] I have confirmed this bug exists on the [latest version](https://pandas.pydata.org/docs/whatsnew/index.html) of pandas.\n\n- [ ] I have confirmed this bug exists on the [main branch](https://pandas.pydata.org/docs/dev/getting_started/install.html#installing-the-development-version-of-pandas) of pandas.\n\n\n### Reproducible Example\n\n```python\nimport pyarrow as pa\nimport pandas as pd\n\ndf = pd.DataFrame(\n    index=pd.Index(\n        [None, b\'\\xe3\', b\'\\xe3\'],\n        dtype=\'binary[pyarrow]\',\n        name=\'bytes_col\'\n    )\n)\ndf.drop(index=[pd.NA])\n```\n\n### Issue Description\n\nError in pandas 3.0.0rc0\n\n```\n---> 20 df.drop(index=[pd.NA, b\'G\\xc3\\xbcten Tag\'])                                                                                                                                      \n                                                                                                                                                                                         \nFile ~/src/github.com/googleapis/python-bigquery-dataframes-2/venv/lib/python3.13/site-packages/pandas/core/frame.py:5863, in DataFrame.drop(self, labels, axis, index, columns, level, i\nnplace, errors)                                                                                                                                                                          \n   5705 def drop(                                                                                                                                                                        \n   5706     self,                                                                                                                                                                        \n   5707     labels: IndexLabel | ListLike = None,                                                                                                                                        \n   (...)   5714     errors: IgnoreRaise = ""raise"",                                                                                                                                       \n   5715 ) -> DataFrame | None:                                                                                                                                                           \n   5716     """"""                                                                                                                                                                          \n   5717     Drop specified labels from rows or columns.                                                                                                                                  \n   5718                                                                                                                                                                                  \n   (...)   5861             weight  1.0     0.8                                                                                                                                          \n   5862     """"""                                                                                                                                                                          \n-> 5863     return super().drop(                                                                                                                                                         \n   5864         labels=labels,                                                                                                                                                           \n   5865         axis=axis,                                                                                                                                                               \n   5866         index=index,                                                                                                                                                             \n   5867         columns=columns,                                                                                                                                                         \n   5868         level=level,                                                                                                                                                             \n   5869         inplace=inplace,                                                                                                                                                         \n   5870         errors=errors,                                                                                                                                                           \n   5871     )                                                                                                                                                                            \n                                                                                                                                                                                         \nFile ~/src/github.com/googleapis/python-bigquery-dataframes-2/venv/lib/python3.13/site-packages/pandas/core/generic.py:4607, in NDFrame.drop(self, labels, axis, index, columns, level, i\nnplace, errors) \n   4605 for axis, labels in axes.items():\n   4606     if labels is not None:\n-> 4607         obj = obj._drop_axis(labels, axis, level=level, errors=errors)\n   4609 if inplace:\n   4610     self._update_inplace(obj)\n\nFile ~/src/github.com/googleapis/python-bigquery-dataframes-2/venv/lib/python3.13/site-packages/pandas/core/generic.py:4674, in NDFrame._drop_axis(self, labels, axis, level, errors, only_slice)\n   4672     mask = ~axis.get_level_values(0).isin(labels)\n   4673 else:\n-> 4674     mask = ~axis.isin(labels)\n   4675     # Check if label doesn\'t exist along axis\n   4676     labels_missing = (axis.get_indexer_for(labels) == -1).any()\n\nFile ~/src/github.com/googleapis/python-bigquery-dataframes-2/venv/lib/python3.13/site-packages/pandas/core/indexes/base.py:6632, in Index.isin(self, values, level)\n   6630 if level is not None:\n   6631     self._validate_index_level(level)\n-> 6632 return algos.isin(self._values, values)\n\nFile ~/src/github.com/googleapis/python-bigquery-dataframes-2/venv/lib/python3.13/site-packages/pandas/core/algorithms.py:546, in isin(comps, values)\n    543 comps_array = extract_array(comps_array, extract_numpy=True)\n    544 if not isinstance(comps_array, np.ndarray):\n    545     # i.e. Extension Array\n--> 546     return comps_array.isin(values)\n    548 elif needs_i8_conversion(comps_array.dtype):\n    549     # Dispatch to DatetimeLikeArrayMixin.isin\n    550     return pd_array(comps_array).isin(values)\n\nFile ~/src/github.com/googleapis/python-bigquery-dataframes-2/venv/lib/python3.13/site-packages/pandas/core/arrays/arrow/array.py:1418, in ArrowExtensionArray.isin(self, values)\n   1415 if not len(values):\n   1416     return np.zeros(len(self), dtype=bool)\n-> 1418 result = pc.is_in(self._pa_array, value_set=pa.array(values))\n   1419 # pyarrow 2.0.0 returned nulls, so we explicitly specify dtype to convert nulls\n   1420 # to False\n   1421 return np.array(result, dtype=np.bool_)\n\nFile ~/src/github.com/googleapis/python-bigquery-dataframes-2/venv/lib/python3.13/site-packages/pyarrow/array.pxi:365, in pyarrow.lib.array()\n\nFile ~/src/github.com/googleapis/python-bigquery-dataframes-2/venv/lib/python3.13/site-packages/pyarrow/array.pxi:91, in pyarrow.lib._ndarray_to_array()\n\nFile ~/src/github.com/googleapis/python-bigquery-dataframes-2/venv/lib/python3.13/site-packages/pyarrow/error.pxi:92, in pyarrow.lib.check_status()\n\nArrowInvalid: Could not convert <NA> with type NAType: did not recognize Python value type when inferring an Arrow data type\n```\n\nThis could be related to the NA != None anymore deprecation, but unfortunately in this Index reports `NA` as the missing values, not None, so I don\'t know how else to specify such values in a pandas-y way.\n\n### Expected Behavior\n\nIn pandas 2.3.3, this returns the following:\n\n```\n                                                   a      b\nbytes_col                                                  \nb\'Hello, World!\'                                   1   True\nb\'\\xe3\\x81\\x93\\xe3\\x82\\x93\\xe3\\x81\\xab\\xe3\\x81...  2  False\nb\'\\xc2\\xa1Hola Mundo!\'                             3   None\nb\'\\xe3\\x81\\x93\\xe3\\x82\\x93\\xe3\\x81\\xab\\xe3\\x81...  5  False\nb\'Hello\\tBigFrames!\\x07\'                           7   True\n```\n\n\n### Installed Versions\n\n<details>\n\nIn [4]: pd.show_versions()                                                                                                                                                               \n                                                                                                                                                                                         \nINSTALLED VERSIONS                                                                                                                                                                       \n------------------                                                                                                                                                                       \ncommit                : 1a3230dc5be4c87b8356765ea3b6568d37cb82fd                                                                                                                         \npython                : 3.13.7                                                                                                                                                           \npython-bits           : 64                                                                                                                                                               \nOS                    : Linux                                                                                                                                                            \nOS-release            : 6.16.12-1rodete1-amd64                                                                                                                                           \nVersion               : #1 SMP PREEMPT_DYNAMIC Debian 6.16.12-1rodete1 (2025-10-16)                                                                                                      \nmachine               : x86_64                                                                                                                                                           \nprocessor             :                                                                                                                                                                  \nbyteorder             : little                                                                                                                                                           \nLC_ALL                : None                                                                                                                                                             \nLANG                  : en_US.UTF-8                                                                                                                                                      \nLOCALE                : en_US.UTF-8                                                                                                                                                      \n             \npandas                : 3.0.0rc0\nnumpy                 : 2.3.5\ndateutil              : 2.9.0.post0\npip                   : 25.3\nCython                : None\nsphinx                : None\nIPython               : 9.8.0\nadbc-driver-postgresql: None\nadbc-driver-sqlite    : None\nbs4                   : None\nbottleneck            : None\nfastparquet           : None\nfsspec                : 2025.12.0\nhtml5lib              : None\nhypothesis            : None\ngcsfs                 : 2025.12.0\njinja2                : None\nlxml.etree            : None\nmatplotlib            : 3.10.7\nnumba                 : None\nnumexpr               : None\nodfpy                 : None\nopenpyxl              : None\npsycopg2              : None\npymysql               : None\npyarrow               : 22.0.0\npyiceberg             : None\npyreadstat            : None\npytest                : 9.0.2\npython-calamine       : None\npytz                  : 2025.2\npyxlsb                : None\ns3fs                  : None\nscipy                 : 1.16.3\nsqlalchemy            : None\ntables                : None\ntabulate              : 0.9.0\nxarray                : None\nxlrd                  : None\nxlsxwriter            : None\nzstandard             : None\nqtpy                  : None\npyqt5                 : None\n\n</details>\n', 'reactions': {'url': 'https://api.github.com/repos/pandas-dev/pandas/issues/63304/reactions', 'total_count': 0, '+1': 0, '-1': 0, 'laugh': 0, 'hooray': 0, 'confused': 0, 'heart': 0, 'rocket': 0, 'eyes': 0}, 'timeline_url': 'https://api.github.com/repos/pandas-dev/pandas/issues/63304/timeline', 'performed_via_github_app': None, 'state_reason': None, 'pinned_comment': None}, 'comment': {'url': 'https://api.github.com/repos/pandas-dev/pandas/issues/comments/4333449715', 'html_url': 'https://github.com/pandas-dev/pandas/issues/63304#issuecomment-4333449715', 'issue_url': 'https://api.github.com/repos/pandas-dev/pandas/issues/63304', 'id': 4333449715, 'node_id': 'IC_kwDOAA0YD88AAAABAksx8w', 'user': {'login': 'hamdanal', 'id': 93259987, 'node_id': 'U_kgDOBY8I0w', 'avatar_url': 'https://avatars.githubusercontent.com/u/93259987?v=4', 'gravatar_id': '', 'url': 'https://api.github.com/users/hamdanal', 'html_url': 'https://github.com/hamdanal', 'followers_url': 'https://api.github.com/users/hamdanal/followers', 'following_url': 'https://api.github.com/users/hamdanal/following{/other_user}', 'gists_url': 'https://api.github.com/users/hamdanal/gists{/gist_id}', 'starred_url': 'https://api.github.com/users/hamdanal/starred{/owner}{/repo}', 'subscriptions_url': 'https://api.github.com/users/hamdanal/subscriptions', 'organizations_url': 'https://api.github.com/users/hamdanal/orgs', 'repos_url': 'https://api.github.com/users/hamdanal/repos', 'events_url': 'https://api.github.com/users/hamdanal/events{/privacy}', 'received_events_url': 'https://api.github.com/users/hamdanal/received_events', 'type': 'User', 'user_view_type': 'public', 'site_admin': False}, 'created_at': '2026-04-28T08:11:32Z', 'updated_at': '2026-04-28T08:11:32Z', 'body': 'I am seeing the same error with `.isin` on a pyarrow-backed series:\n```py\npd.Series([1, 2], dtype=""int64[pyarrow]"").isin([1, pd.NA])\n```', 'pin': None, 'reactions': {'url': 'https://api.github.com/repos/pandas-dev/pandas/issues/comments/4333449715/reactions', 'total_count': 0, '+1': 0, '-1': 0, 'laugh': 0, 'hooray': 0, 'confused': 0, 'heart': 0, 'rocket': 0, 'eyes': 0}, 'performed_via_github_app': None}}, 'public': True, 'created_at': '2026-04-28T08:11:32Z', 'org': {'id': 21206976, 'login': 'pandas-dev', 'gravatar_id': '', 'url': 'https://api.github.com/orgs/pandas-dev', 'avatar_url': 'https://avatars.githubusercontent.com/u/21206976?'}}",False,,,1
events_url.__api__[11],[11],dict,"{'id': '8860560854', 'type': 'PullRequestReviewEvent', 'actor': {'id': 1020496, 'login': 'jorisvandenbossche', 'display_login': 'jorisvandenbossche', 'gravatar_id': '', 'url': 'https://api.github.com/users/jorisvandenbossche', 'avatar_url': 'https://avatars.githubusercontent.com/u/1020496?'}, 'repo': {'id': 858127, 'name': 'pandas-dev/pandas', 'url': 'https://api.github.com/repos/pandas-dev/pandas'}, 'payload': {'review': {'id': 4186808856, 'node_id': 'PRR_kwDOAA0YD875jaIY', 'user': {'login': 'jorisvandenbossche', 'id': 1020496, 'node_id': 'MDQ6VXNlcjEwMjA0OTY=', 'avatar_url': 'https://avatars.githubusercontent.com/u/1020496?v=4', 'gravatar_id': '', 'url': 'https://api.github.com/users/jorisvandenbossche', 'html_url': 'https://github.com/jorisvandenbossche', 'followers_url': 'https://api.github.com/users/jorisvandenbossche/followers', 'following_url': 'https://api.github.com/users/jorisvandenbossche/following{/other_user}', 'gists_url': 'https://api.github.com/users/jorisvandenbossche/gists{/gist_id}', 'starred_url': 'https://api.github.com/users/jorisvandenbossche/starred{/owner}{/repo}', 'subscriptions_url': 'https://api.github.com/users/jorisvandenbossche/subscriptions', 'organizations_url': 'https://api.github.com/users/jorisvandenbossche/orgs', 'repos_url': 'https://api.github.com/users/jorisvandenbossche/repos', 'events_url': 'https://api.github.com/users/jorisvandenbossche/events{/privacy}', 'received_events_url': 'https://api.github.com/users/jorisvandenbossche/received_events', 'type': 'User', 'user_view_type': 'public', 'site_admin': False}, 'body': None, 'commit_id': '42a339a07bb0c2bfb5b5d0460dce0447e01adf6f', 'state': 'commented', 'html_url': 'https://github.com/pandas-dev/pandas/pull/65385#pullrequestreview-4186808856', 'pull_request_url': 'https://api.github.com/repos/pandas-dev/pandas/pulls/65385', '_links': {'html': {'href': 'https://github.com/pandas-dev/pandas/pull/65385#pullrequestreview-4186808856'}, 'pull_request': {'href': 'https://api.github.com/repos/pandas-dev/pandas/pulls/65385'}}, 'submitted_at': '2026-04-28T07:55:25Z', 'updated_at': '2026-04-28T07:55:25Z'}, 'pull_request': {'url': 'https://api.github.com/repos/pandas-dev/pandas/pulls/65385', 'id': 3593313824, 'number': 65385, 'head': {'ref': 'docs-outdated', 'sha': '42a339a07bb0c2bfb5b5d0460dce0447e01adf6f', 'repo': {'id': 96820953, 'url': 'https://api.github.com/repos/jbrockmendel/pandas', 'name': 'pandas'}}, 'base': {'ref': 'main', 'sha': 'd5e35f1c0b5e4609928afd8cc16203c1f0e98ebd', 'repo': {'id': 858127, 'url': 'https://api.github.com/repos/pandas-dev/pandas', 'name': 'pandas'}}}, 'action': 'created'}, 'public': True, 'created_at': '2026-04-28T07:55:27Z', 'org': {'id': 21206976, 'login': 'pandas-dev', 'gravatar_id': '', 'url': 'https://api.github.com/orgs/pandas-dev', 'avatar_url': 'https://avatars.githubusercontent.com/u/21206976?'}}",False,,,1
events_url.__api__[12],[12],dict,"{'id': '8860559928', 'type': 'PullRequestReviewCommentEvent', 'actor': {'id': 1020496, 'login': 'jorisvandenbossche', 'display_login': 'jorisvandenbossche', 'gravatar_id': '', 'url': 'https://api.github.com/users/jorisvandenbossche', 'avatar_url': 'https://avatars.githubusercontent.com/u/1020496?'}, 'repo': {'id': 858127, 'name': 'pandas-dev/pandas', 'url': 'https://api.github.com/repos/pandas-dev/pandas'}, 'payload': {'action': 'created', 'comment': {'url': 'https://api.github.com/repos/pandas-dev/pandas/pulls/comments/3152416465', 'pull_request_review_id': 4186808856, 'id': 3152416465, 'node_id': 'PRRC_kwDOAA0YD8675g7R', 'diff_hunk': '@@ -166,8 +166,6 @@ dtype_backend : {""numpy_nullable"", ""pyarrow""}, defaults to NumPy backed DataFram\n   implementation when ""numpy_nullable"" is set, pyarrow is used for all\n   dtypes if ""pyarrow"" is set.\n \n-  The dtype_backends are still experimental.', 'path': 'doc/source/user_guide/io.rst', 'commit_id': '42a339a07bb0c2bfb5b5d0460dce0447e01adf6f', 'original_commit_id': '42a339a07bb0c2bfb5b5d0460dce0447e01adf6f', 'user': {'login': 'jorisvandenbossche', 'id': 1020496, 'node_id': 'MDQ6VXNlcjEwMjA0OTY=', 'avatar_url': 'https://avatars.githubusercontent.com/u/1020496?v=4', 'gravatar_id': '', 'url': 'https://api.github.com/users/jorisvandenbossche', 'html_url': 'https://github.com/jorisvandenbossche', 'followers_url': 'https://api.github.com/users/jorisvandenbossche/followers', 'following_url': 'https://api.github.com/users/jorisvandenbossche/following{/other_user}', 'gists_url': 'https://api.github.com/users/jorisvandenbossche/gists{/gist_id}', 'starred_url': 'https://api.github.com/users/jorisvandenbossche/starred{/owner}{/repo}', 'subscriptions_url': 'https://api.github.com/users/jorisvandenbossche/subscriptions', 'organizations_url': 'https://api.github.com/users/jorisvandenbossche/orgs', 'repos_url': 'https://api.github.com/users/jorisvandenbossche/repos', 'events_url': 'https://api.github.com/users/jorisvandenbossche/events{/privacy}', 'received_events_url': 'https://api.github.com/users/jorisvandenbossche/received_events', 'type': 'User', 'user_view_type': 'public', 'site_admin': False}, 'body': 'I would keep this one labeled as experimental. Not the keyword as such (if we would remove it, we would certainly go through a deprecation), but since it allows you to opt in to dtypes that are experimental.', 'created_at': '2026-04-28T07:55:25Z', 'updated_at': '2026-04-28T07:55:25Z', 'html_url': 'https://github.com/pandas-dev/pandas/pull/65385#discussion_r3152416465', 'pull_request_url': 'https://api.github.com/repos/pandas-dev/pandas/pulls/65385', '_links': {'self': {'href': 'https://api.github.com/repos/pandas-dev/pandas/pulls/comments/3152416465'}, 'html': {'href': 'https://github.com/pandas-dev/pandas/pull/65385#discussion_r3152416465'}, 'pull_request': {'href': 'https://api.github.com/repos/pandas-dev/pandas/pulls/65385'}}, 'reactions': {'url': 'https://api.github.com/repos/pandas-dev/pandas/pulls/comments/3152416465/reactions', 'total_count': 0, '+1': 0, '-1': 0, 'laugh': 0, 'hooray': 0, 'confused': 0, 'heart': 0, 'rocket': 0, 'eyes': 0}, 'original_position': 4, 'position': 4, 'subject_type': 'line'}, 'pull_request': {'url': 'https://api.github.com/repos/pandas-dev/pandas/pulls/65385', 'id': 3593313824, 'number': 65385, 'head': {'ref': 'docs-outdated', 'sha': '42a339a07bb0c2bfb5b5d0460dce0447e01adf6f', 'repo': {'id': 96820953, 'url': 'https://api.github.com/repos/jbrockmendel/pandas', 'name': 'pandas'}}, 'base': {'ref': 'main', 'sha': 'd5e35f1c0b5e4609928afd8cc16203c1f0e98ebd', 'repo': {'id': 858127, 'url': 'https://api.github.com/repos/pandas-dev/pandas', 'name': 'pandas'}}}}, 'public': True, 'created_at': '2026-04-28T07:55:25Z', 'org': {'id': 21206976, 'login': 'pandas-dev', 'gravatar_id': '', 'url': 'https://api.github.com/orgs/pandas-dev', 'avatar_url': 'https://avatars.githubusercontent.com/u/21206976?'}}",False,,,1
events_url.__api__[13],[13],dict,"{'id': '8860393286', 'type': 'PullRequestReviewEvent', 'actor': {'id': 1020496, 'login': 'jorisvandenbossche', 'display_login': 'jorisvandenbossche', 'gravatar_id': '', 'url': 'https://api.github.com/users/jorisvandenbossche', 'avatar_url': 'https://avatars.githubusercontent.com/u/1020496?'}, 'repo': {'id': 858127, 'name': 'pandas-dev/pandas', 'url': 'https://api.github.com/repos/pandas-dev/pandas'}, 'payload': {'review': {'id': 4186738645, 'node_id': 'PRR_kwDOAA0YD875jI_V', 'user': {'login': 'jorisvandenbossche', 'id': 1020496, 'node_id': 'MDQ6VXNlcjEwMjA0OTY=', 'avatar_url': 'https://avatars.githubusercontent.com/u/1020496?v=4', 'gravatar_id': '', 'url': 'https://api.github.com/users/jorisvandenbossche', 'html_url': 'https://github.com/jorisvandenbossche', 'followers_url': 'https://api.github.com/users/jorisvandenbossche/followers', 'following_url': 'https://api.github.com/users/jorisvandenbossche/following{/other_user}', 'gists_url': 'https://api.github.com/users/jorisvandenbossche/gists{/gist_id}', 'starred_url': 'https://api.github.com/users/jorisvandenbossche/starred{/owner}{/repo}', 'subscriptions_url': 'https://api.github.com/users/jorisvandenbossche/subscriptions', 'organizations_url': 'https://api.github.com/users/jorisvandenbossche/orgs', 'repos_url': 'https://api.github.com/users/jorisvandenbossche/repos', 'events_url': 'https://api.github.com/users/jorisvandenbossche/events{/privacy}', 'received_events_url': 'https://api.github.com/users/jorisvandenbossche/received_events', 'type': 'User', 'user_view_type': 'public', 'site_admin': False}, 'body': None, 'commit_id': '6fd0613ad2b04d8e67b6954642814c6c3dec3db5', 'state': 'approved', 'html_url': 'https://github.com/pandas-dev/pandas/pull/65384#pullrequestreview-4186738645', 'pull_request_url': 'https://api.github.com/repos/pandas-dev/pandas/pulls/65384', '_links': {'html': {'href': 'https://github.com/pandas-dev/pandas/pull/65384#pullrequestreview-4186738645'}, 'pull_request': {'href': 'https://api.github.com/repos/pandas-dev/pandas/pulls/65384'}}, 'submitted_at': '2026-04-28T07:50:22Z', 'updated_at': '2026-04-28T07:50:22Z'}, 'pull_request': {'url': 'https://api.github.com/repos/pandas-dev/pandas/pulls/65384', 'id': 3593272561, 'number': 65384, 'head': {'ref': 'ref-simpler-pa', 'sha': '6fd0613ad2b04d8e67b6954642814c6c3dec3db5', 'repo': {'id': 96820953, 'url': 'https://api.github.com/repos/jbrockmendel/pandas', 'name': 'pandas'}}, 'base': {'ref': 'main', 'sha': 'd5e35f1c0b5e4609928afd8cc16203c1f0e98ebd', 'repo': {'id': 858127, 'url': 'https://api.github.com/repos/pandas-dev/pandas', 'name': 'pandas'}}}, 'action': 'created'}, 'public': True, 'created_at': '2026-04-28T07:50:23Z', 'org': {'id': 21206976, 'login': 'pandas-dev', 'gravatar_id': '', 'url': 'https://api.github.com/orgs/pandas-dev', 'avatar_url': 'https://avatars.githubusercontent.com/u/21206976?'}}",False,,,1
events_url.__api__[14],[14],dict,"{'id': '8859704483', 'type': 'ForkEvent', 'actor': {'id': 232401021, 'login': 'AmSach', 'display_login': 'AmSach', 'gravatar_id': '', 'url': 'https://api.github.com/users/AmSach', 'avatar_url': 'https://avatars.githubusercontent.com/u/232401021?'}, 'repo': {'id': 858127, 'name': 'pandas-dev/pandas', 'url': 'https://api.github.com/repos/pandas-dev/pandas'}, 'payload': {'action': 'forked', 'forkee': {'id': 1223295083, 'node_id': 'R_kgDOSOoAaw', 'name': 'pandas', 'full_name': 'AmSach/pandas', 'private': False, 'owner': {'login': 'AmSach', 'id': 232401021, 'node_id': 'U_kgDODdoofQ', 'avatar_url': 'https://avatars.githubusercontent.com/u/232401021?v=4', 'gravatar_id': '', 'url': 'https://api.github.com/users/AmSach', 'html_url': 'https://github.com/AmSach', 'followers_url': 'https://api.github.com/users/AmSach/followers', 'following_url': 'https://api.github.com/users/AmSach/following{/other_user}', 'gists_url': 'https://api.github.com/users/AmSach/gists{/gist_id}', 'starred_url': 'https://api.github.com/users/AmSach/starred{/owner}{/repo}', 'subscriptions_url': 'https://api.github.com/users/AmSach/subscriptions', 'organizations_url': 'https://api.github.com/users/AmSach/orgs', 'repos_url': 'https://api.github.com/users/AmSach/repos', 'events_url': 'https://api.github.com/users/AmSach/events{/privacy}', 'received_events_url': 'https://api.github.com/users/AmSach/received_events', 'type': 'User', 'user_view_type': 'public', 'site_admin': False}, 'html_url': 'https://github.com/AmSach/pandas', 'description': 'Flexible and powerful data analysis / manipulation library for Python, providing labeled data structures similar to R data.frame objects, statistical functions, and much more', 'fork': True, 'url': 'https://api.github.com/repos/AmSach/pandas', 'forks_url': 'https://api.github.com/repos/AmSach/pandas/forks', 'keys_url': 'https://api.github.com/repos/AmSach/pandas/keys{/key_id}', 'collaborators_url': 'https://api.github.com/repos/AmSach/pandas/collaborators{/collaborator}', 'teams_url': 'https://api.github.com/repos/AmSach/pandas/teams', 'hooks_url': 'https://api.github.com/repos/AmSach/pandas/hooks', 'issue_events_url': 'https://api.github.com/repos/AmSach/pandas/issues/events{/number}', 'events_url': 'https://api.github.com/repos/AmSach/pandas/events', 'assignees_url': 'https://api.github.com/repos/AmSach/pandas/assignees{/user}', 'branches_url': 'https://api.github.com/repos/AmSach/pandas/branches{/branch}', 'tags_url': 'https://api.github.com/repos/AmSach/pandas/tags', 'blobs_url': 'https://api.github.com/repos/AmSach/pandas/git/blobs{/sha}', 'git_tags_url': 'https://api.github.com/repos/AmSach/pandas/git/tags{/sha}', 'git_refs_url': 'https://api.github.com/repos/AmSach/pandas/git/refs{/sha}', 'trees_url': 'https://api.github.com/repos/AmSach/pandas/git/trees{/sha}', 'statuses_url': 'https://api.github.com/repos/AmSach/pandas/statuses/{sha}', 'languages_url': 'https://api.github.com/repos/AmSach/pandas/languages', 'stargazers_url': 'https://api.github.com/repos/AmSach/pandas/stargazers', 'contributors_url': 'https://api.github.com/repos/AmSach/pandas/contributors', 'subscribers_url': 'https://api.github.com/repos/AmSach/pandas/subscribers', 'subscription_url': 'https://api.github.com/repos/AmSach/pandas/subscription', 'commits_url': 'https://api.github.com/repos/AmSach/pandas/commits{/sha}', 'git_commits_url': 'https://api.github.com/repos/AmSach/pandas/git/commits{/sha}', 'comments_url': 'https://api.github.com/repos/AmSach/pandas/comments{/number}', 'issue_comment_url': 'https://api.github.com/repos/AmSach/pandas/issues/comments{/number}', 'contents_url': 'https://api.github.com/repos/AmSach/pandas/contents/{+path}', 'compare_url': 'https://api.github.com/repos/AmSach/pandas/compare/{base}...{head}', 'merges_url': 'https://api.github.com/repos/AmSach/pandas/merges', 'archive_url': 'https://api.github.com/repos/AmSach/pandas/{archive_format}{/ref}', 'downloads_url': 'https://api.github.com/repos/AmSach/pandas/downloads', 'issues_url': 'https://api.github.com/repos/AmSach/pandas/issues{/number}', 'pulls_url': 'https://api.github.com/repos/AmSach/pandas/pulls{/number}', 'milestones_url': 'https://api.github.com/repos/AmSach/pandas/milestones{/number}', 'notifications_url': 'https://api.github.com/repos/AmSach/pandas/notifications{?since,all,participating}', 'labels_url': 'https://api.github.com/repos/AmSach/pandas/labels{/name}', 'releases_url': 'https://api.github.com/repos/AmSach/pandas/releases{/id}', 'deployments_url': 'https://api.github.com/repos/AmSach/pandas/deployments', 'created_at': '2026-04-28T07:28:34Z', 'updated_at': '2026-04-28T07:28:34Z', 'pushed_at': '2026-04-28T02:35:44Z', 'git_url': 'git://github.com/AmSach/pandas.git', 'ssh_url': 'git@github.com:AmSach/pandas.git', 'clone_url': 'https://github.com/AmSach/pandas.git', 'svn_url': 'https://github.com/AmSach/pandas', 'homepage': 'https://pandas.pydata.org', 'size': 390274, 'stargazers_count': 0, 'watchers_count': 0, 'language': None, 'has_issues': False, 'has_projects': True, 'has_downloads': True, 'has_wiki': False, 'has_pages': False, 'has_discussions': False, 'forks_count': 0, 'mirror_url': None, 'archived': False, 'disabled': False, 'open_issues_count': 0, 'license': {'key': 'bsd-3-clause', 'name': 'BSD 3-Clause ""New"" or ""Revised"" License', 'spdx_id': 'BSD-3-Clause', 'url': 'https://api.github.com/licenses/bsd-3-clause', 'node_id': 'MDc6TGljZW5zZTU='}, 'allow_forking': True, 'is_template': False, 'web_commit_signoff_required': False, 'has_pull_requests': True, 'pull_request_creation_policy': 'all', 'topics': [], 'visibility': 'public', 'forks': 0, 'open_issues': 0, 'watchers': 0, 'default_branch': 'main'}}, 'public': True, 'created_at': '2026-04-28T07:28:34Z', 'org': {'id': 21206976, 'login': 'pandas-dev', 'gravatar_id': '', 'url': 'https://api.github.com/orgs/pandas-dev', 'avatar_url': 'https://avatars.githubusercontent.com/u/21206976?'}}",False,,,1
events_url.__api__[15],[15],dict,"{'id': '8859596610', 'type': 'WatchEvent', 'actor': {'id': 42641610, 'login': 'titaenstad', 'display_login': 'titaenstad', 'gravatar_id': '', 'url': 'https://api.github.com/users/titaenstad', 'avatar_url': 'https://avatars.githubusercontent.com/u/42641610?'}, 'repo': {'id': 858127, 'name': 'pandas-dev/pandas', 'url': 'https://api.github.com/repos/pandas-dev/pandas'}, 'payload': {'action': 'started'}, 'public': True, 'created_at': '2026-04-28T07:25:08Z', 'org': {'id': 21206976, 'login': 'pandas-dev', 'gravatar_id': '', 'url': 'https://api.github.com/orgs/pandas-dev', 'avatar_url': 'https://avatars.githubusercontent.com/u/21206976?'}}",False,,,1
events_url.__api__[16],[16],dict,"{'id': '8859229405', 'type': 'WatchEvent', 'actor': {'id': 156020272, 'login': 'wijayaju', 'display_login': 'wijayaju', 'gravatar_id': '', 'url': 'https://api.github.com/users/wijayaju', 'avatar_url': 'https://avatars.githubusercontent.com/u/156020272?'}, 'repo': {'id': 858127, 'name': 'pandas-dev/pandas', 'url': 'https://api.github.com/repos/pandas-dev/pandas'}, 'payload': {'action': 'started'}, 'public': True, 'created_at': '2026-04-28T07:13:21Z', 'org': {'id': 21206976, 'login': 'pandas-dev', 'gravatar_id': '', 'url': 'https://api.github.com/orgs/pandas-dev', 'avatar_url': 'https://avatars.githubusercontent.com/u/21206976?'}}",False,,,1
events_url.__api__[17],[17],dict,"{'id': '8858362933', 'type': 'IssueCommentEvent', 'actor': {'id': 199561832, 'login': 'tamhahn', 'display_login': 'tamhahn', 'gravatar_id': '', 'url': 'https://api.github.com/users/tamhahn', 'avatar_url': 'https://avatars.githubusercontent.com/u/199561832?'}, 'repo': {'id': 858127, 'name': 'pandas-dev/pandas', 'url': 'https://api.github.com/repos/pandas-dev/pandas'}, 'payload': {'action': 'created', 'issue': {'url': 'https://api.github.com/repos/pandas-dev/pandas/issues/63207', 'repository_url': 'https://api.github.com/repos/pandas-dev/pandas', 'labels_url': 'https://api.github.com/repos/pandas-dev/pandas/issues/63207/labels{/name}', 'comments_url': 'https://api.github.com/repos/pandas-dev/pandas/issues/63207/comments', 'events_url': 'https://api.github.com/repos/pandas-dev/pandas/issues/63207/events', 'html_url': 'https://github.com/pandas-dev/pandas/issues/63207', 'id': 3666697414, 'node_id': 'I_kwDOAA0YD87ajVzG', 'number': 63207, 'title': 'PDEP-8 inplace keyword deprecation - implementation tracker issue', 'user': {'login': 'jorisvandenbossche', 'id': 1020496, 'node_id': 'MDQ6VXNlcjEwMjA0OTY=', 'avatar_url': 'https://avatars.githubusercontent.com/u/1020496?v=4', 'gravatar_id': '', 'url': 'https://api.github.com/users/jorisvandenbossche', 'html_url': 'https://github.com/jorisvandenbossche', 'followers_url': 'https://api.github.com/users/jorisvandenbossche/followers', 'following_url': 'https://api.github.com/users/jorisvandenbossche/following{/other_user}', 'gists_url': 'https://api.github.com/users/jorisvandenbossche/gists{/gist_id}', 'starred_url': 'https://api.github.com/users/jorisvandenbossche/starred{/owner}{/repo}', 'subscriptions_url': 'https://api.github.com/users/jorisvandenbossche/subscriptions', 'organizations_url': 'https://api.github.com/users/jorisvandenbossche/orgs', 'repos_url': 'https://api.github.com/users/jorisvandenbossche/repos', 'events_url': 'https://api.github.com/users/jorisvandenbossche/events{/privacy}', 'received_events_url': 'https://api.github.com/users/jorisvandenbossche/received_events', 'type': 'User', 'user_view_type': 'public', 'site_admin': False}, 'labels': [{'id': 183784729, 'node_id': 'MDU6TGFiZWwxODM3ODQ3Mjk=', 'url': 'https://api.github.com/repos/pandas-dev/pandas/labels/Master%20Tracker', 'name': 'Master Tracker', 'color': 'fbca04', 'default': False, 'description': 'High level tracker for similar issues'}, {'id': 3498153567, 'node_id': 'LA_kwDOAA0YD87QgZZf', 'url': 'https://api.github.com/repos/pandas-dev/pandas/labels/inplace', 'name': 'inplace', 'color': '4530B5', 'default': False, 'description': 'Relating to inplace parameter or equivalent'}], 'state': 'open', 'locked': False, 'assignees': [], 'milestone': {'url': 'https://api.github.com/repos/pandas-dev/pandas/milestones/124', 'html_url': 'https://github.com/pandas-dev/pandas/milestone/124', 'labels_url': 'https://api.github.com/repos/pandas-dev/pandas/milestones/124/labels', 'id': 13923793, 'node_id': 'MI_kwDOAA0YD84A1HXR', 'number': 124, 'title': '3.1', 'description': '', 'creator': {'login': 'jbrockmendel', 'id': 8078968, 'node_id': 'MDQ6VXNlcjgwNzg5Njg=', 'avatar_url': 'https://avatars.githubusercontent.com/u/8078968?v=4', 'gravatar_id': '', 'url': 'https://api.github.com/users/jbrockmendel', 'html_url': 'https://github.com/jbrockmendel', 'followers_url': 'https://api.github.com/users/jbrockmendel/followers', 'following_url': 'https://api.github.com/users/jbrockmendel/following{/other_user}', 'gists_url': 'https://api.github.com/users/jbrockmendel/gists{/gist_id}', 'starred_url': 'https://api.github.com/users/jbrockmendel/starred{/owner}{/repo}', 'subscriptions_url': 'https://api.github.com/users/jbrockmendel/subscriptions', 'organizations_url': 'https://api.github.com/users/jbrockmendel/orgs', 'repos_url': 'https://api.github.com/users/jbrockmendel/repos', 'events_url': 'https://api.github.com/users/jbrockmendel/events{/privacy}', 'received_events_url': 'https://api.github.com/users/jbrockmendel/received_events', 'type': 'User', 'user_view_type': 'public', 'site_admin': False}, 'open_issues': 10, 'closed_issues': 628, 'state': 'open', 'created_at': '2025-10-17T21:46:20Z', 'updated_at': '2026-04-28T02:35:44Z', 'due_on': None, 'closed_at': None}, 'comments': 5, 'created_at': '2025-11-26T09:38:31Z', 'updated_at': '2026-04-28T06:43:51Z', 'closed_at': None, 'assignee': None, 'type': None, 'active_lock_reason': None, 'sub_issues_summary': {'total': 0, 'completed': 0, 'percent_completed': 0}, 'issue_dependencies_summary': {'blocked_by': 0, 'total_blocked_by': 0, 'blocking': 0, 'total_blocking': 0}, 'body': ""Issue to track the progress of implementing the accepted PDEP-8: https://pandas.pydata.org/pdeps/0008-inplace-methods-in-pandas.html\n\nSummary of the PDEP proposed changes:\n\n- The ``inplace`` parameter will be removed from any method which can never update the\n  underlying values of a pandas object inplace or which alters the shape of the object,\n  and where the `inplace=True` option is only syntactic sugar for reassigning the result\n  to the calling DataFrame/Series.\n  - In practice, this are the methods `drop`, `rename`, `rename_axis`, ``reset_index``,  ``set_index``, `dropna` `drop_duplicates`, `sort_values`, `sort_index`, `eval`, `query`\n- The `inplace` parameter is kept for those methods that can\n  modify the underlying values of a pandas object inplace, such as `fillna` or `replace`, and those methods will return the calling object (`self`), instead of the current `None`.\n- With the introduction of Copy-on-Write ([PDEP-7](https://pandas.pydata.org/pdeps/0007-copy-on-write.html)), users don't need the `inplace` keyword to avoid a copy of the data.\n\n---\n\nList of TODO items:\n\nFor 3.0:\n\n- [x] Start returning `self` instead of `None` for the methods that will keep the `inplace` keyword: https://github.com/pandas-dev/pandas/pull/63195 \n- [ ] Announce the future deprecation and update documentation to already discourage usage of it (the user guide already does not mention it, but docstrings could use some update to discourage use / mention future deprecation)\n \n\nFor 3.1:\n\n- [ ] Add actual deprecation warnings to the methods where we will remove the keyword in the future (4.0)\n\n"", 'reactions': {'url': 'https://api.github.com/repos/pandas-dev/pandas/issues/63207/reactions', 'total_count': 1, '+1': 1, '-1': 0, 'laugh': 0, 'hooray': 0, 'confused': 0, 'heart': 0, 'rocket': 0, 'eyes': 0}, 'timeline_url': 'https://api.github.com/repos/pandas-dev/pandas/issues/63207/timeline', 'performed_via_github_app': None, 'state_reason': None, 'pinned_comment': None}, 'comment': {'url': 'https://api.github.com/repos/pandas-dev/pandas/issues/comments/4332958306', 'html_url': 'https://github.com/pandas-dev/pandas/issues/63207#issuecomment-4332958306', 'issue_url': 'https://api.github.com/repos/pandas-dev/pandas/issues/63207', 'id': 4332958306, 'node_id': 'IC_kwDOAA0YD88AAAABAkOyYg', 'user': {'login': 'tamhahn', 'id': 199561832, 'node_id': 'U_kgDOC-USaA', 'avatar_url': 'https://avatars.githubusercontent.com/u/199561832?v=4', 'gravatar_id': '', 'url': 'https://api.github.com/users/tamhahn', 'html_url': 'https://github.com/tamhahn', 'followers_url': 'https://api.github.com/users/tamhahn/followers', 'following_url': 'https://api.github.com/users/tamhahn/following{/other_user}', 'gists_url': 'https://api.github.com/users/tamhahn/gists{/gist_id}', 'starred_url': 'https://api.github.com/users/tamhahn/starred{/owner}{/repo}', 'subscriptions_url': 'https://api.github.com/users/tamhahn/subscriptions', 'organizations_url': 'https://api.github.com/users/tamhahn/orgs', 'repos_url': 'https://api.github.com/users/tamhahn/repos', 'events_url': 'https://api.github.com/users/tamhahn/events{/privacy}', 'received_events_url': 'https://api.github.com/users/tamhahn/received_events', 'type': 'User', 'user_view_type': 'public', 'site_admin': False}, 'created_at': '2026-04-28T06:43:51Z', 'updated_at': '2026-04-28T06:43:51Z', 'body': ""Due to move, haven't been able to update this. Will update in the next few days. "", 'pin': None, 'reactions': {'url': 'https://api.github.com/repos/pandas-dev/pandas/issues/comments/4332958306/reactions', 'total_count': 0, '+1': 0, '-1': 0, 'laugh': 0, 'hooray': 0, 'confused': 0, 'heart': 0, 'rocket': 0, 'eyes': 0}, 'performed_via_github_app': None}}, 'public': True, 'created_at': '2026-04-28T06:43:51Z', 'org': {'id': 21206976, 'login': 'pandas-dev', 'gravatar_id': '', 'url': 'https://api.github.com/orgs/pandas-dev', 'avatar_url': 'https://avatars.githubusercontent.com/u/21206976?'}}",False,,,1
events_url.__api__[18],[18],dict,"{'id': '8858107194', 'type': 'WatchEvent', 'actor': {'id': 85436997, 'login': 'nadinealysse', 'display_login': 'nadinealysse', 'gravatar_id': '', 'url': 'https://api.github.com/users/nadinealysse', 'avatar_url': 'https://avatars.githubusercontent.com/u/85436997?'}, 'repo': {'id': 858127, 'name': 'pandas-dev/pandas', 'url': 'https://api.github.com/repos/pandas-dev/pandas'}, 'payload': {'action': 'started'}, 'public': True, 'created_at': '2026-04-28T06:34:12Z', 'org': {'id': 21206976, 'login': 'pandas-dev', 'gravatar_id': '', 'url': 'https://api.github.com/orgs/pandas-dev', 'avatar_url': 'https://avatars.githubusercontent.com/u/21206976?'}}",False,,,1
events_url.__api__[19],[19],dict,"{'id': '8855986665', 'type': 'WatchEvent', 'actor': {'id': 274494632, 'login': 'fri314', 'display_login': 'fri314', 'gravatar_id': '', 'url': 'https://api.github.com/users/fri314', 'avatar_url': 'https://avatars.githubusercontent.com/u/274494632?'}, 'repo': {'id': 858127, 'name': 'pandas-dev/pandas', 'url': 'https://api.github.com/repos/pandas-dev/pandas'}, 'payload': {'action': 'started'}, 'public': True, 'created_at': '2026-04-28T05:06:32Z', 'org': {'id': 21206976, 'login': 'pandas-dev', 'gravatar_id': '', 'url': 'https://api.github.com/orgs/pandas-dev', 'avatar_url': 'https://avatars.githubusercontent.com/u/21206976?'}}",False,,,1
events_url.__api__[20],[20],dict,"{'id': '8855162778', 'type': 'PullRequestReviewCommentEvent', 'actor': {'id': 43860297, 'login': 'tinezivic', 'display_login': 'tinezivic', 'gravatar_id': '', 'url': 'https://api.github.com/users/tinezivic', 'avatar_url': 'https://avatars.githubusercontent.com/u/43860297?'}, 'repo': {'id': 858127, 'name': 'pandas-dev/pandas', 'url': 'https://api.github.com/repos/pandas-dev/pandas'}, 'payload': {'action': 'created', 'comment': {'url': 'https://api.github.com/repos/pandas-dev/pandas/pulls/comments/3151555725', 'pull_request_review_id': 4185848714, 'id': 3151555725, 'node_id': 'PRRC_kwDOAA0YD8672OyN', 'diff_hunk': '@@ -4823,15 +4823,61 @@ def _set_value(\n             else:\n                 icol = self.columns.get_loc(col)\n                 iindex = self.index.get_loc(index)  # type: ignore[assignment]\n-            self._mgr.column_setitem(icol, iindex, value, inplace_only=True)\n+            self._mgr.column_setitem(\n+                cast(""int"", icol), iindex, value, inplace_only=True\n+            )\n \n         except (KeyError, TypeError, ValueError, LossySetitemError):\n             # get_loc might raise a KeyError for missing labels (falling back\n             #  to (i)loc will do expansion of the index)\n             # column_setitem will do validation that may raise TypeError,\n             #  ValueError, or LossySetitemError\n             # set using a non-recursive method & reset the cache\n-            if takeable:\n+            if is_list_like(value) and not isinstance(value, dict):\n+                # GH#61223: .loc/.iloc misinterpret list-like as multi-row\n+                # setitem. Handle explicitly: ensure object dtype, then store\n+                # directly via column_setitem.\n+                if takeable:\n+                    # iat: col is an integer position into existing columns.\n+                    # Column expansion is not possible (out-of-bounds would\n+                    # raise IndexError before reaching here), so skip the\n+                    # expansion check that lives in the else branch below.\n+                    col_label = self.columns[col]\n+                    iindex = cast(""int"", index)\n+                else:\n+                    col_label = col\n+                    if col not in self.columns:\n+                        # GH#48323 expansion via .at is deprecated\n+                        warnings.warn(\n+                            f""Setting a value on a {type(self).__name__} via ""\n+                            f"".at with a column key \'{col}\' that does not ""\n+                            ""exist is deprecated and will raise a KeyError ""\n+                            ""in a future version. Use .loc instead."",\n+                            Pandas4Warning,\n+                            stacklevel=find_stack_level(),\n+                        )\n+                        self[col] = Series(dtype=object, index=self.index)\n+                    iindex = self.index.get_loc(index)  # type: ignore[assignment]\n+                icol = self.columns.get_loc(col_label)\n+                if self.dtypes.iloc[icol] != np.dtype(""object""):\n+                    # GH#61223 storing a list-like requires object dtype;\n+                    # implicit upcasting is deprecated per PDEP6\n+                    warnings.warn(\n+                        f""Storing a list-like value in column \'{col_label}\' ""\n+                        f""with dtype \'{self.dtypes.iloc[icol]}\' requires ""\n+                        ""upcasting the column to object dtype. This implicit ""\n+                        ""casting is deprecated and will raise in a future ""\n+                        ""version. Cast the column to object dtype explicitly ""\n+                        ""first: df[col] = df[col].astype(object)"",\n+                        Pandas4Warning,\n+                        stacklevel=find_stack_level(),\n+                    )\n+                    self[col_label] = self[col_label].astype(object)\n+                    icol = self.columns.get_loc(col_label)', 'path': 'pandas/core/frame.py', 'commit_id': '5eb391e5f98d379e4304f899645446e60e234f07', 'original_commit_id': '5eb391e5f98d379e4304f899645446e60e234f07', 'user': {'login': 'tinezivic', 'id': 43860297, 'node_id': 'MDQ6VXNlcjQzODYwMjk3', 'avatar_url': 'https://avatars.githubusercontent.com/u/43860297?v=4', 'gravatar_id': '', 'url': 'https://api.github.com/users/tinezivic', 'html_url': 'https://github.com/tinezivic', 'followers_url': 'https://api.github.com/users/tinezivic/followers', 'following_url': 'https://api.github.com/users/tinezivic/following{/other_user}', 'gists_url': 'https://api.github.com/users/tinezivic/gists{/gist_id}', 'starred_url': 'https://api.github.com/users/tinezivic/starred{/owner}{/repo}', 'subscriptions_url': 'https://api.github.com/users/tinezivic/subscriptions', 'organizations_url': 'https://api.github.com/users/tinezivic/orgs', 'repos_url': 'https://api.github.com/users/tinezivic/repos', 'events_url': 'https://api.github.com/users/tinezivic/events{/privacy}', 'received_events_url': 'https://api.github.com/users/tinezivic/received_events', 'type': 'User', 'user_view_type': 'public', 'site_admin': False}, 'body': ""Thanks, you're right. I'll update this."", 'created_at': '2026-04-28T04:26:49Z', 'updated_at': '2026-04-28T04:51:03Z', 'html_url': 'https://github.com/pandas-dev/pandas/pull/65311#discussion_r3151555725', 'pull_request_url': 'https://api.github.com/repos/pandas-dev/pandas/pulls/65311', '_links': {'self': {'href': 'https://api.github.com/repos/pandas-dev/pandas/pulls/comments/3151555725'}, 'html': {'href': 'https://github.com/pandas-dev/pandas/pull/65311#discussion_r3151555725'}, 'pull_request': {'href': 'https://api.github.com/repos/pandas-dev/pandas/pulls/65311'}}, 'reactions': {'url': 'https://api.github.com/repos/pandas-dev/pandas/pulls/comments/3151555725/reactions', 'total_count': 0, '+1': 0, '-1': 0, 'laugh': 0, 'hooray': 0, 'confused': 0, 'heart': 0, 'rocket': 0, 'eyes': 0}, 'in_reply_to_id': 3140393275, 'original_position': 56, 'position': 1, 'subject_type': 'line'}, 'pull_request': {'url': 'https://api.github.com/repos/pandas-dev/pandas/pulls/65311', 'id': 3557491120, 'number': 65311, 'head': {'ref': 'fix-at-iat-list-like-setitem', 'sha': 'ad3040d0d6e7b02f89ca1b05d801f647ae7a87a7', 'repo': {'id': 1214730623, 'url': 'https://api.github.com/repos/tinezivic/pandas', 'name': 'pandas'}}, 'base': {'ref': 'main', 'sha': 'fe548a48d84a5dede6d58794455480c7efd7f8c1', 'repo': {'id': 858127, 'url': 'https://api.github.com/repos/pandas-dev/pandas', 'name': 'pandas'}}}}, 'public': True, 'created_at': '2026-04-28T04:26:49Z', 'org': {'id': 21206976, 'login': 'pandas-dev', 'gravatar_id': '', 'url': 'https://api.github.com/orgs/pandas-dev', 'avatar_url': 'https://avatars.githubusercontent.com/u/21206976?'}}",False,,,1
events_url.__api__[21],[21],dict,"{'id': '8855162756', 'type': 'PullRequestReviewEvent', 'actor': {'id': 43860297, 'login': 'tinezivic', 'display_login': 'tinezivic', 'gravatar_id': '', 'url': 'https://api.github.com/users/tinezivic', 'avatar_url': 'https://avatars.githubusercontent.com/u/43860297?'}, 'repo': {'id': 858127, 'name': 'pandas-dev/pandas', 'url': 'https://api.github.com/repos/pandas-dev/pandas'}, 'payload': {'review': {'id': 4185848714, 'node_id': 'PRR_kwDOAA0YD875fvuK', 'user': {'login': 'tinezivic', 'id': 43860297, 'node_id': 'MDQ6VXNlcjQzODYwMjk3', 'avatar_url': 'https://avatars.githubusercontent.com/u/43860297?v=4', 'gravatar_id': '', 'url': 'https://api.github.com/users/tinezivic', 'html_url': 'https://github.com/tinezivic', 'followers_url': 'https://api.github.com/users/tinezivic/followers', 'following_url': 'https://api.github.com/users/tinezivic/following{/other_user}', 'gists_url': 'https://api.github.com/users/tinezivic/gists{/gist_id}', 'starred_url': 'https://api.github.com/users/tinezivic/starred{/owner}{/repo}', 'subscriptions_url': 'https://api.github.com/users/tinezivic/subscriptions', 'organizations_url': 'https://api.github.com/users/tinezivic/orgs', 'repos_url': 'https://api.github.com/users/tinezivic/repos', 'events_url': 'https://api.github.com/users/tinezivic/events{/privacy}', 'received_events_url': 'https://api.github.com/users/tinezivic/received_events', 'type': 'User', 'user_view_type': 'public', 'site_admin': False}, 'body': None, 'commit_id': 'b6f6a48f190dfa254cd833862cfb1a4bd02129b5', 'state': 'commented', 'html_url': 'https://github.com/pandas-dev/pandas/pull/65311#pullrequestreview-4185848714', 'pull_request_url': 'https://api.github.com/repos/pandas-dev/pandas/pulls/65311', '_links': {'html': {'href': 'https://github.com/pandas-dev/pandas/pull/65311#pullrequestreview-4185848714'}, 'pull_request': {'href': 'https://api.github.com/repos/pandas-dev/pandas/pulls/65311'}}, 'submitted_at': '2026-04-28T04:26:50Z', 'updated_at': '2026-04-28T04:26:50Z'}, 'pull_request': {'url': 'https://api.github.com/repos/pandas-dev/pandas/pulls/65311', 'id': 3557491120, 'number': 65311, 'head': {'ref': 'fix-at-iat-list-like-setitem', 'sha': 'ad3040d0d6e7b02f89ca1b05d801f647ae7a87a7', 'repo': {'id': 1214730623, 'url': 'https://api.github.com/repos/tinezivic/pandas', 'name': 'pandas'}}, 'base': {'ref': 'main', 'sha': 'fe548a48d84a5dede6d58794455480c7efd7f8c1', 'repo': {'id': 858127, 'url': 'https://api.github.com/repos/pandas-dev/pandas', 'name': 'pandas'}}}, 'action': 'created'}, 'public': True, 'created_at': '2026-04-28T04:26:50Z', 'org': {'id': 21206976, 'login': 'pandas-dev', 'gravatar_id': '', 'url': 'https://api.github.com/orgs/pandas-dev', 'avatar_url': 'https://avatars.githubusercontent.com/u/21206976?'}}",False,,,1
events_url.__api__[22],[22],dict,"{'id': '8854740419', 'type': 'ForkEvent', 'actor': {'id': 199561832, 'login': 'tamhahn', 'display_login': 'tamhahn', 'gravatar_id': '', 'url': 'https://api.github.com/users/tamhahn', 'avatar_url': 'https://avatars.githubusercontent.com/u/199561832?'}, 'repo': {'id': 858127, 'name': 'pandas-dev/pandas', 'url': 'https://api.github.com/repos/pandas-dev/pandas'}, 'payload': {'action': 'forked', 'forkee': {'id': 1223158231, 'node_id': 'R_kgDOSOfp1w', 'name': 'pandas', 'full_name': 'tamhahn/pandas', 'private': False, 'owner': {'login': 'tamhahn', 'id': 199561832, 'node_id': 'U_kgDOC-USaA', 'avatar_url': 'https://avatars.githubusercontent.com/u/199561832?v=4', 'gravatar_id': '', 'url': 'https://api.github.com/users/tamhahn', 'html_url': 'https://github.com/tamhahn', 'followers_url': 'https://api.github.com/users/tamhahn/followers', 'following_url': 'https://api.github.com/users/tamhahn/following{/other_user}', 'gists_url': 'https://api.github.com/users/tamhahn/gists{/gist_id}', 'starred_url': 'https://api.github.com/users/tamhahn/starred{/owner}{/repo}', 'subscriptions_url': 'https://api.github.com/users/tamhahn/subscriptions', 'organizations_url': 'https://api.github.com/users/tamhahn/orgs', 'repos_url': 'https://api.github.com/users/tamhahn/repos', 'events_url': 'https://api.github.com/users/tamhahn/events{/privacy}', 'received_events_url': 'https://api.github.com/users/tamhahn/received_events', 'type': 'User', 'user_view_type': 'public', 'site_admin': False}, 'html_url': 'https://github.com/tamhahn/pandas', 'description': 'Flexible and powerful data analysis / manipulation library for Python, providing labeled data structures similar to R data.frame objects, statistical functions, and much more', 'fork': True, 'url': 'https://api.github.com/repos/tamhahn/pandas', 'forks_url': 'https://api.github.com/repos/tamhahn/pandas/forks', 'keys_url': 'https://api.github.com/repos/tamhahn/pandas/keys{/key_id}', 'collaborators_url': 'https://api.github.com/repos/tamhahn/pandas/collaborators{/collaborator}', 'teams_url': 'https://api.github.com/repos/tamhahn/pandas/teams', 'hooks_url': 'https://api.github.com/repos/tamhahn/pandas/hooks', 'issue_events_url': 'https://api.github.com/repos/tamhahn/pandas/issues/events{/number}', 'events_url': 'https://api.github.com/repos/tamhahn/pandas/events', 'assignees_url': 'https://api.github.com/repos/tamhahn/pandas/assignees{/user}', 'branches_url': 'https://api.github.com/repos/tamhahn/pandas/branches{/branch}', 'tags_url': 'https://api.github.com/repos/tamhahn/pandas/tags', 'blobs_url': 'https://api.github.com/repos/tamhahn/pandas/git/blobs{/sha}', 'git_tags_url': 'https://api.github.com/repos/tamhahn/pandas/git/tags{/sha}', 'git_refs_url': 'https://api.github.com/repos/tamhahn/pandas/git/refs{/sha}', 'trees_url': 'https://api.github.com/repos/tamhahn/pandas/git/trees{/sha}', 'statuses_url': 'https://api.github.com/repos/tamhahn/pandas/statuses/{sha}', 'languages_url': 'https://api.github.com/repos/tamhahn/pandas/languages', 'stargazers_url': 'https://api.github.com/repos/tamhahn/pandas/stargazers', 'contributors_url': 'https://api.github.com/repos/tamhahn/pandas/contributors', 'subscribers_url': 'https://api.github.com/repos/tamhahn/pandas/subscribers', 'subscription_url': 'https://api.github.com/repos/tamhahn/pandas/subscription', 'commits_url': 'https://api.github.com/repos/tamhahn/pandas/commits{/sha}', 'git_commits_url': 'https://api.github.com/repos/tamhahn/pandas/git/commits{/sha}', 'comments_url': 'https://api.github.com/repos/tamhahn/pandas/comments{/number}', 'issue_comment_url': 'https://api.github.com/repos/tamhahn/pandas/issues/comments{/number}', 'contents_url': 'https://api.github.com/repos/tamhahn/pandas/contents/{+path}', 'compare_url': 'https://api.github.com/repos/tamhahn/pandas/compare/{base}...{head}', 'merges_url': 'https://api.github.com/repos/tamhahn/pandas/merges', 'archive_url': 'https://api.github.com/repos/tamhahn/pandas/{archive_format}{/ref}', 'downloads_url': 'https://api.github.com/repos/tamhahn/pandas/downloads', 'issues_url': 'https://api.github.com/repos/tamhahn/pandas/issues{/number}', 'pulls_url': 'https://api.github.com/repos/tamhahn/pandas/pulls{/number}', 'milestones_url': 'https://api.github.com/repos/tamhahn/pandas/milestones{/number}', 'notifications_url': 'https://api.github.com/repos/tamhahn/pandas/notifications{?since,all,participating}', 'labels_url': 'https://api.github.com/repos/tamhahn/pandas/labels{/name}', 'releases_url': 'https://api.github.com/repos/tamhahn/pandas/releases{/id}', 'deployments_url': 'https://api.github.com/repos/tamhahn/pandas/deployments', 'created_at': '2026-04-28T04:03:57Z', 'updated_at': '2026-04-28T04:03:57Z', 'pushed_at': '2026-04-28T02:35:44Z', 'git_url': 'git://github.com/tamhahn/pandas.git', 'ssh_url': 'git@github.com:tamhahn/pandas.git', 'clone_url': 'https://github.com/tamhahn/pandas.git', 'svn_url': 'https://github.com/tamhahn/pandas', 'homepage': 'https://pandas.pydata.org', 'size': 390274, 'stargazers_count': 0, 'watchers_count': 0, 'language': None, 'has_issues': False, 'has_projects': True, 'has_downloads': True, 'has_wiki': False, 'has_pages': False, 'has_discussions': False, 'forks_count': 0, 'mirror_url': None, 'archived': False, 'disabled': False, 'open_issues_count': 0, 'license': {'key': 'bsd-3-clause', 'name': 'BSD 3-Clause ""New"" or ""Revised"" License', 'spdx_id': 'BSD-3-Clause', 'url': 'https://api.github.com/licenses/bsd-3-clause', 'node_id': 'MDc6TGljZW5zZTU='}, 'allow_forking': True, 'is_template': False, 'web_commit_signoff_required': False, 'has_pull_requests': True, 'pull_request_creation_policy': 'all', 'topics': [], 'visibility': 'public', 'forks': 0, 'open_issues': 0, 'watchers': 0, 'default_branch': 'main'}}, 'public': True, 'created_at': '2026-04-28T04:03:57Z', 'org': {'id': 21206976, 'login': 'pandas-dev', 'gravatar_id': '', 'url': 'https://api.github.com/orgs/pandas-dev', 'avatar_url': 'https://avatars.githubusercontent.com/u/21206976?'}}",False,,,1
events_url.__api__[23],[23],dict,"{'id': '8854245390', 'type': 'WatchEvent', 'actor': {'id': 45904221, 'login': 'CRK1918', 'display_login': 'CRK1918', 'gravatar_id': '', 'url': 'https://api.github.com/users/CRK1918', 'avatar_url': 'https://avatars.githubusercontent.com/u/45904221?'}, 'repo': {'id': 858127, 'name': 'pandas-dev/pandas', 'url': 'https://api.github.com/repos/pandas-dev/pandas'}, 'payload': {'action': 'started'}, 'public': True, 'created_at': '2026-04-28T03:36:29Z', 'org': {'id': 21206976, 'login': 'pandas-dev', 'gravatar_id': '', 'url': 'https://api.github.com/orgs/pandas-dev', 'avatar_url': 'https://avatars.githubusercontent.com/u/21206976?'}}",False,,,1
events_url.__api__[24],[24],dict,"{'id': '8854036454', 'type': 'PullRequestEvent', 'actor': {'id': 8078968, 'login': 'jbrockmendel', 'display_login': 'jbrockmendel', 'gravatar_id': '', 'url': 'https://api.github.com/users/jbrockmendel', 'avatar_url': 'https://avatars.githubusercontent.com/u/8078968?'}, 'repo': {'id': 858127, 'name': 'pandas-dev/pandas', 'url': 'https://api.github.com/repos/pandas-dev/pandas'}, 'payload': {'action': 'labeled', 'number': 65395, 'pull_request': {'url': 'https://api.github.com/repos/pandas-dev/pandas/pulls/65395', 'id': 3593531635, 'number': 65395, 'head': {'ref': 'perf-to_offset', 'sha': '3701e35adafc4022d208eed224f9475e835ad40e', 'repo': {'id': 96820953, 'url': 'https://api.github.com/repos/jbrockmendel/pandas', 'name': 'pandas'}}, 'base': {'ref': 'main', 'sha': 'fe548a48d84a5dede6d58794455480c7efd7f8c1', 'repo': {'id': 858127, 'url': 'https://api.github.com/repos/pandas-dev/pandas', 'name': 'pandas'}}}, 'label': {'id': 8935311, 'node_id': 'MDU6TGFiZWw4OTM1MzEx', 'url': 'https://api.github.com/repos/pandas-dev/pandas/labels/Performance', 'name': 'Performance', 'color': 'a10c02', 'default': False, 'description': 'Memory or execution speed performance'}, 'labels': [{'id': 8935311, 'node_id': 'MDU6TGFiZWw4OTM1MzEx', 'url': 'https://api.github.com/repos/pandas-dev/pandas/labels/Performance', 'name': 'Performance', 'color': 'a10c02', 'default': False, 'description': 'Memory or execution speed performance'}]}, 'public': True, 'created_at': '2026-04-28T03:25:29Z', 'org': {'id': 21206976, 'login': 'pandas-dev', 'gravatar_id': '', 'url': 'https://api.github.com/orgs/pandas-dev', 'avatar_url': 'https://avatars.githubusercontent.com/u/21206976?'}}",False,,,1
events_url.__api__[25],[25],dict,"{'id': '8854035923', 'type': 'PullRequestEvent', 'actor': {'id': 8078968, 'login': 'jbrockmendel', 'display_login': 'jbrockmendel', 'gravatar_id': '', 'url': 'https://api.github.com/users/jbrockmendel', 'avatar_url': 'https://avatars.githubusercontent.com/u/8078968?'}, 'repo': {'id': 858127, 'name': 'pandas-dev/pandas', 'url': 'https://api.github.com/repos/pandas-dev/pandas'}, 'payload': {'action': 'opened', 'number': 65395, 'pull_request': {'url': 'https://api.github.com/repos/pandas-dev/pandas/pulls/65395', 'id': 3593531635, 'number': 65395, 'head': {'ref': 'perf-to_offset', 'sha': '3701e35adafc4022d208eed224f9475e835ad40e', 'repo': {'id': 96820953, 'url': 'https://api.github.com/repos/jbrockmendel/pandas', 'name': 'pandas'}}, 'base': {'ref': 'main', 'sha': 'fe548a48d84a5dede6d58794455480c7efd7f8c1', 'repo': {'id': 858127, 'url': 'https://api.github.com/repos/pandas-dev/pandas', 'name': 'pandas'}}}}, 'public': True, 'created_at': '2026-04-28T03:25:29Z', 'org': {'id': 21206976, 'login': 'pandas-dev', 'gravatar_id': '', 'url': 'https://api.github.com/orgs/pandas-dev', 'avatar_url': 'https://avatars.githubusercontent.com/u/21206976?'}}",False,,,1
events_url.__api__[26],[26],dict,"{'id': '8853920146', 'type': 'PullRequestEvent', 'actor': {'id': 8078968, 'login': 'jbrockmendel', 'display_login': 'jbrockmendel', 'gravatar_id': '', 'url': 'https://api.github.com/users/jbrockmendel', 'avatar_url': 'https://avatars.githubusercontent.com/u/8078968?'}, 'repo': {'id': 858127, 'name': 'pandas-dev/pandas', 'url': 'https://api.github.com/repos/pandas-dev/pandas'}, 'payload': {'action': 'opened', 'number': 65394, 'pull_request': {'url': 'https://api.github.com/repos/pandas-dev/pandas/pulls/65394', 'id': 3593513185, 'number': 65394, 'head': {'ref': 'fixme-strings', 'sha': 'b1c7c8eee4cf0b6a300d7adbc19e700936959fd2', 'repo': {'id': 96820953, 'url': 'https://api.github.com/repos/jbrockmendel/pandas', 'name': 'pandas'}}, 'base': {'ref': 'main', 'sha': 'fe548a48d84a5dede6d58794455480c7efd7f8c1', 'repo': {'id': 858127, 'url': 'https://api.github.com/repos/pandas-dev/pandas', 'name': 'pandas'}}}}, 'public': True, 'created_at': '2026-04-28T03:19:19Z', 'org': {'id': 21206976, 'login': 'pandas-dev', 'gravatar_id': '', 'url': 'https://api.github.com/orgs/pandas-dev', 'avatar_url': 'https://avatars.githubusercontent.com/u/21206976?'}}",False,,,1
events_url.__api__[27],[27],dict,"{'id': '8853699658', 'type': 'IssuesEvent', 'actor': {'id': 8078968, 'login': 'jbrockmendel', 'display_login': 'jbrockmendel', 'gravatar_id': '', 'url': 'https://api.github.com/users/jbrockmendel', 'avatar_url': 'https://avatars.githubusercontent.com/u/8078968?'}, 'repo': {'id': 858127, 'name': 'pandas-dev/pandas', 'url': 'https://api.github.com/repos/pandas-dev/pandas'}, 'payload': {'action': 'opened', 'issue': {'url': 'https://api.github.com/repos/pandas-dev/pandas/issues/65393', 'repository_url': 'https://api.github.com/repos/pandas-dev/pandas', 'labels_url': 'https://api.github.com/repos/pandas-dev/pandas/issues/65393/labels{/name}', 'comments_url': 'https://api.github.com/repos/pandas-dev/pandas/issues/65393/comments', 'events_url': 'https://api.github.com/repos/pandas-dev/pandas/issues/65393/events', 'html_url': 'https://github.com/pandas-dev/pandas/issues/65393', 'id': 4340306812, 'node_id': 'I_kwDOAA0YD88AAAABArPTfA', 'number': 65393, 'title': 'PERF: skip redundant Index.equals calls in pd.concat', 'user': {'login': 'jbrockmendel', 'id': 8078968, 'node_id': 'MDQ6VXNlcjgwNzg5Njg=', 'avatar_url': 'https://avatars.githubusercontent.com/u/8078968?v=4', 'gravatar_id': '', 'url': 'https://api.github.com/users/jbrockmendel', 'html_url': 'https://github.com/jbrockmendel', 'followers_url': 'https://api.github.com/users/jbrockmendel/followers', 'following_url': 'https://api.github.com/users/jbrockmendel/following{/other_user}', 'gists_url': 'https://api.github.com/users/jbrockmendel/gists{/gist_id}', 'starred_url': 'https://api.github.com/users/jbrockmendel/starred{/owner}{/repo}', 'subscriptions_url': 'https://api.github.com/users/jbrockmendel/subscriptions', 'organizations_url': 'https://api.github.com/users/jbrockmendel/orgs', 'repos_url': 'https://api.github.com/users/jbrockmendel/repos', 'events_url': 'https://api.github.com/users/jbrockmendel/events{/privacy}', 'received_events_url': 'https://api.github.com/users/jbrockmendel/received_events', 'type': 'User', 'user_view_type': 'public', 'site_admin': False}, 'labels': [], 'state': 'open', 'locked': False, 'assignees': [], 'milestone': None, 'comments': 0, 'created_at': '2026-04-28T03:07:52Z', 'updated_at': '2026-04-28T03:07:52Z', 'closed_at': None, 'assignee': None, 'type': None, 'active_lock_reason': None, 'sub_issues_summary': {'total': 0, 'completed': 0, 'percent_completed': 0}, 'issue_dependencies_summary': {'blocked_by': 0, 'total_blocked_by': 0, 'blocking': 0, 'total_blocking': 0}, 'body': '### Problem\n\n`pd.concat` compares the same logical pair of indexes twice:\n\n1. `union_indexes` → `all_indexes_same` (`indexes/api.py:337`) walks the inputs pairwise (`first.equals(idx)` for each other), and returns `indexes[0]` when they all match.\n2. Then `_get_result` (`reshape/concat.py:652`) re-runs `new_labels.equals(obj_labels)` per obj to decide whether reindexing is needed — re-asking the same question.\n\nIn the common case where input frames are separately-constructed with content-equal-but-identity-distinct column indexes, ~50% of all `Index.equals` calls under `pd.concat` are this duplicate.\n\n### Numbers (per call, inputs pre-built outside the timer)\n\n| workload | before | after | speedup |\n|---|---|---|---|\n| 100 frames, 50 cols, single-block float | 0.62 ms | 0.50 ms | **1.25x** |\n| 1000 frames, 50 cols, single-block float | 6.76 ms | 5.70 ms | 1.19x |\n| 100 frames, 20 cols, multi-block (dict-built) | 0.64 ms | 0.49 ms | **1.31x** |\n| 20 sibling-tables, axis=1, 1000 rows | 0.19 ms | 0.15 ms | 1.25x |\n| 200 frames built fresh + concat (read-many-files) | 7.96 ms | 7.58 ms | 1.05x |\n\n""After"" estimated by short-circuiting duplicate `(id(self), id(other))` pairs with a per-concat memoization cache.\n\n### Beneficiary\n\nPatterns that build frames separately then concat them: `pd.concat([pd.read_csv(f) for f in files])` and equivalents.\n\n`groupby.apply` and `pd.concat([df.iloc[a:b] for ...])` see **zero** `Index.equals` calls (slices share the parent\'s Index identity, `_get_distinct_objs` collapses them) — this change is a no-op for those.\n\n### Proposed change\n\nReturn an `all_equal` flag from `union_indexes` when it takes the `all_indexes_same`-True branch, and thread it through `_get_combined_index` → `new_axes` → `_get_result`. When True, `_get_result` skips the per-obj `equals` and uses empty indexers.\n\nHappy to put up a PR.', 'reactions': {'url': 'https://api.github.com/repos/pandas-dev/pandas/issues/65393/reactions', 'total_count': 1, '+1': 1, '-1': 0, 'laugh': 0, 'hooray': 0, 'confused': 0, 'heart': 0, 'rocket': 0, 'eyes': 0}, 'timeline_url': 'https://api.github.com/repos/pandas-dev/pandas/issues/65393/timeline', 'performed_via_github_app': None, 'state_reason': None, 'pinned_comment': None}}, 'public': True, 'created_at': '2026-04-28T03:07:53Z', 'org': {'id': 21206976, 'login': 'pandas-dev', 'gravatar_id': '', 'url': 'https://api.github.com/orgs/pandas-dev', 'avatar_url': 'https://avatars.githubusercontent.com/u/21206976?'}}",False,,,1
events_url.__api__[28],[28],dict,"{'id': '8853652802', 'type': 'PullRequestEvent', 'actor': {'id': 8078968, 'login': 'jbrockmendel', 'display_login': 'jbrockmendel', 'gravatar_id': '', 'url': 'https://api.github.com/users/jbrockmendel', 'avatar_url': 'https://avatars.githubusercontent.com/u/8078968?'}, 'repo': {'id': 858127, 'name': 'pandas-dev/pandas', 'url': 'https://api.github.com/repos/pandas-dev/pandas'}, 'payload': {'action': 'opened', 'number': 65392, 'pull_request': {'url': 'https://api.github.com/repos/pandas-dev/pandas/pulls/65392', 'id': 3593466748, 'number': 65392, 'head': {'ref': 'todos-2', 'sha': '9507a7d52bb7cd996c2a6761a9a3be5275d86222', 'repo': {'id': 96820953, 'url': 'https://api.github.com/repos/jbrockmendel/pandas', 'name': 'pandas'}}, 'base': {'ref': 'main', 'sha': 'fe548a48d84a5dede6d58794455480c7efd7f8c1', 'repo': {'id': 858127, 'url': 'https://api.github.com/repos/pandas-dev/pandas', 'name': 'pandas'}}}}, 'public': True, 'created_at': '2026-04-28T03:05:28Z', 'org': {'id': 21206976, 'login': 'pandas-dev', 'gravatar_id': '', 'url': 'https://api.github.com/orgs/pandas-dev', 'avatar_url': 'https://avatars.githubusercontent.com/u/21206976?'}}",False,,,1
events_url.__api__[29],[29],dict,"{'id': '8853640188', 'type': 'PullRequestEvent', 'actor': {'id': 8078968, 'login': 'jbrockmendel', 'display_login': 'jbrockmendel', 'gravatar_id': '', 'url': 'https://api.github.com/users/jbrockmendel', 'avatar_url': 'https://avatars.githubusercontent.com/u/8078968?'}, 'repo': {'id': 858127, 'name': 'pandas-dev/pandas', 'url': 'https://api.github.com/repos/pandas-dev/pandas'}, 'payload': {'action': 'opened', 'number': 65391, 'pull_request': {'url': 'https://api.github.com/repos/pandas-dev/pandas/pulls/65391', 'id': 3593464474, 'number': 65391, 'head': {'ref': 'tst-arrow-xfails', 'sha': '149f3a32f76b5ebf721c4316b58fdc70dc58a0bd', 'repo': {'id': 96820953, 'url': 'https://api.github.com/repos/jbrockmendel/pandas', 'name': 'pandas'}}, 'base': {'ref': 'main', 'sha': 'fe548a48d84a5dede6d58794455480c7efd7f8c1', 'repo': {'id': 858127, 'url': 'https://api.github.com/repos/pandas-dev/pandas', 'name': 'pandas'}}}}, 'public': True, 'created_at': '2026-04-28T03:04:54Z', 'org': {'id': 21206976, 'login': 'pandas-dev', 'gravatar_id': '', 'url': 'https://api.github.com/orgs/pandas-dev', 'avatar_url': 'https://avatars.githubusercontent.com/u/21206976?'}}",False,,,1
deployments_url,deployments_url,str,https://api.github.com/repos/pandas-dev/pandas/deployments,True,,,0
deployments_url.__api_fetch__,__api_fetch__,list,https://api.github.com/repos/pandas-dev/pandas/deployments,True,success,,0
deployments_url.__api__[0],[0],dict,"{'url': 'https://api.github.com/repos/pandas-dev/pandas/deployments/4226023266', 'id': 4226023266, 'node_id': 'DE_kwDOAA0YD8774_9i', 'task': 'deploy', 'original_environment': 'pypi', 'environment': 'pypi', 'description': None, 'created_at': '2026-03-31T06:45:23Z', 'updated_at': '2026-03-31T06:48:36Z', 'statuses_url': 'https://api.github.com/repos/pandas-dev/pandas/deployments/4226023266/statuses', 'repository_url': 'https://api.github.com/repos/pandas-dev/pandas', 'creator': {'login': 'jorisvandenbossche', 'id': 1020496, 'node_id': 'MDQ6VXNlcjEwMjA0OTY=', 'avatar_url': 'https://avatars.githubusercontent.com/u/1020496?v=4', 'gravatar_id': '', 'url': 'https://api.github.com/users/jorisvandenbossche', 'html_url': 'https://github.com/jorisvandenbossche', 'followers_url': 'https://api.github.com/users/jorisvandenbossche/followers', 'following_url': 'https://api.github.com/users/jorisvandenbossche/following{/other_user}', 'gists_url': 'https://api.github.com/users/jorisvandenbossche/gists{/gist_id}', 'starred_url': 'https://api.github.com/users/jorisvandenbossche/starred{/owner}{/repo}', 'subscriptions_url': 'https://api.github.com/users/jorisvandenbossche/subscriptions', 'organizations_url': 'https://api.github.com/users/jorisvandenbossche/orgs', 'repos_url': 'https://api.github.com/users/jorisvandenbossche/repos', 'events_url': 'https://api.github.com/users/jorisvandenbossche/events{/privacy}', 'received_events_url': 'https://api.github.com/users/jorisvandenbossche/received_events', 'type': 'User', 'user_view_type': 'public', 'site_admin': False}, 'sha': 'ab90747e3dae0e69b1bdbf083820b8075689b34b', 'ref': 'v3.0.2', 'payload': {}, 'transient_environment': False, 'production_environment': False, 'performed_via_github_app': {'id': 15368, 'client_id': 'Iv1.05c79e9ad1f6bdfa', 'slug': 'github-actions', 'node_id': 'MDM6QXBwMTUzNjg=', 'owner': {'login': 'github', 'id': 9919, 'node_id': 'MDEyOk9yZ2FuaXphdGlvbjk5MTk=', 'avatar_url': 'https://avatars.githubusercontent.com/u/9919?v=4', 'gravatar_id': '', 'url': 'https://api.github.com/users/github', 'html_url': 'https://github.com/github', 'followers_url': 'https://api.github.com/users/github/followers', 'following_url': 'https://api.github.com/users/github/following{/other_user}', 'gists_url': 'https://api.github.com/users/github/gists{/gist_id}', 'starred_url': 'https://api.github.com/users/github/starred{/owner}{/repo}', 'subscriptions_url': 'https://api.github.com/users/github/subscriptions', 'organizations_url': 'https://api.github.com/users/github/orgs', 'repos_url': 'https://api.github.com/users/github/repos', 'events_url': 'https://api.github.com/users/github/events{/privacy}', 'received_events_url': 'https://api.github.com/users/github/received_events', 'type': 'Organization', 'user_view_type': 'public', 'site_admin': False}, 'name': 'GitHub Actions', 'description': 'Automate your workflow from idea to production', 'external_url': 'https://help.github.com/en/actions', 'html_url': 'https://github.com/apps/github-actions', 'created_at': '2018-07-30T09:30:17Z', 'updated_at': '2025-12-02T18:13:15Z', 'permissions': {'actions': 'write', 'administration': 'read', 'artifact_metadata': 'write', 'attestations': 'write', 'checks': 'write', 'contents': 'write', 'copilot_requests': 'write', 'deployments': 'write', 'discussions': 'write', 'issues': 'write', 'merge_queues': 'write', 'metadata': 'read', 'models': 'read', 'packages': 'write', 'pages': 'write', 'pull_requests': 'write', 'repository_hooks': 'write', 'repository_projects': 'write', 'security_events': 'write', 'statuses': 'write', 'vulnerability_alerts': 'read'}, 'events': ['branch_protection_rule', 'check_run', 'check_suite', 'create', 'delete', 'deployment', 'deployment_status', 'discussion', 'discussion_comment', 'fork', 'gollum', 'issues', 'issue_comment', 'label', 'merge_group', 'milestone', 'page_build', 'public', 'pull_request', 'pull_request_review', 'pull_request_review_comment', 'push', 'registry_package', 'release', 'repository', 'repository_dispatch', 'status', 'watch', 'workflow_dispatch', 'workflow_run']}}",False,,,1
deployments_url.__api__[1],[1],dict,"{'url': 'https://api.github.com/repos/pandas-dev/pandas/deployments/3863219876', 'id': 3863219876, 'node_id': 'DE_kwDOAA0YD87mRA6k', 'task': 'deploy', 'original_environment': 'pypi', 'environment': 'pypi', 'description': None, 'created_at': '2026-02-17T22:17:30Z', 'updated_at': '2026-03-31T06:48:38Z', 'statuses_url': 'https://api.github.com/repos/pandas-dev/pandas/deployments/3863219876/statuses', 'repository_url': 'https://api.github.com/repos/pandas-dev/pandas', 'creator': {'login': 'jorisvandenbossche', 'id': 1020496, 'node_id': 'MDQ6VXNlcjEwMjA0OTY=', 'avatar_url': 'https://avatars.githubusercontent.com/u/1020496?v=4', 'gravatar_id': '', 'url': 'https://api.github.com/users/jorisvandenbossche', 'html_url': 'https://github.com/jorisvandenbossche', 'followers_url': 'https://api.github.com/users/jorisvandenbossche/followers', 'following_url': 'https://api.github.com/users/jorisvandenbossche/following{/other_user}', 'gists_url': 'https://api.github.com/users/jorisvandenbossche/gists{/gist_id}', 'starred_url': 'https://api.github.com/users/jorisvandenbossche/starred{/owner}{/repo}', 'subscriptions_url': 'https://api.github.com/users/jorisvandenbossche/subscriptions', 'organizations_url': 'https://api.github.com/users/jorisvandenbossche/orgs', 'repos_url': 'https://api.github.com/users/jorisvandenbossche/repos', 'events_url': 'https://api.github.com/users/jorisvandenbossche/events{/privacy}', 'received_events_url': 'https://api.github.com/users/jorisvandenbossche/received_events', 'type': 'User', 'user_view_type': 'public', 'site_admin': False}, 'sha': 'e04b26f375035e5106cb913e47b6db612f4ebb11', 'ref': 'v3.0.1', 'payload': {}, 'transient_environment': False, 'production_environment': False, 'performed_via_github_app': {'id': 15368, 'client_id': 'Iv1.05c79e9ad1f6bdfa', 'slug': 'github-actions', 'node_id': 'MDM6QXBwMTUzNjg=', 'owner': {'login': 'github', 'id': 9919, 'node_id': 'MDEyOk9yZ2FuaXphdGlvbjk5MTk=', 'avatar_url': 'https://avatars.githubusercontent.com/u/9919?v=4', 'gravatar_id': '', 'url': 'https://api.github.com/users/github', 'html_url': 'https://github.com/github', 'followers_url': 'https://api.github.com/users/github/followers', 'following_url': 'https://api.github.com/users/github/following{/other_user}', 'gists_url': 'https://api.github.com/users/github/gists{/gist_id}', 'starred_url': 'https://api.github.com/users/github/starred{/owner}{/repo}', 'subscriptions_url': 'https://api.github.com/users/github/subscriptions', 'organizations_url': 'https://api.github.com/users/github/orgs', 'repos_url': 'https://api.github.com/users/github/repos', 'events_url': 'https://api.github.com/users/github/events{/privacy}', 'received_events_url': 'https://api.github.com/users/github/received_events', 'type': 'Organization', 'user_view_type': 'public', 'site_admin': False}, 'name': 'GitHub Actions', 'description': 'Automate your workflow from idea to production', 'external_url': 'https://help.github.com/en/actions', 'html_url': 'https://github.com/apps/github-actions', 'created_at': '2018-07-30T09:30:17Z', 'updated_at': '2025-12-02T18:13:15Z', 'permissions': {'actions': 'write', 'administration': 'read', 'artifact_metadata': 'write', 'attestations': 'write', 'checks': 'write', 'contents': 'write', 'copilot_requests': 'write', 'deployments': 'write', 'discussions': 'write', 'issues': 'write', 'merge_queues': 'write', 'metadata': 'read', 'models': 'read', 'packages': 'write', 'pages': 'write', 'pull_requests': 'write', 'repository_hooks': 'write', 'repository_projects': 'write', 'security_events': 'write', 'statuses': 'write', 'vulnerability_alerts': 'read'}, 'events': ['branch_protection_rule', 'check_run', 'check_suite', 'create', 'delete', 'deployment', 'deployment_status', 'discussion', 'discussion_comment', 'fork', 'gollum', 'issues', 'issue_comment', 'label', 'merge_group', 'milestone', 'page_build', 'public', 'pull_request', 'pull_request_review', 'pull_request_review_comment', 'push', 'registry_package', 'release', 'repository', 'repository_dispatch', 'status', 'watch', 'workflow_dispatch', 'workflow_run']}}",False,,,1
deployments_url.__api__[2],[2],dict,"{'url': 'https://api.github.com/repos/pandas-dev/pandas/deployments/3674121128', 'id': 3674121128, 'node_id': 'DE_kwDOAA0YD87a_qOo', 'task': 'deploy', 'original_environment': 'pypi', 'environment': 'pypi', 'description': None, 'created_at': '2026-01-21T15:49:35Z', 'updated_at': '2026-02-17T22:20:21Z', 'statuses_url': 'https://api.github.com/repos/pandas-dev/pandas/deployments/3674121128/statuses', 'repository_url': 'https://api.github.com/repos/pandas-dev/pandas', 'creator': {'login': 'jorisvandenbossche', 'id': 1020496, 'node_id': 'MDQ6VXNlcjEwMjA0OTY=', 'avatar_url': 'https://avatars.githubusercontent.com/u/1020496?v=4', 'gravatar_id': '', 'url': 'https://api.github.com/users/jorisvandenbossche', 'html_url': 'https://github.com/jorisvandenbossche', 'followers_url': 'https://api.github.com/users/jorisvandenbossche/followers', 'following_url': 'https://api.github.com/users/jorisvandenbossche/following{/other_user}', 'gists_url': 'https://api.github.com/users/jorisvandenbossche/gists{/gist_id}', 'starred_url': 'https://api.github.com/users/jorisvandenbossche/starred{/owner}{/repo}', 'subscriptions_url': 'https://api.github.com/users/jorisvandenbossche/subscriptions', 'organizations_url': 'https://api.github.com/users/jorisvandenbossche/orgs', 'repos_url': 'https://api.github.com/users/jorisvandenbossche/repos', 'events_url': 'https://api.github.com/users/jorisvandenbossche/events{/privacy}', 'received_events_url': 'https://api.github.com/users/jorisvandenbossche/received_events', 'type': 'User', 'user_view_type': 'public', 'site_admin': False}, 'sha': '366ccdfcd8ed1e5543bfb6d4ee0c9bc519898670', 'ref': 'v3.0.0', 'payload': {}, 'transient_environment': False, 'production_environment': False, 'performed_via_github_app': {'id': 15368, 'client_id': 'Iv1.05c79e9ad1f6bdfa', 'slug': 'github-actions', 'node_id': 'MDM6QXBwMTUzNjg=', 'owner': {'login': 'github', 'id': 9919, 'node_id': 'MDEyOk9yZ2FuaXphdGlvbjk5MTk=', 'avatar_url': 'https://avatars.githubusercontent.com/u/9919?v=4', 'gravatar_id': '', 'url': 'https://api.github.com/users/github', 'html_url': 'https://github.com/github', 'followers_url': 'https://api.github.com/users/github/followers', 'following_url': 'https://api.github.com/users/github/following{/other_user}', 'gists_url': 'https://api.github.com/users/github/gists{/gist_id}', 'starred_url': 'https://api.github.com/users/github/starred{/owner}{/repo}', 'subscriptions_url': 'https://api.github.com/users/github/subscriptions', 'organizations_url': 'https://api.github.com/users/github/orgs', 'repos_url': 'https://api.github.com/users/github/repos', 'events_url': 'https://api.github.com/users/github/events{/privacy}', 'received_events_url': 'https://api.github.com/users/github/received_events', 'type': 'Organization', 'user_view_type': 'public', 'site_admin': False}, 'name': 'GitHub Actions', 'description': 'Automate your workflow from idea to production', 'external_url': 'https://help.github.com/en/actions', 'html_url': 'https://github.com/apps/github-actions', 'created_at': '2018-07-30T09:30:17Z', 'updated_at': '2025-12-02T18:13:15Z', 'permissions': {'actions': 'write', 'administration': 'read', 'artifact_metadata': 'write', 'attestations': 'write', 'checks': 'write', 'contents': 'write', 'copilot_requests': 'write', 'deployments': 'write', 'discussions': 'write', 'issues': 'write', 'merge_queues': 'write', 'metadata': 'read', 'models': 'read', 'packages': 'write', 'pages': 'write', 'pull_requests': 'write', 'repository_hooks': 'write', 'repository_projects': 'write', 'security_events': 'write', 'statuses': 'write', 'vulnerability_alerts': 'read'}, 'events': ['branch_protection_rule', 'check_run', 'check_suite', 'create', 'delete', 'deployment', 'deployment_status', 'discussion', 'discussion_comment', 'fork', 'gollum', 'issues', 'issue_comment', 'label', 'merge_group', 'milestone', 'page_build', 'public', 'pull_request', 'pull_request_review', 'pull_request_review_comment', 'push', 'registry_package', 'release', 'repository', 'repository_dispatch', 'status', 'watch', 'workflow_dispatch', 'workflow_run']}}",False,,,1
deployments_url.__api__[3],[3],dict,"{'url': 'https://api.github.com/repos/pandas-dev/pandas/deployments/3633095155', 'id': 3633095155, 'node_id': 'DE_kwDOAA0YD87YjKHz', 'task': 'deploy', 'original_environment': 'pypi', 'environment': 'pypi', 'description': None, 'created_at': '2026-01-14T22:41:10Z', 'updated_at': '2026-01-21T15:52:10Z', 'statuses_url': 'https://api.github.com/repos/pandas-dev/pandas/deployments/3633095155/statuses', 'repository_url': 'https://api.github.com/repos/pandas-dev/pandas', 'creator': {'login': 'jorisvandenbossche', 'id': 1020496, 'node_id': 'MDQ6VXNlcjEwMjA0OTY=', 'avatar_url': 'https://avatars.githubusercontent.com/u/1020496?v=4', 'gravatar_id': '', 'url': 'https://api.github.com/users/jorisvandenbossche', 'html_url': 'https://github.com/jorisvandenbossche', 'followers_url': 'https://api.github.com/users/jorisvandenbossche/followers', 'following_url': 'https://api.github.com/users/jorisvandenbossche/following{/other_user}', 'gists_url': 'https://api.github.com/users/jorisvandenbossche/gists{/gist_id}', 'starred_url': 'https://api.github.com/users/jorisvandenbossche/starred{/owner}{/repo}', 'subscriptions_url': 'https://api.github.com/users/jorisvandenbossche/subscriptions', 'organizations_url': 'https://api.github.com/users/jorisvandenbossche/orgs', 'repos_url': 'https://api.github.com/users/jorisvandenbossche/repos', 'events_url': 'https://api.github.com/users/jorisvandenbossche/events{/privacy}', 'received_events_url': 'https://api.github.com/users/jorisvandenbossche/received_events', 'type': 'User', 'user_view_type': 'public', 'site_admin': False}, 'sha': 'bb69be8a6c6af980f6dc89d641515502c41880a4', 'ref': 'v3.0.0rc2', 'payload': {}, 'transient_environment': False, 'production_environment': False, 'performed_via_github_app': {'id': 15368, 'client_id': 'Iv1.05c79e9ad1f6bdfa', 'slug': 'github-actions', 'node_id': 'MDM6QXBwMTUzNjg=', 'owner': {'login': 'github', 'id': 9919, 'node_id': 'MDEyOk9yZ2FuaXphdGlvbjk5MTk=', 'avatar_url': 'https://avatars.githubusercontent.com/u/9919?v=4', 'gravatar_id': '', 'url': 'https://api.github.com/users/github', 'html_url': 'https://github.com/github', 'followers_url': 'https://api.github.com/users/github/followers', 'following_url': 'https://api.github.com/users/github/following{/other_user}', 'gists_url': 'https://api.github.com/users/github/gists{/gist_id}', 'starred_url': 'https://api.github.com/users/github/starred{/owner}{/repo}', 'subscriptions_url': 'https://api.github.com/users/github/subscriptions', 'organizations_url': 'https://api.github.com/users/github/orgs', 'repos_url': 'https://api.github.com/users/github/repos', 'events_url': 'https://api.github.com/users/github/events{/privacy}', 'received_events_url': 'https://api.github.com/users/github/received_events', 'type': 'Organization', 'user_view_type': 'public', 'site_admin': False}, 'name': 'GitHub Actions', 'description': 'Automate your workflow from idea to production', 'external_url': 'https://help.github.com/en/actions', 'html_url': 'https://github.com/apps/github-actions', 'created_at': '2018-07-30T09:30:17Z', 'updated_at': '2025-12-02T18:13:15Z', 'permissions': {'actions': 'write', 'administration': 'read', 'artifact_metadata': 'write', 'attestations': 'write', 'checks': 'write', 'contents': 'write', 'copilot_requests': 'write', 'deployments': 'write', 'discussions': 'write', 'issues': 'write', 'merge_queues': 'write', 'metadata': 'read', 'models': 'read', 'packages': 'write', 'pages': 'write', 'pull_requests': 'write', 'repository_hooks': 'write', 'repository_projects': 'write', 'security_events': 'write', 'statuses': 'write', 'vulnerability_alerts': 'read'}, 'events': ['branch_protection_rule', 'check_run', 'check_suite', 'create', 'delete', 'deployment', 'deployment_status', 'discussion', 'discussion_comment', 'fork', 'gollum', 'issues', 'issue_comment', 'label', 'merge_group', 'milestone', 'page_build', 'public', 'pull_request', 'pull_request_review', 'pull_request_review_comment', 'push', 'registry_package', 'release', 'repository', 'repository_dispatch', 'status', 'watch', 'workflow_dispatch', 'workflow_run']}}",False,,,1
deployments_url.__api__[4],[4],dict,"{'url': 'https://api.github.com/repos/pandas-dev/pandas/deployments/3509767326', 'id': 3509767326, 'node_id': 'DE_kwDOAA0YD87RMsye', 'task': 'deploy', 'original_environment': 'pypi', 'environment': 'pypi', 'description': None, 'created_at': '2025-12-19T22:24:12Z', 'updated_at': '2026-01-14T22:43:52Z', 'statuses_url': 'https://api.github.com/repos/pandas-dev/pandas/deployments/3509767326/statuses', 'repository_url': 'https://api.github.com/repos/pandas-dev/pandas', 'creator': {'login': 'jorisvandenbossche', 'id': 1020496, 'node_id': 'MDQ6VXNlcjEwMjA0OTY=', 'avatar_url': 'https://avatars.githubusercontent.com/u/1020496?v=4', 'gravatar_id': '', 'url': 'https://api.github.com/users/jorisvandenbossche', 'html_url': 'https://github.com/jorisvandenbossche', 'followers_url': 'https://api.github.com/users/jorisvandenbossche/followers', 'following_url': 'https://api.github.com/users/jorisvandenbossche/following{/other_user}', 'gists_url': 'https://api.github.com/users/jorisvandenbossche/gists{/gist_id}', 'starred_url': 'https://api.github.com/users/jorisvandenbossche/starred{/owner}{/repo}', 'subscriptions_url': 'https://api.github.com/users/jorisvandenbossche/subscriptions', 'organizations_url': 'https://api.github.com/users/jorisvandenbossche/orgs', 'repos_url': 'https://api.github.com/users/jorisvandenbossche/repos', 'events_url': 'https://api.github.com/users/jorisvandenbossche/events{/privacy}', 'received_events_url': 'https://api.github.com/users/jorisvandenbossche/received_events', 'type': 'User', 'user_view_type': 'public', 'site_admin': False}, 'sha': '72427599b673c58e91c4e96a610fe753e3edc550', 'ref': 'v3.0.0rc1', 'payload': {}, 'transient_environment': False, 'production_environment': False, 'performed_via_github_app': {'id': 15368, 'client_id': 'Iv1.05c79e9ad1f6bdfa', 'slug': 'github-actions', 'node_id': 'MDM6QXBwMTUzNjg=', 'owner': {'login': 'github', 'id': 9919, 'node_id': 'MDEyOk9yZ2FuaXphdGlvbjk5MTk=', 'avatar_url': 'https://avatars.githubusercontent.com/u/9919?v=4', 'gravatar_id': '', 'url': 'https://api.github.com/users/github', 'html_url': 'https://github.com/github', 'followers_url': 'https://api.github.com/users/github/followers', 'following_url': 'https://api.github.com/users/github/following{/other_user}', 'gists_url': 'https://api.github.com/users/github/gists{/gist_id}', 'starred_url': 'https://api.github.com/users/github/starred{/owner}{/repo}', 'subscriptions_url': 'https://api.github.com/users/github/subscriptions', 'organizations_url': 'https://api.github.com/users/github/orgs', 'repos_url': 'https://api.github.com/users/github/repos', 'events_url': 'https://api.github.com/users/github/events{/privacy}', 'received_events_url': 'https://api.github.com/users/github/received_events', 'type': 'Organization', 'user_view_type': 'public', 'site_admin': False}, 'name': 'GitHub Actions', 'description': 'Automate your workflow from idea to production', 'external_url': 'https://help.github.com/en/actions', 'html_url': 'https://github.com/apps/github-actions', 'created_at': '2018-07-30T09:30:17Z', 'updated_at': '2025-12-02T18:13:15Z', 'permissions': {'actions': 'write', 'administration': 'read', 'artifact_metadata': 'write', 'attestations': 'write', 'checks': 'write', 'contents': 'write', 'copilot_requests': 'write', 'deployments': 'write', 'discussions': 'write', 'issues': 'write', 'merge_queues': 'write', 'metadata': 'read', 'models': 'read', 'packages': 'write', 'pages': 'write', 'pull_requests': 'write', 'repository_hooks': 'write', 'repository_projects': 'write', 'security_events': 'write', 'statuses': 'write', 'vulnerability_alerts': 'read'}, 'events': ['branch_protection_rule', 'check_run', 'check_suite', 'create', 'delete', 'deployment', 'deployment_status', 'discussion', 'discussion_comment', 'fork', 'gollum', 'issues', 'issue_comment', 'label', 'merge_group', 'milestone', 'page_build', 'public', 'pull_request', 'pull_request_review', 'pull_request_review_comment', 'push', 'registry_package', 'release', 'repository', 'repository_dispatch', 'status', 'watch', 'workflow_dispatch', 'workflow_run']}}",False,,,1
deployments_url.__api__[5],[5],dict,"{'url': 'https://api.github.com/repos/pandas-dev/pandas/deployments/3509675839', 'id': 3509675839, 'node_id': 'DE_kwDOAA0YD87RMWc_', 'task': 'deploy', 'original_environment': 'pypi', 'environment': 'pypi', 'description': None, 'created_at': '2025-12-19T21:59:37Z', 'updated_at': '2025-12-19T22:01:43Z', 'statuses_url': 'https://api.github.com/repos/pandas-dev/pandas/deployments/3509675839/statuses', 'repository_url': 'https://api.github.com/repos/pandas-dev/pandas', 'creator': {'login': 'jorisvandenbossche', 'id': 1020496, 'node_id': 'MDQ6VXNlcjEwMjA0OTY=', 'avatar_url': 'https://avatars.githubusercontent.com/u/1020496?v=4', 'gravatar_id': '', 'url': 'https://api.github.com/users/jorisvandenbossche', 'html_url': 'https://github.com/jorisvandenbossche', 'followers_url': 'https://api.github.com/users/jorisvandenbossche/followers', 'following_url': 'https://api.github.com/users/jorisvandenbossche/following{/other_user}', 'gists_url': 'https://api.github.com/users/jorisvandenbossche/gists{/gist_id}', 'starred_url': 'https://api.github.com/users/jorisvandenbossche/starred{/owner}{/repo}', 'subscriptions_url': 'https://api.github.com/users/jorisvandenbossche/subscriptions', 'organizations_url': 'https://api.github.com/users/jorisvandenbossche/orgs', 'repos_url': 'https://api.github.com/users/jorisvandenbossche/repos', 'events_url': 'https://api.github.com/users/jorisvandenbossche/events{/privacy}', 'received_events_url': 'https://api.github.com/users/jorisvandenbossche/received_events', 'type': 'User', 'user_view_type': 'public', 'site_admin': False}, 'sha': '72427599b673c58e91c4e96a610fe753e3edc550', 'ref': 'v3.0.0rc1', 'payload': {}, 'transient_environment': False, 'production_environment': False, 'performed_via_github_app': {'id': 15368, 'client_id': 'Iv1.05c79e9ad1f6bdfa', 'slug': 'github-actions', 'node_id': 'MDM6QXBwMTUzNjg=', 'owner': {'login': 'github', 'id': 9919, 'node_id': 'MDEyOk9yZ2FuaXphdGlvbjk5MTk=', 'avatar_url': 'https://avatars.githubusercontent.com/u/9919?v=4', 'gravatar_id': '', 'url': 'https://api.github.com/users/github', 'html_url': 'https://github.com/github', 'followers_url': 'https://api.github.com/users/github/followers', 'following_url': 'https://api.github.com/users/github/following{/other_user}', 'gists_url': 'https://api.github.com/users/github/gists{/gist_id}', 'starred_url': 'https://api.github.com/users/github/starred{/owner}{/repo}', 'subscriptions_url': 'https://api.github.com/users/github/subscriptions', 'organizations_url': 'https://api.github.com/users/github/orgs', 'repos_url': 'https://api.github.com/users/github/repos', 'events_url': 'https://api.github.com/users/github/events{/privacy}', 'received_events_url': 'https://api.github.com/users/github/received_events', 'type': 'Organization', 'user_view_type': 'public', 'site_admin': False}, 'name': 'GitHub Actions', 'description': 'Automate your workflow from idea to production', 'external_url': 'https://help.github.com/en/actions', 'html_url': 'https://github.com/apps/github-actions', 'created_at': '2018-07-30T09:30:17Z', 'updated_at': '2025-12-02T18:13:15Z', 'permissions': {'actions': 'write', 'administration': 'read', 'artifact_metadata': 'write', 'attestations': 'write', 'checks': 'write', 'contents': 'write', 'copilot_requests': 'write', 'deployments': 'write', 'discussions': 'write', 'issues': 'write', 'merge_queues': 'write', 'metadata': 'read', 'models': 'read', 'packages': 'write', 'pages': 'write', 'pull_requests': 'write', 'repository_hooks': 'write', 'repository_projects': 'write', 'security_events': 'write', 'statuses': 'write', 'vulnerability_alerts': 'read'}, 'events': ['branch_protection_rule', 'check_run', 'check_suite', 'create', 'delete', 'deployment', 'deployment_status', 'discussion', 'discussion_comment', 'fork', 'gollum', 'issues', 'issue_comment', 'label', 'merge_group', 'milestone', 'page_build', 'public', 'pull_request', 'pull_request_review', 'pull_request_review_comment', 'push', 'registry_package', 'release', 'repository', 'repository_dispatch', 'status', 'watch', 'workflow_dispatch', 'workflow_run']}}",False,,,1
deployments_url.__api__[6],[6],dict,"{'url': 'https://api.github.com/repos/pandas-dev/pandas/deployments/3414259952', 'id': 3414259952, 'node_id': 'DE_kwDOAA0YD87LgXjw', 'task': 'deploy', 'original_environment': 'pypi', 'environment': 'pypi', 'description': None, 'created_at': '2025-12-03T17:36:50Z', 'updated_at': '2025-12-19T22:25:46Z', 'statuses_url': 'https://api.github.com/repos/pandas-dev/pandas/deployments/3414259952/statuses', 'repository_url': 'https://api.github.com/repos/pandas-dev/pandas', 'creator': {'login': 'jorisvandenbossche', 'id': 1020496, 'node_id': 'MDQ6VXNlcjEwMjA0OTY=', 'avatar_url': 'https://avatars.githubusercontent.com/u/1020496?v=4', 'gravatar_id': '', 'url': 'https://api.github.com/users/jorisvandenbossche', 'html_url': 'https://github.com/jorisvandenbossche', 'followers_url': 'https://api.github.com/users/jorisvandenbossche/followers', 'following_url': 'https://api.github.com/users/jorisvandenbossche/following{/other_user}', 'gists_url': 'https://api.github.com/users/jorisvandenbossche/gists{/gist_id}', 'starred_url': 'https://api.github.com/users/jorisvandenbossche/starred{/owner}{/repo}', 'subscriptions_url': 'https://api.github.com/users/jorisvandenbossche/subscriptions', 'organizations_url': 'https://api.github.com/users/jorisvandenbossche/orgs', 'repos_url': 'https://api.github.com/users/jorisvandenbossche/repos', 'events_url': 'https://api.github.com/users/jorisvandenbossche/events{/privacy}', 'received_events_url': 'https://api.github.com/users/jorisvandenbossche/received_events', 'type': 'User', 'user_view_type': 'public', 'site_admin': False}, 'sha': '1a3230dc5be4c87b8356765ea3b6568d37cb82fd', 'ref': 'v3.0.0rc0', 'payload': {}, 'transient_environment': False, 'production_environment': False, 'performed_via_github_app': {'id': 15368, 'client_id': 'Iv1.05c79e9ad1f6bdfa', 'slug': 'github-actions', 'node_id': 'MDM6QXBwMTUzNjg=', 'owner': {'login': 'github', 'id': 9919, 'node_id': 'MDEyOk9yZ2FuaXphdGlvbjk5MTk=', 'avatar_url': 'https://avatars.githubusercontent.com/u/9919?v=4', 'gravatar_id': '', 'url': 'https://api.github.com/users/github', 'html_url': 'https://github.com/github', 'followers_url': 'https://api.github.com/users/github/followers', 'following_url': 'https://api.github.com/users/github/following{/other_user}', 'gists_url': 'https://api.github.com/users/github/gists{/gist_id}', 'starred_url': 'https://api.github.com/users/github/starred{/owner}{/repo}', 'subscriptions_url': 'https://api.github.com/users/github/subscriptions', 'organizations_url': 'https://api.github.com/users/github/orgs', 'repos_url': 'https://api.github.com/users/github/repos', 'events_url': 'https://api.github.com/users/github/events{/privacy}', 'received_events_url': 'https://api.github.com/users/github/received_events', 'type': 'Organization', 'user_view_type': 'public', 'site_admin': False}, 'name': 'GitHub Actions', 'description': 'Automate your workflow from idea to production', 'external_url': 'https://help.github.com/en/actions', 'html_url': 'https://github.com/apps/github-actions', 'created_at': '2018-07-30T09:30:17Z', 'updated_at': '2025-12-02T18:13:15Z', 'permissions': {'actions': 'write', 'administration': 'read', 'artifact_metadata': 'write', 'attestations': 'write', 'checks': 'write', 'contents': 'write', 'copilot_requests': 'write', 'deployments': 'write', 'discussions': 'write', 'issues': 'write', 'merge_queues': 'write', 'metadata': 'read', 'models': 'read', 'packages': 'write', 'pages': 'write', 'pull_requests': 'write', 'repository_hooks': 'write', 'repository_projects': 'write', 'security_events': 'write', 'statuses': 'write', 'vulnerability_alerts': 'read'}, 'events': ['branch_protection_rule', 'check_run', 'check_suite', 'create', 'delete', 'deployment', 'deployment_status', 'discussion', 'discussion_comment', 'fork', 'gollum', 'issues', 'issue_comment', 'label', 'merge_group', 'milestone', 'page_build', 'public', 'pull_request', 'pull_request_review', 'pull_request_review_comment', 'push', 'registry_package', 'release', 'repository', 'repository_dispatch', 'status', 'watch', 'workflow_dispatch', 'workflow_run']}}",False,,,1
deployments_url.__api__[7],[7],dict,"{'url': 'https://api.github.com/repos/pandas-dev/pandas/deployments/3005895162', 'id': 3005895162, 'node_id': 'DE_kwDOAA0YD86zKlH6', 'task': 'deploy', 'original_environment': 'pypi', 'environment': 'pypi', 'description': None, 'created_at': '2025-09-14T15:47:46Z', 'updated_at': '2025-12-03T17:39:52Z', 'statuses_url': 'https://api.github.com/repos/pandas-dev/pandas/deployments/3005895162/statuses', 'repository_url': 'https://api.github.com/repos/pandas-dev/pandas', 'creator': {'login': 'jorisvandenbossche', 'id': 1020496, 'node_id': 'MDQ6VXNlcjEwMjA0OTY=', 'avatar_url': 'https://avatars.githubusercontent.com/u/1020496?v=4', 'gravatar_id': '', 'url': 'https://api.github.com/users/jorisvandenbossche', 'html_url': 'https://github.com/jorisvandenbossche', 'followers_url': 'https://api.github.com/users/jorisvandenbossche/followers', 'following_url': 'https://api.github.com/users/jorisvandenbossche/following{/other_user}', 'gists_url': 'https://api.github.com/users/jorisvandenbossche/gists{/gist_id}', 'starred_url': 'https://api.github.com/users/jorisvandenbossche/starred{/owner}{/repo}', 'subscriptions_url': 'https://api.github.com/users/jorisvandenbossche/subscriptions', 'organizations_url': 'https://api.github.com/users/jorisvandenbossche/orgs', 'repos_url': 'https://api.github.com/users/jorisvandenbossche/repos', 'events_url': 'https://api.github.com/users/jorisvandenbossche/events{/privacy}', 'received_events_url': 'https://api.github.com/users/jorisvandenbossche/received_events', 'type': 'User', 'user_view_type': 'public', 'site_admin': False}, 'sha': '9c1a0b752628843820e498b5569468ac328778f5', 'ref': 'trusted-publish-pypi', 'payload': {}, 'transient_environment': False, 'production_environment': False, 'performed_via_github_app': {'id': 15368, 'client_id': 'Iv1.05c79e9ad1f6bdfa', 'slug': 'github-actions', 'node_id': 'MDM6QXBwMTUzNjg=', 'owner': {'login': 'github', 'id': 9919, 'node_id': 'MDEyOk9yZ2FuaXphdGlvbjk5MTk=', 'avatar_url': 'https://avatars.githubusercontent.com/u/9919?v=4', 'gravatar_id': '', 'url': 'https://api.github.com/users/github', 'html_url': 'https://github.com/github', 'followers_url': 'https://api.github.com/users/github/followers', 'following_url': 'https://api.github.com/users/github/following{/other_user}', 'gists_url': 'https://api.github.com/users/github/gists{/gist_id}', 'starred_url': 'https://api.github.com/users/github/starred{/owner}{/repo}', 'subscriptions_url': 'https://api.github.com/users/github/subscriptions', 'organizations_url': 'https://api.github.com/users/github/orgs', 'repos_url': 'https://api.github.com/users/github/repos', 'events_url': 'https://api.github.com/users/github/events{/privacy}', 'received_events_url': 'https://api.github.com/users/github/received_events', 'type': 'Organization', 'user_view_type': 'public', 'site_admin': False}, 'name': 'GitHub Actions', 'description': 'Automate your workflow from idea to production', 'external_url': 'https://help.github.com/en/actions', 'html_url': 'https://github.com/apps/github-actions', 'created_at': '2018-07-30T09:30:17Z', 'updated_at': '2025-12-02T18:13:15Z', 'permissions': {'actions': 'write', 'administration': 'read', 'artifact_metadata': 'write', 'attestations': 'write', 'checks': 'write', 'contents': 'write', 'copilot_requests': 'write', 'deployments': 'write', 'discussions': 'write', 'issues': 'write', 'merge_queues': 'write', 'metadata': 'read', 'models': 'read', 'packages': 'write', 'pages': 'write', 'pull_requests': 'write', 'repository_hooks': 'write', 'repository_projects': 'write', 'security_events': 'write', 'statuses': 'write', 'vulnerability_alerts': 'read'}, 'events': ['branch_protection_rule', 'check_run', 'check_suite', 'create', 'delete', 'deployment', 'deployment_status', 'discussion', 'discussion_comment', 'fork', 'gollum', 'issues', 'issue_comment', 'label', 'merge_group', 'milestone', 'page_build', 'public', 'pull_request', 'pull_request_review', 'pull_request_review_comment', 'push', 'registry_package', 'release', 'repository', 'repository_dispatch', 'status', 'watch', 'workflow_dispatch', 'workflow_run']}}",False,,,1
stargazers_url,stargazers_url,str,https://api.github.com/repos/pandas-dev/pandas/stargazers,True,,,0
stargazers_url.__api_fetch__,__api_fetch__,list,https://api.github.com/repos/pandas-dev/pandas/stargazers,True,success,,0
stargazers_url.__api__[0],[0],dict,"{'login': 'sbusso', 'id': 346, 'node_id': 'MDQ6VXNlcjM0Ng==', 'avatar_url': 'https://avatars.githubusercontent.com/u/346?v=4', 'gravatar_id': '', 'url': 'https://api.github.com/users/sbusso', 'html_url': 'https://github.com/sbusso', 'followers_url': 'https://api.github.com/users/sbusso/followers', 'following_url': 'https://api.github.com/users/sbusso/following{/other_user}', 'gists_url': 'https://api.github.com/users/sbusso/gists{/gist_id}', 'starred_url': 'https://api.github.com/users/sbusso/starred{/owner}{/repo}', 'subscriptions_url': 'https://api.github.com/users/sbusso/subscriptions', 'organizations_url': 'https://api.github.com/users/sbusso/orgs', 'repos_url': 'https://api.github.com/users/sbusso/repos', 'events_url': 'https://api.github.com/users/sbusso/events{/privacy}', 'received_events_url': 'https://api.github.com/users/sbusso/received_events', 'type': 'User', 'user_view_type': 'public', 'site_admin': False}",False,,,1
stargazers_url.__api__[1],[1],dict,"{'login': 'auser', 'id': 529, 'node_id': 'MDQ6VXNlcjUyOQ==', 'avatar_url': 'https://avatars.githubusercontent.com/u/529?v=4', 'gravatar_id': '', 'url': 'https://api.github.com/users/auser', 'html_url': 'https://github.com/auser', 'followers_url': 'https://api.github.com/users/auser/followers', 'following_url': 'https://api.github.com/users/auser/following{/other_user}', 'gists_url': 'https://api.github.com/users/auser/gists{/gist_id}', 'starred_url': 'https://api.github.com/users/auser/starred{/owner}{/repo}', 'subscriptions_url': 'https://api.github.com/users/auser/subscriptions', 'organizations_url': 'https://api.github.com/users/auser/orgs', 'repos_url': 'https://api.github.com/users/auser/repos', 'events_url': 'https://api.github.com/users/auser/events{/privacy}', 'received_events_url': 'https://api.github.com/users/auser/received_events', 'type': 'User', 'user_view_type': 'public', 'site_admin': False}",False,,,1
stargazers_url.__api__[2],[2],dict,"{'login': 'pfig', 'id': 594, 'node_id': 'MDQ6VXNlcjU5NA==', 'avatar_url': 'https://avatars.githubusercontent.com/u/594?v=4', 'gravatar_id': '', 'url': 'https://api.github.com/users/pfig', 'html_url': 'https://github.com/pfig', 'followers_url': 'https://api.github.com/users/pfig/followers', 'following_url': 'https://api.github.com/users/pfig/following{/other_user}', 'gists_url': 'https://api.github.com/users/pfig/gists{/gist_id}', 'starred_url': 'https://api.github.com/users/pfig/starred{/owner}{/repo}', 'subscriptions_url': 'https://api.github.com/users/pfig/subscriptions', 'organizations_url': 'https://api.github.com/users/pfig/orgs', 'repos_url': 'https://api.github.com/users/pfig/repos', 'events_url': 'https://api.github.com/users/pfig/events{/privacy}', 'received_events_url': 'https://api.github.com/users/pfig/received_events', 'type': 'User', 'user_view_type': 'public', 'site_admin': False}",False,,,1
stargazers_url.__api__[3],[3],dict,"{'login': 'ludwig', 'id': 1056, 'node_id': 'MDQ6VXNlcjEwNTY=', 'avatar_url': 'https://avatars.githubusercontent.com/u/1056?v=4', 'gravatar_id': '', 'url': 'https://api.github.com/users/ludwig', 'html_url': 'https://github.com/ludwig', 'followers_url': 'https://api.github.com/users/ludwig/followers', 'following_url': 'https://api.github.com/users/ludwig/following{/other_user}', 'gists_url': 'https://api.github.com/users/ludwig/gists{/gist_id}', 'starred_url': 'https://api.github.com/users/ludwig/starred{/owner}{/repo}', 'subscriptions_url': 'https://api.github.com/users/ludwig/subscriptions', 'organizations_url': 'https://api.github.com/users/ludwig/orgs', 'repos_url': 'https://api.github.com/users/ludwig/repos', 'events_url': 'https://api.github.com/users/ludwig/events{/privacy}', 'received_events_url': 'https://api.github.com/users/ludwig/received_events', 'type': 'User', 'user_view_type': 'public', 'site_admin': False}",False,,,1
stargazers_url.__api__[4],[4],dict,"{'login': 'bryanveloso', 'id': 1258, 'node_id': 'MDQ6VXNlcjEyNTg=', 'avatar_url': 'https://avatars.githubusercontent.com/u/1258?v=4', 'gravatar_id': '', 'url': 'https://api.github.com/users/bryanveloso', 'html_url': 'https://github.com/bryanveloso', 'followers_url': 'https://api.github.com/users/bryanveloso/followers', 'following_url': 'https://api.github.com/users/bryanveloso/following{/other_user}', 'gists_url': 'https://api.github.com/users/bryanveloso/gists{/gist_id}', 'starred_url': 'https://api.github.com/users/bryanveloso/starred{/owner}{/repo}', 'subscriptions_url': 'https://api.github.com/users/bryanveloso/subscriptions', 'organizations_url': 'https://api.github.com/users/bryanveloso/orgs', 'repos_url': 'https://api.github.com/users/bryanveloso/repos', 'events_url': 'https://api.github.com/users/bryanveloso/events{/privacy}', 'received_events_url': 'https://api.github.com/users/bryanveloso/received_events', 'type': 'User', 'user_view_type': 'public', 'site_admin': False}",False,,,1
stargazers_url.__api__[5],[5],dict,"{'login': 'eyecat', 'id': 1351, 'node_id': 'MDQ6VXNlcjEzNTE=', 'avatar_url': 'https://avatars.githubusercontent.com/u/1351?v=4', 'gravatar_id': '', 'url': 'https://api.github.com/users/eyecat', 'html_url': 'https://github.com/eyecat', 'followers_url': 'https://api.github.com/users/eyecat/followers', 'following_url': 'https://api.github.com/users/eyecat/following{/other_user}', 'gists_url': 'https://api.github.com/users/eyecat/gists{/gist_id}', 'starred_url': 'https://api.github.com/users/eyecat/starred{/owner}{/repo}', 'subscriptions_url': 'https://api.github.com/users/eyecat/subscriptions', 'organizations_url': 'https://api.github.com/users/eyecat/orgs', 'repos_url': 'https://api.github.com/users/eyecat/repos', 'events_url': 'https://api.github.com/users/eyecat/events{/privacy}', 'received_events_url': 'https://api.github.com/users/eyecat/received_events', 'type': 'User', 'user_view_type': 'public', 'site_admin': False}",False,,,1
stargazers_url.__api__[6],[6],dict,"{'login': 'cosmin', 'id': 1358, 'node_id': 'MDQ6VXNlcjEzNTg=', 'avatar_url': 'https://avatars.githubusercontent.com/u/1358?v=4', 'gravatar_id': '', 'url': 'https://api.github.com/users/cosmin', 'html_url': 'https://github.com/cosmin', 'followers_url': 'https://api.github.com/users/cosmin/followers', 'following_url': 'https://api.github.com/users/cosmin/following{/other_user}', 'gists_url': 'https://api.github.com/users/cosmin/gists{/gist_id}', 'starred_url': 'https://api.github.com/users/cosmin/starred{/owner}{/repo}', 'subscriptions_url': 'https://api.github.com/users/cosmin/subscriptions', 'organizations_url': 'https://api.github.com/users/cosmin/orgs', 'repos_url': 'https://api.github.com/users/cosmin/repos', 'events_url': 'https://api.github.com/users/cosmin/events{/privacy}', 'received_events_url': 'https://api.github.com/users/cosmin/received_events', 'type': 'User', 'user_view_type': 'public', 'site_admin': False}",False,,,1
stargazers_url.__api__[7],[7],dict,"{'login': 'mcroydon', 'id': 1411, 'node_id': 'MDQ6VXNlcjE0MTE=', 'avatar_url': 'https://avatars.githubusercontent.com/u/1411?v=4', 'gravatar_id': '', 'url': 'https://api.github.com/users/mcroydon', 'html_url': 'https://github.com/mcroydon', 'followers_url': 'https://api.github.com/users/mcroydon/followers', 'following_url': 'https://api.github.com/users/mcroydon/following{/other_user}', 'gists_url': 'https://api.github.com/users/mcroydon/gists{/gist_id}', 'starred_url': 'https://api.github.com/users/mcroydon/starred{/owner}{/repo}', 'subscriptions_url': 'https://api.github.com/users/mcroydon/subscriptions', 'organizations_url': 'https://api.github.com/users/mcroydon/orgs', 'repos_url': 'https://api.github.com/users/mcroydon/repos', 'events_url': 'https://api.github.com/users/mcroydon/events{/privacy}', 'received_events_url': 'https://api.github.com/users/mcroydon/received_events', 'type': 'User', 'user_view_type': 'public', 'site_admin': False}",False,,,1
stargazers_url.__api__[8],[8],dict,"{'login': 'Rickasaurus', 'id': 1429, 'node_id': 'MDQ6VXNlcjE0Mjk=', 'avatar_url': 'https://avatars.githubusercontent.com/u/1429?v=4', 'gravatar_id': '', 'url': 'https://api.github.com/users/Rickasaurus', 'html_url': 'https://github.com/Rickasaurus', 'followers_url': 'https://api.github.com/users/Rickasaurus/followers', 'following_url': 'https://api.github.com/users/Rickasaurus/following{/other_user}', 'gists_url': 'https://api.github.com/users/Rickasaurus/gists{/gist_id}', 'starred_url': 'https://api.github.com/users/Rickasaurus/starred{/owner}{/repo}', 'subscriptions_url': 'https://api.github.com/users/Rickasaurus/subscriptions', 'organizations_url': 'https://api.github.com/users/Rickasaurus/orgs', 'repos_url': 'https://api.github.com/users/Rickasaurus/repos', 'events_url': 'https://api.github.com/users/Rickasaurus/events{/privacy}', 'received_events_url': 'https://api.github.com/users/Rickasaurus/received_events', 'type': 'User', 'user_view_type': 'public', 'site_admin': False}",False,,,1
stargazers_url.__api__[9],[9],dict,"{'login': 'babo', 'id': 1548, 'node_id': 'MDQ6VXNlcjE1NDg=', 'avatar_url': 'https://avatars.githubusercontent.com/u/1548?v=4', 'gravatar_id': '', 'url': 'https://api.github.com/users/babo', 'html_url': 'https://github.com/babo', 'followers_url': 'https://api.github.com/users/babo/followers', 'following_url': 'https://api.github.com/users/babo/following{/other_user}', 'gists_url': 'https://api.github.com/users/babo/gists{/gist_id}', 'starred_url': 'https://api.github.com/users/babo/starred{/owner}{/repo}', 'subscriptions_url': 'https://api.github.com/users/babo/subscriptions', 'organizations_url': 'https://api.github.com/users/babo/orgs', 'repos_url': 'https://api.github.com/users/babo/repos', 'events_url': 'https://api.github.com/users/babo/events{/privacy}', 'received_events_url': 'https://api.github.com/users/babo/received_events', 'type': 'User', 'user_view_type': 'public', 'site_admin': False}",False,,,1
stargazers_url.__api__[10],[10],dict,"{'login': 'ask', 'id': 1558, 'node_id': 'MDQ6VXNlcjE1NTg=', 'avatar_url': 'https://avatars.githubusercontent.com/u/1558?v=4', 'gravatar_id': '', 'url': 'https://api.github.com/users/ask', 'html_url': 'https://github.com/ask', 'followers_url': 'https://api.github.com/users/ask/followers', 'following_url': 'https://api.github.com/users/ask/following{/other_user}', 'gists_url': 'https://api.github.com/users/ask/gists{/gist_id}', 'starred_url': 'https://api.github.com/users/ask/starred{/owner}{/repo}', 'subscriptions_url': 'https://api.github.com/users/ask/subscriptions', 'organizations_url': 'https://api.github.com/users/ask/orgs', 'repos_url': 'https://api.github.com/users/ask/repos', 'events_url': 'https://api.github.com/users/ask/events{/privacy}', 'received_events_url': 'https://api.github.com/users/ask/received_events', 'type': 'User', 'user_view_type': 'public', 'site_admin': False}",False,,,1
stargazers_url.__api__[11],[11],dict,"{'login': 'bmabey', 'id': 1837, 'node_id': 'MDQ6VXNlcjE4Mzc=', 'avatar_url': 'https://avatars.githubusercontent.com/u/1837?v=4', 'gravatar_id': '', 'url': 'https://api.github.com/users/bmabey', 'html_url': 'https://github.com/bmabey', 'followers_url': 'https://api.github.com/users/bmabey/followers', 'following_url': 'https://api.github.com/users/bmabey/following{/other_user}', 'gists_url': 'https://api.github.com/users/bmabey/gists{/gist_id}', 'starred_url': 'https://api.github.com/users/bmabey/starred{/owner}{/repo}', 'subscriptions_url': 'https://api.github.com/users/bmabey/subscriptions', 'organizations_url': 'https://api.github.com/users/bmabey/orgs', 'repos_url': 'https://api.github.com/users/bmabey/repos', 'events_url': 'https://api.github.com/users/bmabey/events{/privacy}', 'received_events_url': 'https://api.github.com/users/bmabey/received_events', 'type': 'User', 'user_view_type': 'public', 'site_admin': False}",False,,,1
stargazers_url.__api__[12],[12],dict,"{'login': 'abisani', 'id': 1954, 'node_id': 'MDQ6VXNlcjE5NTQ=', 'avatar_url': 'https://avatars.githubusercontent.com/u/1954?v=4', 'gravatar_id': '', 'url': 'https://api.github.com/users/abisani', 'html_url': 'https://github.com/abisani', 'followers_url': 'https://api.github.com/users/abisani/followers', 'following_url': 'https://api.github.com/users/abisani/following{/other_user}', 'gists_url': 'https://api.github.com/users/abisani/gists{/gist_id}', 'starred_url': 'https://api.github.com/users/abisani/starred{/owner}{/repo}', 'subscriptions_url': 'https://api.github.com/users/abisani/subscriptions', 'organizations_url': 'https://api.github.com/users/abisani/orgs', 'repos_url': 'https://api.github.com/users/abisani/repos', 'events_url': 'https://api.github.com/users/abisani/events{/privacy}', 'received_events_url': 'https://api.github.com/users/abisani/received_events', 'type': 'User', 'user_view_type': 'public', 'site_admin': False}",False,,,1
stargazers_url.__api__[13],[13],dict,"{'login': 'jonpierce', 'id': 2025, 'node_id': 'MDQ6VXNlcjIwMjU=', 'avatar_url': 'https://avatars.githubusercontent.com/u/2025?v=4', 'gravatar_id': '', 'url': 'https://api.github.com/users/jonpierce', 'html_url': 'https://github.com/jonpierce', 'followers_url': 'https://api.github.com/users/jonpierce/followers', 'following_url': 'https://api.github.com/users/jonpierce/following{/other_user}', 'gists_url': 'https://api.github.com/users/jonpierce/gists{/gist_id}', 'starred_url': 'https://api.github.com/users/jonpierce/starred{/owner}{/repo}', 'subscriptions_url': 'https://api.github.com/users/jonpierce/subscriptions', 'organizations_url': 'https://api.github.com/users/jonpierce/orgs', 'repos_url': 'https://api.github.com/users/jonpierce/repos', 'events_url': 'https://api.github.com/users/jonpierce/events{/privacy}', 'received_events_url': 'https://api.github.com/users/jonpierce/received_events', 'type': 'User', 'user_view_type': 'public', 'site_admin': False}",False,,,1
stargazers_url.__api__[14],[14],dict,"{'login': 'mikong', 'id': 4162, 'node_id': 'MDQ6VXNlcjQxNjI=', 'avatar_url': 'https://avatars.githubusercontent.com/u/4162?v=4', 'gravatar_id': '', 'url': 'https://api.github.com/users/mikong', 'html_url': 'https://github.com/mikong', 'followers_url': 'https://api.github.com/users/mikong/followers', 'following_url': 'https://api.github.com/users/mikong/following{/other_user}', 'gists_url': 'https://api.github.com/users/mikong/gists{/gist_id}', 'starred_url': 'https://api.github.com/users/mikong/starred{/owner}{/repo}', 'subscriptions_url': 'https://api.github.com/users/mikong/subscriptions', 'organizations_url': 'https://api.github.com/users/mikong/orgs', 'repos_url': 'https://api.github.com/users/mikong/repos', 'events_url': 'https://api.github.com/users/mikong/events{/privacy}', 'received_events_url': 'https://api.github.com/users/mikong/received_events', 'type': 'User', 'user_view_type': 'public', 'site_admin': False}",False,,,1
stargazers_url.__api__[15],[15],dict,"{'login': 'cartazio', 'id': 4290, 'node_id': 'MDQ6VXNlcjQyOTA=', 'avatar_url': 'https://avatars.githubusercontent.com/u/4290?v=4', 'gravatar_id': '', 'url': 'https://api.github.com/users/cartazio', 'html_url': 'https://github.com/cartazio', 'followers_url': 'https://api.github.com/users/cartazio/followers', 'following_url': 'https://api.github.com/users/cartazio/following{/other_user}', 'gists_url': 'https://api.github.com/users/cartazio/gists{/gist_id}', 'starred_url': 'https://api.github.com/users/cartazio/starred{/owner}{/repo}', 'subscriptions_url': 'https://api.github.com/users/cartazio/subscriptions', 'organizations_url': 'https://api.github.com/users/cartazio/orgs', 'repos_url': 'https://api.github.com/users/cartazio/repos', 'events_url': 'https://api.github.com/users/cartazio/events{/privacy}', 'received_events_url': 'https://api.github.com/users/cartazio/received_events', 'type': 'User', 'user_view_type': 'public', 'site_admin': False}",False,,,1
stargazers_url.__api__[16],[16],dict,"{'login': 'olifante', 'id': 5111, 'node_id': 'MDQ6VXNlcjUxMTE=', 'avatar_url': 'https://avatars.githubusercontent.com/u/5111?v=4', 'gravatar_id': '', 'url': 'https://api.github.com/users/olifante', 'html_url': 'https://github.com/olifante', 'followers_url': 'https://api.github.com/users/olifante/followers', 'following_url': 'https://api.github.com/users/olifante/following{/other_user}', 'gists_url': 'https://api.github.com/users/olifante/gists{/gist_id}', 'starred_url': 'https://api.github.com/users/olifante/starred{/owner}{/repo}', 'subscriptions_url': 'https://api.github.com/users/olifante/subscriptions', 'organizations_url': 'https://api.github.com/users/olifante/orgs', 'repos_url': 'https://api.github.com/users/olifante/repos', 'events_url': 'https://api.github.com/users/olifante/events{/privacy}', 'received_events_url': 'https://api.github.com/users/olifante/received_events', 'type': 'User', 'user_view_type': 'public', 'site_admin': False}",False,,,1
stargazers_url.__api__[17],[17],dict,"{'login': 'brunojm', 'id': 5225, 'node_id': 'MDQ6VXNlcjUyMjU=', 'avatar_url': 'https://avatars.githubusercontent.com/u/5225?v=4', 'gravatar_id': '', 'url': 'https://api.github.com/users/brunojm', 'html_url': 'https://github.com/brunojm', 'followers_url': 'https://api.github.com/users/brunojm/followers', 'following_url': 'https://api.github.com/users/brunojm/following{/other_user}', 'gists_url': 'https://api.github.com/users/brunojm/gists{/gist_id}', 'starred_url': 'https://api.github.com/users/brunojm/starred{/owner}{/repo}', 'subscriptions_url': 'https://api.github.com/users/brunojm/subscriptions', 'organizations_url': 'https://api.github.com/users/brunojm/orgs', 'repos_url': 'https://api.github.com/users/brunojm/repos', 'events_url': 'https://api.github.com/users/brunojm/events{/privacy}', 'received_events_url': 'https://api.github.com/users/brunojm/received_events', 'type': 'User', 'user_view_type': 'public', 'site_admin': False}",False,,,1
stargazers_url.__api__[18],[18],dict,"{'login': 'jackscott', 'id': 5823, 'node_id': 'MDQ6VXNlcjU4MjM=', 'avatar_url': 'https://avatars.githubusercontent.com/u/5823?v=4', 'gravatar_id': '', 'url': 'https://api.github.com/users/jackscott', 'html_url': 'https://github.com/jackscott', 'followers_url': 'https://api.github.com/users/jackscott/followers', 'following_url': 'https://api.github.com/users/jackscott/following{/other_user}', 'gists_url': 'https://api.github.com/users/jackscott/gists{/gist_id}', 'starred_url': 'https://api.github.com/users/jackscott/starred{/owner}{/repo}', 'subscriptions_url': 'https://api.github.com/users/jackscott/subscriptions', 'organizations_url': 'https://api.github.com/users/jackscott/orgs', 'repos_url': 'https://api.github.com/users/jackscott/repos', 'events_url': 'https://api.github.com/users/jackscott/events{/privacy}', 'received_events_url': 'https://api.github.com/users/jackscott/received_events', 'type': 'User', 'user_view_type': 'public', 'site_admin': False}",False,,,1
stargazers_url.__api__[19],[19],dict,"{'login': 'mrflip', 'id': 6128, 'node_id': 'MDQ6VXNlcjYxMjg=', 'avatar_url': 'https://avatars.githubusercontent.com/u/6128?v=4', 'gravatar_id': '', 'url': 'https://api.github.com/users/mrflip', 'html_url': 'https://github.com/mrflip', 'followers_url': 'https://api.github.com/users/mrflip/followers', 'following_url': 'https://api.github.com/users/mrflip/following{/other_user}', 'gists_url': 'https://api.github.com/users/mrflip/gists{/gist_id}', 'starred_url': 'https://api.github.com/users/mrflip/starred{/owner}{/repo}', 'subscriptions_url': 'https://api.github.com/users/mrflip/subscriptions', 'organizations_url': 'https://api.github.com/users/mrflip/orgs', 'repos_url': 'https://api.github.com/users/mrflip/repos', 'events_url': 'https://api.github.com/users/mrflip/events{/privacy}', 'received_events_url': 'https://api.github.com/users/mrflip/received_events', 'type': 'User', 'user_view_type': 'public', 'site_admin': False}",False,,,1
stargazers_url.__api__[20],[20],dict,"{'login': 'dsisnero', 'id': 6213, 'node_id': 'MDQ6VXNlcjYyMTM=', 'avatar_url': 'https://avatars.githubusercontent.com/u/6213?v=4', 'gravatar_id': '', 'url': 'https://api.github.com/users/dsisnero', 'html_url': 'https://github.com/dsisnero', 'followers_url': 'https://api.github.com/users/dsisnero/followers', 'following_url': 'https://api.github.com/users/dsisnero/following{/other_user}', 'gists_url': 'https://api.github.com/users/dsisnero/gists{/gist_id}', 'starred_url': 'https://api.github.com/users/dsisnero/starred{/owner}{/repo}', 'subscriptions_url': 'https://api.github.com/users/dsisnero/subscriptions', 'organizations_url': 'https://api.github.com/users/dsisnero/orgs', 'repos_url': 'https://api.github.com/users/dsisnero/repos', 'events_url': 'https://api.github.com/users/dsisnero/events{/privacy}', 'received_events_url': 'https://api.github.com/users/dsisnero/received_events', 'type': 'User', 'user_view_type': 'public', 'site_admin': False}",False,,,1
stargazers_url.__api__[21],[21],dict,"{'login': 'nuin', 'id': 6273, 'node_id': 'MDQ6VXNlcjYyNzM=', 'avatar_url': 'https://avatars.githubusercontent.com/u/6273?v=4', 'gravatar_id': '', 'url': 'https://api.github.com/users/nuin', 'html_url': 'https://github.com/nuin', 'followers_url': 'https://api.github.com/users/nuin/followers', 'following_url': 'https://api.github.com/users/nuin/following{/other_user}', 'gists_url': 'https://api.github.com/users/nuin/gists{/gist_id}', 'starred_url': 'https://api.github.com/users/nuin/starred{/owner}{/repo}', 'subscriptions_url': 'https://api.github.com/users/nuin/subscriptions', 'organizations_url': 'https://api.github.com/users/nuin/orgs', 'repos_url': 'https://api.github.com/users/nuin/repos', 'events_url': 'https://api.github.com/users/nuin/events{/privacy}', 'received_events_url': 'https://api.github.com/users/nuin/received_events', 'type': 'User', 'user_view_type': 'public', 'site_admin': False}",False,,,1
stargazers_url.__api__[22],[22],dict,"{'login': 'seanjtaylor', 'id': 7317, 'node_id': 'MDQ6VXNlcjczMTc=', 'avatar_url': 'https://avatars.githubusercontent.com/u/7317?v=4', 'gravatar_id': '', 'url': 'https://api.github.com/users/seanjtaylor', 'html_url': 'https://github.com/seanjtaylor', 'followers_url': 'https://api.github.com/users/seanjtaylor/followers', 'following_url': 'https://api.github.com/users/seanjtaylor/following{/other_user}', 'gists_url': 'https://api.github.com/users/seanjtaylor/gists{/gist_id}', 'starred_url': 'https://api.github.com/users/seanjtaylor/starred{/owner}{/repo}', 'subscriptions_url': 'https://api.github.com/users/seanjtaylor/subscriptions', 'organizations_url': 'https://api.github.com/users/seanjtaylor/orgs', 'repos_url': 'https://api.github.com/users/seanjtaylor/repos', 'events_url': 'https://api.github.com/users/seanjtaylor/events{/privacy}', 'received_events_url': 'https://api.github.com/users/seanjtaylor/received_events', 'type': 'User', 'user_view_type': 'public', 'site_admin': False}",False,,,1
stargazers_url.__api__[23],[23],dict,"{'login': 'kirubakaran', 'id': 7503, 'node_id': 'MDQ6VXNlcjc1MDM=', 'avatar_url': 'https://avatars.githubusercontent.com/u/7503?v=4', 'gravatar_id': '', 'url': 'https://api.github.com/users/kirubakaran', 'html_url': 'https://github.com/kirubakaran', 'followers_url': 'https://api.github.com/users/kirubakaran/followers', 'following_url': 'https://api.github.com/users/kirubakaran/following{/other_user}', 'gists_url': 'https://api.github.com/users/kirubakaran/gists{/gist_id}', 'starred_url': 'https://api.github.com/users/kirubakaran/starred{/owner}{/repo}', 'subscriptions_url': 'https://api.github.com/users/kirubakaran/subscriptions', 'organizations_url': 'https://api.github.com/users/kirubakaran/orgs', 'repos_url': 'https://api.github.com/users/kirubakaran/repos', 'events_url': 'https://api.github.com/users/kirubakaran/events{/privacy}', 'received_events_url': 'https://api.github.com/users/kirubakaran/received_events', 'type': 'User', 'user_view_type': 'public', 'site_admin': False}",False,,,1
stargazers_url.__api__[24],[24],dict,"{'login': 'jamshid', 'id': 8549, 'node_id': 'MDQ6VXNlcjg1NDk=', 'avatar_url': 'https://avatars.githubusercontent.com/u/8549?v=4', 'gravatar_id': '', 'url': 'https://api.github.com/users/jamshid', 'html_url': 'https://github.com/jamshid', 'followers_url': 'https://api.github.com/users/jamshid/followers', 'following_url': 'https://api.github.com/users/jamshid/following{/other_user}', 'gists_url': 'https://api.github.com/users/jamshid/gists{/gist_id}', 'starred_url': 'https://api.github.com/users/jamshid/starred{/owner}{/repo}', 'subscriptions_url': 'https://api.github.com/users/jamshid/subscriptions', 'organizations_url': 'https://api.github.com/users/jamshid/orgs', 'repos_url': 'https://api.github.com/users/jamshid/repos', 'events_url': 'https://api.github.com/users/jamshid/events{/privacy}', 'received_events_url': 'https://api.github.com/users/jamshid/received_events', 'type': 'User', 'user_view_type': 'public', 'site_admin': False}",False,,,1
stargazers_url.__api__[25],[25],dict,"{'login': 'jeremi', 'id': 9537, 'node_id': 'MDQ6VXNlcjk1Mzc=', 'avatar_url': 'https://avatars.githubusercontent.com/u/9537?v=4', 'gravatar_id': '', 'url': 'https://api.github.com/users/jeremi', 'html_url': 'https://github.com/jeremi', 'followers_url': 'https://api.github.com/users/jeremi/followers', 'following_url': 'https://api.github.com/users/jeremi/following{/other_user}', 'gists_url': 'https://api.github.com/users/jeremi/gists{/gist_id}', 'starred_url': 'https://api.github.com/users/jeremi/starred{/owner}{/repo}', 'subscriptions_url': 'https://api.github.com/users/jeremi/subscriptions', 'organizations_url': 'https://api.github.com/users/jeremi/orgs', 'repos_url': 'https://api.github.com/users/jeremi/repos', 'events_url': 'https://api.github.com/users/jeremi/events{/privacy}', 'received_events_url': 'https://api.github.com/users/jeremi/received_events', 'type': 'User', 'user_view_type': 'public', 'site_admin': False}",False,,,1
stargazers_url.__api__[26],[26],dict,"{'login': 'rauanmayemir', 'id': 9691, 'node_id': 'MDQ6VXNlcjk2OTE=', 'avatar_url': 'https://avatars.githubusercontent.com/u/9691?v=4', 'gravatar_id': '', 'url': 'https://api.github.com/users/rauanmayemir', 'html_url': 'https://github.com/rauanmayemir', 'followers_url': 'https://api.github.com/users/rauanmayemir/followers', 'following_url': 'https://api.github.com/users/rauanmayemir/following{/other_user}', 'gists_url': 'https://api.github.com/users/rauanmayemir/gists{/gist_id}', 'starred_url': 'https://api.github.com/users/rauanmayemir/starred{/owner}{/repo}', 'subscriptions_url': 'https://api.github.com/users/rauanmayemir/subscriptions', 'organizations_url': 'https://api.github.com/users/rauanmayemir/orgs', 'repos_url': 'https://api.github.com/users/rauanmayemir/repos', 'events_url': 'https://api.github.com/users/rauanmayemir/events{/privacy}', 'received_events_url': 'https://api.github.com/users/rauanmayemir/received_events', 'type': 'User', 'user_view_type': 'public', 'site_admin': False}",False,,,1
stargazers_url.__api__[27],[27],dict,"{'login': 'rwl', 'id': 9773, 'node_id': 'MDQ6VXNlcjk3NzM=', 'avatar_url': 'https://avatars.githubusercontent.com/u/9773?v=4', 'gravatar_id': '', 'url': 'https://api.github.com/users/rwl', 'html_url': 'https://github.com/rwl', 'followers_url': 'https://api.github.com/users/rwl/followers', 'following_url': 'https://api.github.com/users/rwl/following{/other_user}', 'gists_url': 'https://api.github.com/users/rwl/gists{/gist_id}', 'starred_url': 'https://api.github.com/users/rwl/starred{/owner}{/repo}', 'subscriptions_url': 'https://api.github.com/users/rwl/subscriptions', 'organizations_url': 'https://api.github.com/users/rwl/orgs', 'repos_url': 'https://api.github.com/users/rwl/repos', 'events_url': 'https://api.github.com/users/rwl/events{/privacy}', 'received_events_url': 'https://api.github.com/users/rwl/received_events', 'type': 'User', 'user_view_type': 'public', 'site_admin': False}",False,,,1
stargazers_url.__api__[28],[28],dict,"{'login': 'arnaudsj', 'id': 9855, 'node_id': 'MDQ6VXNlcjk4NTU=', 'avatar_url': 'https://avatars.githubusercontent.com/u/9855?v=4', 'gravatar_id': '', 'url': 'https://api.github.com/users/arnaudsj', 'html_url': 'https://github.com/arnaudsj', 'followers_url': 'https://api.github.com/users/arnaudsj/followers', 'following_url': 'https://api.github.com/users/arnaudsj/following{/other_user}', 'gists_url': 'https://api.github.com/users/arnaudsj/gists{/gist_id}', 'starred_url': 'https://api.github.com/users/arnaudsj/starred{/owner}{/repo}', 'subscriptions_url': 'https://api.github.com/users/arnaudsj/subscriptions', 'organizations_url': 'https://api.github.com/users/arnaudsj/orgs', 'repos_url': 'https://api.github.com/users/arnaudsj/repos', 'events_url': 'https://api.github.com/users/arnaudsj/events{/privacy}', 'received_events_url': 'https://api.github.com/users/arnaudsj/received_events', 'type': 'User', 'user_view_type': 'public', 'site_admin': False}",False,,,1
stargazers_url.__api__[29],[29],dict,"{'login': 'lmacken', 'id': 9980, 'node_id': 'MDQ6VXNlcjk5ODA=', 'avatar_url': 'https://avatars.githubusercontent.com/u/9980?v=4', 'gravatar_id': '', 'url': 'https://api.github.com/users/lmacken', 'html_url': 'https://github.com/lmacken', 'followers_url': 'https://api.github.com/users/lmacken/followers', 'following_url': 'https://api.github.com/users/lmacken/following{/other_user}', 'gists_url': 'https://api.github.com/users/lmacken/gists{/gist_id}', 'starred_url': 'https://api.github.com/users/lmacken/starred{/owner}{/repo}', 'subscriptions_url': 'https://api.github.com/users/lmacken/subscriptions', 'organizations_url': 'https://api.github.com/users/lmacken/orgs', 'repos_url': 'https://api.github.com/users/lmacken/repos', 'events_url': 'https://api.github.com/users/lmacken/events{/privacy}', 'received_events_url': 'https://api.github.com/users/lmacken/received_events', 'type': 'User', 'user_view_type': 'public', 'site_admin': False}",False,,,1
subscribers_url,subscribers_url,str,https://api.github.com/repos/pandas-dev/pandas/subscribers,True,,,0
subscribers_url.__api_fetch__,__api_fetch__,list,https://api.github.com/repos/pandas-dev/pandas/subscribers,True,success,,0
subscribers_url.__api__[0],[0],dict,"{'login': 'changhiskhan', 'id': 759245, 'node_id': 'MDQ6VXNlcjc1OTI0NQ==', 'avatar_url': 'https://avatars.githubusercontent.com/u/759245?v=4', 'gravatar_id': '', 'url': 'https://api.github.com/users/changhiskhan', 'html_url': 'https://github.com/changhiskhan', 'followers_url': 'https://api.github.com/users/changhiskhan/followers', 'following_url': 'https://api.github.com/users/changhiskhan/following{/other_user}', 'gists_url': 'https://api.github.com/users/changhiskhan/gists{/gist_id}', 'starred_url': 'https://api.github.com/users/changhiskhan/starred{/owner}{/repo}', 'subscriptions_url': 'https://api.github.com/users/changhiskhan/subscriptions', 'organizations_url': 'https://api.github.com/users/changhiskhan/orgs', 'repos_url': 'https://api.github.com/users/changhiskhan/repos', 'events_url': 'https://api.github.com/users/changhiskhan/events{/privacy}', 'received_events_url': 'https://api.github.com/users/changhiskhan/received_events', 'type': 'User', 'user_view_type': 'public', 'site_admin': False}",False,,,1
subscribers_url.__api__[1],[1],dict,"{'login': 'mngu2382', 'id': 1483695, 'node_id': 'MDQ6VXNlcjE0ODM2OTU=', 'avatar_url': 'https://avatars.githubusercontent.com/u/1483695?v=4', 'gravatar_id': '', 'url': 'https://api.github.com/users/mngu2382', 'html_url': 'https://github.com/mngu2382', 'followers_url': 'https://api.github.com/users/mngu2382/followers', 'following_url': 'https://api.github.com/users/mngu2382/following{/other_user}', 'gists_url': 'https://api.github.com/users/mngu2382/gists{/gist_id}', 'starred_url': 'https://api.github.com/users/mngu2382/starred{/owner}{/repo}', 'subscriptions_url': 'https://api.github.com/users/mngu2382/subscriptions', 'organizations_url': 'https://api.github.com/users/mngu2382/orgs', 'repos_url': 'https://api.github.com/users/mngu2382/repos', 'events_url': 'https://api.github.com/users/mngu2382/events{/privacy}', 'received_events_url': 'https://api.github.com/users/mngu2382/received_events', 'type': 'User', 'user_view_type': 'public', 'site_admin': False}",False,,,1
subscribers_url.__api__[2],[2],dict,"{'login': 'GrAndSE', 'id': 116927, 'node_id': 'MDQ6VXNlcjExNjkyNw==', 'avatar_url': 'https://avatars.githubusercontent.com/u/116927?v=4', 'gravatar_id': '', 'url': 'https://api.github.com/users/GrAndSE', 'html_url': 'https://github.com/GrAndSE', 'followers_url': 'https://api.github.com/users/GrAndSE/followers', 'following_url': 'https://api.github.com/users/GrAndSE/following{/other_user}', 'gists_url': 'https://api.github.com/users/GrAndSE/gists{/gist_id}', 'starred_url': 'https://api.github.com/users/GrAndSE/starred{/owner}{/repo}', 'subscriptions_url': 'https://api.github.com/users/GrAndSE/subscriptions', 'organizations_url': 'https://api.github.com/users/GrAndSE/orgs', 'repos_url': 'https://api.github.com/users/GrAndSE/repos', 'events_url': 'https://api.github.com/users/GrAndSE/events{/privacy}', 'received_events_url': 'https://api.github.com/users/GrAndSE/received_events', 'type': 'User', 'user_view_type': 'public', 'site_admin': False}",False,,,1
subscribers_url.__api__[3],[3],dict,"{'login': 'tcheneau', 'id': 952059, 'node_id': 'MDQ6VXNlcjk1MjA1OQ==', 'avatar_url': 'https://avatars.githubusercontent.com/u/952059?v=4', 'gravatar_id': '', 'url': 'https://api.github.com/users/tcheneau', 'html_url': 'https://github.com/tcheneau', 'followers_url': 'https://api.github.com/users/tcheneau/followers', 'following_url': 'https://api.github.com/users/tcheneau/following{/other_user}', 'gists_url': 'https://api.github.com/users/tcheneau/gists{/gist_id}', 'starred_url': 'https://api.github.com/users/tcheneau/starred{/owner}{/repo}', 'subscriptions_url': 'https://api.github.com/users/tcheneau/subscriptions', 'organizations_url': 'https://api.github.com/users/tcheneau/orgs', 'repos_url': 'https://api.github.com/users/tcheneau/repos', 'events_url': 'https://api.github.com/users/tcheneau/events{/privacy}', 'received_events_url': 'https://api.github.com/users/tcheneau/received_events', 'type': 'User', 'user_view_type': 'public', 'site_admin': False}",False,,,1
subscribers_url.__api__[4],[4],dict,"{'login': 'jreeder', 'id': 264973, 'node_id': 'MDQ6VXNlcjI2NDk3Mw==', 'avatar_url': 'https://avatars.githubusercontent.com/u/264973?v=4', 'gravatar_id': '', 'url': 'https://api.github.com/users/jreeder', 'html_url': 'https://github.com/jreeder', 'followers_url': 'https://api.github.com/users/jreeder/followers', 'following_url': 'https://api.github.com/users/jreeder/following{/other_user}', 'gists_url': 'https://api.github.com/users/jreeder/gists{/gist_id}', 'starred_url': 'https://api.github.com/users/jreeder/starred{/owner}{/repo}', 'subscriptions_url': 'https://api.github.com/users/jreeder/subscriptions', 'organizations_url': 'https://api.github.com/users/jreeder/orgs', 'repos_url': 'https://api.github.com/users/jreeder/repos', 'events_url': 'https://api.github.com/users/jreeder/events{/privacy}', 'received_events_url': 'https://api.github.com/users/jreeder/received_events', 'type': 'User', 'user_view_type': 'public', 'site_admin': False}",False,,,1
subscribers_url.__api__[5],[5],dict,"{'login': 'drewfrank', 'id': 461273, 'node_id': 'MDQ6VXNlcjQ2MTI3Mw==', 'avatar_url': 'https://avatars.githubusercontent.com/u/461273?v=4', 'gravatar_id': '', 'url': 'https://api.github.com/users/drewfrank', 'html_url': 'https://github.com/drewfrank', 'followers_url': 'https://api.github.com/users/drewfrank/followers', 'following_url': 'https://api.github.com/users/drewfrank/following{/other_user}', 'gists_url': 'https://api.github.com/users/drewfrank/gists{/gist_id}', 'starred_url': 'https://api.github.com/users/drewfrank/starred{/owner}{/repo}', 'subscriptions_url': 'https://api.github.com/users/drewfrank/subscriptions', 'organizations_url': 'https://api.github.com/users/drewfrank/orgs', 'repos_url': 'https://api.github.com/users/drewfrank/repos', 'events_url': 'https://api.github.com/users/drewfrank/events{/privacy}', 'received_events_url': 'https://api.github.com/users/drewfrank/received_events', 'type': 'User', 'user_view_type': 'public', 'site_admin': False}",False,,,1
subscribers_url.__api__[6],[6],dict,"{'login': 'gerrylin', 'id': 323193, 'node_id': 'MDQ6VXNlcjMyMzE5Mw==', 'avatar_url': 'https://avatars.githubusercontent.com/u/323193?v=4', 'gravatar_id': '', 'url': 'https://api.github.com/users/gerrylin', 'html_url': 'https://github.com/gerrylin', 'followers_url': 'https://api.github.com/users/gerrylin/followers', 'following_url': 'https://api.github.com/users/gerrylin/following{/other_user}', 'gists_url': 'https://api.github.com/users/gerrylin/gists{/gist_id}', 'starred_url': 'https://api.github.com/users/gerrylin/starred{/owner}{/repo}', 'subscriptions_url': 'https://api.github.com/users/gerrylin/subscriptions', 'organizations_url': 'https://api.github.com/users/gerrylin/orgs', 'repos_url': 'https://api.github.com/users/gerrylin/repos', 'events_url': 'https://api.github.com/users/gerrylin/events{/privacy}', 'received_events_url': 'https://api.github.com/users/gerrylin/received_events', 'type': 'User', 'user_view_type': 'public', 'site_admin': False}",False,,,1
subscribers_url.__api__[7],[7],dict,"{'login': 'antiface', 'id': 1619852, 'node_id': 'MDQ6VXNlcjE2MTk4NTI=', 'avatar_url': 'https://avatars.githubusercontent.com/u/1619852?v=4', 'gravatar_id': '', 'url': 'https://api.github.com/users/antiface', 'html_url': 'https://github.com/antiface', 'followers_url': 'https://api.github.com/users/antiface/followers', 'following_url': 'https://api.github.com/users/antiface/following{/other_user}', 'gists_url': 'https://api.github.com/users/antiface/gists{/gist_id}', 'starred_url': 'https://api.github.com/users/antiface/starred{/owner}{/repo}', 'subscriptions_url': 'https://api.github.com/users/antiface/subscriptions', 'organizations_url': 'https://api.github.com/users/antiface/orgs', 'repos_url': 'https://api.github.com/users/antiface/repos', 'events_url': 'https://api.github.com/users/antiface/events{/privacy}', 'received_events_url': 'https://api.github.com/users/antiface/received_events', 'type': 'User', 'user_view_type': 'public', 'site_admin': False}",False,,,1
subscribers_url.__api__[8],[8],dict,"{'login': 'axs', 'id': 145244, 'node_id': 'MDQ6VXNlcjE0NTI0NA==', 'avatar_url': 'https://avatars.githubusercontent.com/u/145244?v=4', 'gravatar_id': '', 'url': 'https://api.github.com/users/axs', 'html_url': 'https://github.com/axs', 'followers_url': 'https://api.github.com/users/axs/followers', 'following_url': 'https://api.github.com/users/axs/following{/other_user}', 'gists_url': 'https://api.github.com/users/axs/gists{/gist_id}', 'starred_url': 'https://api.github.com/users/axs/starred{/owner}{/repo}', 'subscriptions_url': 'https://api.github.com/users/axs/subscriptions', 'organizations_url': 'https://api.github.com/users/axs/orgs', 'repos_url': 'https://api.github.com/users/axs/repos', 'events_url': 'https://api.github.com/users/axs/events{/privacy}', 'received_events_url': 'https://api.github.com/users/axs/received_events', 'type': 'User', 'user_view_type': 'public', 'site_admin': False}",False,,,1
subscribers_url.__api__[9],[9],dict,"{'login': 'maxarai', 'id': 2505875, 'node_id': 'MDQ6VXNlcjI1MDU4NzU=', 'avatar_url': 'https://avatars.githubusercontent.com/u/2505875?v=4', 'gravatar_id': '', 'url': 'https://api.github.com/users/maxarai', 'html_url': 'https://github.com/maxarai', 'followers_url': 'https://api.github.com/users/maxarai/followers', 'following_url': 'https://api.github.com/users/maxarai/following{/other_user}', 'gists_url': 'https://api.github.com/users/maxarai/gists{/gist_id}', 'starred_url': 'https://api.github.com/users/maxarai/starred{/owner}{/repo}', 'subscriptions_url': 'https://api.github.com/users/maxarai/subscriptions', 'organizations_url': 'https://api.github.com/users/maxarai/orgs', 'repos_url': 'https://api.github.com/users/maxarai/repos', 'events_url': 'https://api.github.com/users/maxarai/events{/privacy}', 'received_events_url': 'https://api.github.com/users/maxarai/received_events', 'type': 'User', 'user_view_type': 'public', 'site_admin': False}",False,,,1
subscribers_url.__api__[10],[10],dict,"{'login': 'falconzyx', 'id': 2308771, 'node_id': 'MDQ6VXNlcjIzMDg3NzE=', 'avatar_url': 'https://avatars.githubusercontent.com/u/2308771?v=4', 'gravatar_id': '', 'url': 'https://api.github.com/users/falconzyx', 'html_url': 'https://github.com/falconzyx', 'followers_url': 'https://api.github.com/users/falconzyx/followers', 'following_url': 'https://api.github.com/users/falconzyx/following{/other_user}', 'gists_url': 'https://api.github.com/users/falconzyx/gists{/gist_id}', 'starred_url': 'https://api.github.com/users/falconzyx/starred{/owner}{/repo}', 'subscriptions_url': 'https://api.github.com/users/falconzyx/subscriptions', 'organizations_url': 'https://api.github.com/users/falconzyx/orgs', 'repos_url': 'https://api.github.com/users/falconzyx/repos', 'events_url': 'https://api.github.com/users/falconzyx/events{/privacy}', 'received_events_url': 'https://api.github.com/users/falconzyx/received_events', 'type': 'User', 'user_view_type': 'public', 'site_admin': False}",False,,,1
subscribers_url.__api__[11],[11],dict,"{'login': 'henry145', 'id': 1377516, 'node_id': 'MDQ6VXNlcjEzNzc1MTY=', 'avatar_url': 'https://avatars.githubusercontent.com/u/1377516?v=4', 'gravatar_id': '', 'url': 'https://api.github.com/users/henry145', 'html_url': 'https://github.com/henry145', 'followers_url': 'https://api.github.com/users/henry145/followers', 'following_url': 'https://api.github.com/users/henry145/following{/other_user}', 'gists_url': 'https://api.github.com/users/henry145/gists{/gist_id}', 'starred_url': 'https://api.github.com/users/henry145/starred{/owner}{/repo}', 'subscriptions_url': 'https://api.github.com/users/henry145/subscriptions', 'organizations_url': 'https://api.github.com/users/henry145/orgs', 'repos_url': 'https://api.github.com/users/henry145/repos', 'events_url': 'https://api.github.com/users/henry145/events{/privacy}', 'received_events_url': 'https://api.github.com/users/henry145/received_events', 'type': 'User', 'user_view_type': 'public', 'site_admin': False}",False,,,1
subscribers_url.__api__[12],[12],dict,"{'login': 'chudx', 'id': 830337, 'node_id': 'MDQ6VXNlcjgzMDMzNw==', 'avatar_url': 'https://avatars.githubusercontent.com/u/830337?v=4', 'gravatar_id': '', 'url': 'https://api.github.com/users/chudx', 'html_url': 'https://github.com/chudx', 'followers_url': 'https://api.github.com/users/chudx/followers', 'following_url': 'https://api.github.com/users/chudx/following{/other_user}', 'gists_url': 'https://api.github.com/users/chudx/gists{/gist_id}', 'starred_url': 'https://api.github.com/users/chudx/starred{/owner}{/repo}', 'subscriptions_url': 'https://api.github.com/users/chudx/subscriptions', 'organizations_url': 'https://api.github.com/users/chudx/orgs', 'repos_url': 'https://api.github.com/users/chudx/repos', 'events_url': 'https://api.github.com/users/chudx/events{/privacy}', 'received_events_url': 'https://api.github.com/users/chudx/received_events', 'type': 'User', 'user_view_type': 'public', 'site_admin': False}",False,,,1
subscribers_url.__api__[13],[13],dict,"{'login': 'mikebailey', 'id': 2314476, 'node_id': 'MDQ6VXNlcjIzMTQ0NzY=', 'avatar_url': 'https://avatars.githubusercontent.com/u/2314476?v=4', 'gravatar_id': '', 'url': 'https://api.github.com/users/mikebailey', 'html_url': 'https://github.com/mikebailey', 'followers_url': 'https://api.github.com/users/mikebailey/followers', 'following_url': 'https://api.github.com/users/mikebailey/following{/other_user}', 'gists_url': 'https://api.github.com/users/mikebailey/gists{/gist_id}', 'starred_url': 'https://api.github.com/users/mikebailey/starred{/owner}{/repo}', 'subscriptions_url': 'https://api.github.com/users/mikebailey/subscriptions', 'organizations_url': 'https://api.github.com/users/mikebailey/orgs', 'repos_url': 'https://api.github.com/users/mikebailey/repos', 'events_url': 'https://api.github.com/users/mikebailey/events{/privacy}', 'received_events_url': 'https://api.github.com/users/mikebailey/received_events', 'type': 'User', 'user_view_type': 'public', 'site_admin': False}",False,,,1
subscribers_url.__api__[14],[14],dict,"{'login': 'amdstorm', 'id': 1086530, 'node_id': 'MDQ6VXNlcjEwODY1MzA=', 'avatar_url': 'https://avatars.githubusercontent.com/u/1086530?v=4', 'gravatar_id': '', 'url': 'https://api.github.com/users/amdstorm', 'html_url': 'https://github.com/amdstorm', 'followers_url': 'https://api.github.com/users/amdstorm/followers', 'following_url': 'https://api.github.com/users/amdstorm/following{/other_user}', 'gists_url': 'https://api.github.com/users/amdstorm/gists{/gist_id}', 'starred_url': 'https://api.github.com/users/amdstorm/starred{/owner}{/repo}', 'subscriptions_url': 'https://api.github.com/users/amdstorm/subscriptions', 'organizations_url': 'https://api.github.com/users/amdstorm/orgs', 'repos_url': 'https://api.github.com/users/amdstorm/repos', 'events_url': 'https://api.github.com/users/amdstorm/events{/privacy}', 'received_events_url': 'https://api.github.com/users/amdstorm/received_events', 'type': 'User', 'user_view_type': 'public', 'site_admin': False}",False,,,1
subscribers_url.__api__[15],[15],dict,"{'login': 'liang456', 'id': 1673318, 'node_id': 'MDQ6VXNlcjE2NzMzMTg=', 'avatar_url': 'https://avatars.githubusercontent.com/u/1673318?v=4', 'gravatar_id': '', 'url': 'https://api.github.com/users/liang456', 'html_url': 'https://github.com/liang456', 'followers_url': 'https://api.github.com/users/liang456/followers', 'following_url': 'https://api.github.com/users/liang456/following{/other_user}', 'gists_url': 'https://api.github.com/users/liang456/gists{/gist_id}', 'starred_url': 'https://api.github.com/users/liang456/starred{/owner}{/repo}', 'subscriptions_url': 'https://api.github.com/users/liang456/subscriptions', 'organizations_url': 'https://api.github.com/users/liang456/orgs', 'repos_url': 'https://api.github.com/users/liang456/repos', 'events_url': 'https://api.github.com/users/liang456/events{/privacy}', 'received_events_url': 'https://api.github.com/users/liang456/received_events', 'type': 'User', 'user_view_type': 'public', 'site_admin': False}",False,,,1
subscribers_url.__api__[16],[16],dict,"{'login': 'avahram', 'id': 1595976, 'node_id': 'MDQ6VXNlcjE1OTU5NzY=', 'avatar_url': 'https://avatars.githubusercontent.com/u/1595976?v=4', 'gravatar_id': '', 'url': 'https://api.github.com/users/avahram', 'html_url': 'https://github.com/avahram', 'followers_url': 'https://api.github.com/users/avahram/followers', 'following_url': 'https://api.github.com/users/avahram/following{/other_user}', 'gists_url': 'https://api.github.com/users/avahram/gists{/gist_id}', 'starred_url': 'https://api.github.com/users/avahram/starred{/owner}{/repo}', 'subscriptions_url': 'https://api.github.com/users/avahram/subscriptions', 'organizations_url': 'https://api.github.com/users/avahram/orgs', 'repos_url': 'https://api.github.com/users/avahram/repos', 'events_url': 'https://api.github.com/users/avahram/events{/privacy}', 'received_events_url': 'https://api.github.com/users/avahram/received_events', 'type': 'User', 'user_view_type': 'public', 'site_admin': False}",False,,,1
subscribers_url.__api__[17],[17],dict,"{'login': 'sgagnon', 'id': 2769923, 'node_id': 'MDQ6VXNlcjI3Njk5MjM=', 'avatar_url': 'https://avatars.githubusercontent.com/u/2769923?v=4', 'gravatar_id': '', 'url': 'https://api.github.com/users/sgagnon', 'html_url': 'https://github.com/sgagnon', 'followers_url': 'https://api.github.com/users/sgagnon/followers', 'following_url': 'https://api.github.com/users/sgagnon/following{/other_user}', 'gists_url': 'https://api.github.com/users/sgagnon/gists{/gist_id}', 'starred_url': 'https://api.github.com/users/sgagnon/starred{/owner}{/repo}', 'subscriptions_url': 'https://api.github.com/users/sgagnon/subscriptions', 'organizations_url': 'https://api.github.com/users/sgagnon/orgs', 'repos_url': 'https://api.github.com/users/sgagnon/repos', 'events_url': 'https://api.github.com/users/sgagnon/events{/privacy}', 'received_events_url': 'https://api.github.com/users/sgagnon/received_events', 'type': 'User', 'user_view_type': 'public', 'site_admin': False}",False,,,1
subscribers_url.__api__[18],[18],dict,"{'login': 'jeffkwiat', 'id': 72842, 'node_id': 'MDQ6VXNlcjcyODQy', 'avatar_url': 'https://avatars.githubusercontent.com/u/72842?v=4', 'gravatar_id': '', 'url': 'https://api.github.com/users/jeffkwiat', 'html_url': 'https://github.com/jeffkwiat', 'followers_url': 'https://api.github.com/users/jeffkwiat/followers', 'following_url': 'https://api.github.com/users/jeffkwiat/following{/other_user}', 'gists_url': 'https://api.github.com/users/jeffkwiat/gists{/gist_id}', 'starred_url': 'https://api.github.com/users/jeffkwiat/starred{/owner}{/repo}', 'subscriptions_url': 'https://api.github.com/users/jeffkwiat/subscriptions', 'organizations_url': 'https://api.github.com/users/jeffkwiat/orgs', 'repos_url': 'https://api.github.com/users/jeffkwiat/repos', 'events_url': 'https://api.github.com/users/jeffkwiat/events{/privacy}', 'received_events_url': 'https://api.github.com/users/jeffkwiat/received_events', 'type': 'User', 'user_view_type': 'public', 'site_admin': False}",False,,,1
subscribers_url.__api__[19],[19],dict,"{'login': 'zbyufei', 'id': 668348, 'node_id': 'MDQ6VXNlcjY2ODM0OA==', 'avatar_url': 'https://avatars.githubusercontent.com/u/668348?v=4', 'gravatar_id': '', 'url': 'https://api.github.com/users/zbyufei', 'html_url': 'https://github.com/zbyufei', 'followers_url': 'https://api.github.com/users/zbyufei/followers', 'following_url': 'https://api.github.com/users/zbyufei/following{/other_user}', 'gists_url': 'https://api.github.com/users/zbyufei/gists{/gist_id}', 'starred_url': 'https://api.github.com/users/zbyufei/starred{/owner}{/repo}', 'subscriptions_url': 'https://api.github.com/users/zbyufei/subscriptions', 'organizations_url': 'https://api.github.com/users/zbyufei/orgs', 'repos_url': 'https://api.github.com/users/zbyufei/repos', 'events_url': 'https://api.github.com/users/zbyufei/events{/privacy}', 'received_events_url': 'https://api.github.com/users/zbyufei/received_events', 'type': 'User', 'user_view_type': 'public', 'site_admin': False}",False,,,1
subscribers_url.__api__[20],[20],dict,"{'login': 'mitlynk', 'id': 2241651, 'node_id': 'MDQ6VXNlcjIyNDE2NTE=', 'avatar_url': 'https://avatars.githubusercontent.com/u/2241651?v=4', 'gravatar_id': '', 'url': 'https://api.github.com/users/mitlynk', 'html_url': 'https://github.com/mitlynk', 'followers_url': 'https://api.github.com/users/mitlynk/followers', 'following_url': 'https://api.github.com/users/mitlynk/following{/other_user}', 'gists_url': 'https://api.github.com/users/mitlynk/gists{/gist_id}', 'starred_url': 'https://api.github.com/users/mitlynk/starred{/owner}{/repo}', 'subscriptions_url': 'https://api.github.com/users/mitlynk/subscriptions', 'organizations_url': 'https://api.github.com/users/mitlynk/orgs', 'repos_url': 'https://api.github.com/users/mitlynk/repos', 'events_url': 'https://api.github.com/users/mitlynk/events{/privacy}', 'received_events_url': 'https://api.github.com/users/mitlynk/received_events', 'type': 'User', 'user_view_type': 'public', 'site_admin': False}",False,,,1
subscribers_url.__api__[21],[21],dict,"{'login': 'exezix', 'id': 2929438, 'node_id': 'MDQ6VXNlcjI5Mjk0Mzg=', 'avatar_url': 'https://avatars.githubusercontent.com/u/2929438?v=4', 'gravatar_id': '', 'url': 'https://api.github.com/users/exezix', 'html_url': 'https://github.com/exezix', 'followers_url': 'https://api.github.com/users/exezix/followers', 'following_url': 'https://api.github.com/users/exezix/following{/other_user}', 'gists_url': 'https://api.github.com/users/exezix/gists{/gist_id}', 'starred_url': 'https://api.github.com/users/exezix/starred{/owner}{/repo}', 'subscriptions_url': 'https://api.github.com/users/exezix/subscriptions', 'organizations_url': 'https://api.github.com/users/exezix/orgs', 'repos_url': 'https://api.github.com/users/exezix/repos', 'events_url': 'https://api.github.com/users/exezix/events{/privacy}', 'received_events_url': 'https://api.github.com/users/exezix/received_events', 'type': 'User', 'user_view_type': 'public', 'site_admin': False}",False,,,1
subscribers_url.__api__[22],[22],dict,"{'login': 'lijinhui', 'id': 315731, 'node_id': 'MDQ6VXNlcjMxNTczMQ==', 'avatar_url': 'https://avatars.githubusercontent.com/u/315731?v=4', 'gravatar_id': '', 'url': 'https://api.github.com/users/lijinhui', 'html_url': 'https://github.com/lijinhui', 'followers_url': 'https://api.github.com/users/lijinhui/followers', 'following_url': 'https://api.github.com/users/lijinhui/following{/other_user}', 'gists_url': 'https://api.github.com/users/lijinhui/gists{/gist_id}', 'starred_url': 'https://api.github.com/users/lijinhui/starred{/owner}{/repo}', 'subscriptions_url': 'https://api.github.com/users/lijinhui/subscriptions', 'organizations_url': 'https://api.github.com/users/lijinhui/orgs', 'repos_url': 'https://api.github.com/users/lijinhui/repos', 'events_url': 'https://api.github.com/users/lijinhui/events{/privacy}', 'received_events_url': 'https://api.github.com/users/lijinhui/received_events', 'type': 'User', 'user_view_type': 'public', 'site_admin': False}",False,,,1
subscribers_url.__api__[23],[23],dict,"{'login': 'cyeong', 'id': 2139849, 'node_id': 'MDQ6VXNlcjIxMzk4NDk=', 'avatar_url': 'https://avatars.githubusercontent.com/u/2139849?v=4', 'gravatar_id': '', 'url': 'https://api.github.com/users/cyeong', 'html_url': 'https://github.com/cyeong', 'followers_url': 'https://api.github.com/users/cyeong/followers', 'following_url': 'https://api.github.com/users/cyeong/following{/other_user}', 'gists_url': 'https://api.github.com/users/cyeong/gists{/gist_id}', 'starred_url': 'https://api.github.com/users/cyeong/starred{/owner}{/repo}', 'subscriptions_url': 'https://api.github.com/users/cyeong/subscriptions', 'organizations_url': 'https://api.github.com/users/cyeong/orgs', 'repos_url': 'https://api.github.com/users/cyeong/repos', 'events_url': 'https://api.github.com/users/cyeong/events{/privacy}', 'received_events_url': 'https://api.github.com/users/cyeong/received_events', 'type': 'User', 'user_view_type': 'public', 'site_admin': False}",False,,,1
subscribers_url.__api__[24],[24],dict,"{'login': 'francbartoli', 'id': 560676, 'node_id': 'MDQ6VXNlcjU2MDY3Ng==', 'avatar_url': 'https://avatars.githubusercontent.com/u/560676?v=4', 'gravatar_id': '', 'url': 'https://api.github.com/users/francbartoli', 'html_url': 'https://github.com/francbartoli', 'followers_url': 'https://api.github.com/users/francbartoli/followers', 'following_url': 'https://api.github.com/users/francbartoli/following{/other_user}', 'gists_url': 'https://api.github.com/users/francbartoli/gists{/gist_id}', 'starred_url': 'https://api.github.com/users/francbartoli/starred{/owner}{/repo}', 'subscriptions_url': 'https://api.github.com/users/francbartoli/subscriptions', 'organizations_url': 'https://api.github.com/users/francbartoli/orgs', 'repos_url': 'https://api.github.com/users/francbartoli/repos', 'events_url': 'https://api.github.com/users/francbartoli/events{/privacy}', 'received_events_url': 'https://api.github.com/users/francbartoli/received_events', 'type': 'User', 'user_view_type': 'public', 'site_admin': False}",False,,,1
subscribers_url.__api__[25],[25],dict,"{'login': 'invinciblejha', 'id': 1061207, 'node_id': 'MDQ6VXNlcjEwNjEyMDc=', 'avatar_url': 'https://avatars.githubusercontent.com/u/1061207?v=4', 'gravatar_id': '', 'url': 'https://api.github.com/users/invinciblejha', 'html_url': 'https://github.com/invinciblejha', 'followers_url': 'https://api.github.com/users/invinciblejha/followers', 'following_url': 'https://api.github.com/users/invinciblejha/following{/other_user}', 'gists_url': 'https://api.github.com/users/invinciblejha/gists{/gist_id}', 'starred_url': 'https://api.github.com/users/invinciblejha/starred{/owner}{/repo}', 'subscriptions_url': 'https://api.github.com/users/invinciblejha/subscriptions', 'organizations_url': 'https://api.github.com/users/invinciblejha/orgs', 'repos_url': 'https://api.github.com/users/invinciblejha/repos', 'events_url': 'https://api.github.com/users/invinciblejha/events{/privacy}', 'received_events_url': 'https://api.github.com/users/invinciblejha/received_events', 'type': 'User', 'user_view_type': 'public', 'site_admin': False}",False,,,1
subscribers_url.__api__[26],[26],dict,"{'login': 'stephenwlin', 'id': 2342637, 'node_id': 'MDQ6VXNlcjIzNDI2Mzc=', 'avatar_url': 'https://avatars.githubusercontent.com/u/2342637?v=4', 'gravatar_id': '', 'url': 'https://api.github.com/users/stephenwlin', 'html_url': 'https://github.com/stephenwlin', 'followers_url': 'https://api.github.com/users/stephenwlin/followers', 'following_url': 'https://api.github.com/users/stephenwlin/following{/other_user}', 'gists_url': 'https://api.github.com/users/stephenwlin/gists{/gist_id}', 'starred_url': 'https://api.github.com/users/stephenwlin/starred{/owner}{/repo}', 'subscriptions_url': 'https://api.github.com/users/stephenwlin/subscriptions', 'organizations_url': 'https://api.github.com/users/stephenwlin/orgs', 'repos_url': 'https://api.github.com/users/stephenwlin/repos', 'events_url': 'https://api.github.com/users/stephenwlin/events{/privacy}', 'received_events_url': 'https://api.github.com/users/stephenwlin/received_events', 'type': 'User', 'user_view_type': 'public', 'site_admin': False}",False,,,1
subscribers_url.__api__[27],[27],dict,"{'login': 'strayhorn', 'id': 3350114, 'node_id': 'MDQ6VXNlcjMzNTAxMTQ=', 'avatar_url': 'https://avatars.githubusercontent.com/u/3350114?v=4', 'gravatar_id': '', 'url': 'https://api.github.com/users/strayhorn', 'html_url': 'https://github.com/strayhorn', 'followers_url': 'https://api.github.com/users/strayhorn/followers', 'following_url': 'https://api.github.com/users/strayhorn/following{/other_user}', 'gists_url': 'https://api.github.com/users/strayhorn/gists{/gist_id}', 'starred_url': 'https://api.github.com/users/strayhorn/starred{/owner}{/repo}', 'subscriptions_url': 'https://api.github.com/users/strayhorn/subscriptions', 'organizations_url': 'https://api.github.com/users/strayhorn/orgs', 'repos_url': 'https://api.github.com/users/strayhorn/repos', 'events_url': 'https://api.github.com/users/strayhorn/events{/privacy}', 'received_events_url': 'https://api.github.com/users/strayhorn/received_events', 'type': 'User', 'user_view_type': 'public', 'site_admin': False}",False,,,1
subscribers_url.__api__[28],[28],dict,"{'login': 'binaryechoes', 'id': 1815971, 'node_id': 'MDQ6VXNlcjE4MTU5NzE=', 'avatar_url': 'https://avatars.githubusercontent.com/u/1815971?v=4', 'gravatar_id': '', 'url': 'https://api.github.com/users/binaryechoes', 'html_url': 'https://github.com/binaryechoes', 'followers_url': 'https://api.github.com/users/binaryechoes/followers', 'following_url': 'https://api.github.com/users/binaryechoes/following{/other_user}', 'gists_url': 'https://api.github.com/users/binaryechoes/gists{/gist_id}', 'starred_url': 'https://api.github.com/users/binaryechoes/starred{/owner}{/repo}', 'subscriptions_url': 'https://api.github.com/users/binaryechoes/subscriptions', 'organizations_url': 'https://api.github.com/users/binaryechoes/orgs', 'repos_url': 'https://api.github.com/users/binaryechoes/repos', 'events_url': 'https://api.github.com/users/binaryechoes/events{/privacy}', 'received_events_url': 'https://api.github.com/users/binaryechoes/received_events', 'type': 'User', 'user_view_type': 'public', 'site_admin': False}",False,,,1
subscribers_url.__api__[29],[29],dict,"{'login': 'bkeener', 'id': 1179448, 'node_id': 'MDQ6VXNlcjExNzk0NDg=', 'avatar_url': 'https://avatars.githubusercontent.com/u/1179448?v=4', 'gravatar_id': '', 'url': 'https://api.github.com/users/bkeener', 'html_url': 'https://github.com/bkeener', 'followers_url': 'https://api.github.com/users/bkeener/followers', 'following_url': 'https://api.github.com/users/bkeener/following{/other_user}', 'gists_url': 'https://api.github.com/users/bkeener/gists{/gist_id}', 'starred_url': 'https://api.github.com/users/bkeener/starred{/owner}{/repo}', 'subscriptions_url': 'https://api.github.com/users/bkeener/subscriptions', 'organizations_url': 'https://api.github.com/users/bkeener/orgs', 'repos_url': 'https://api.github.com/users/bkeener/repos', 'events_url': 'https://api.github.com/users/bkeener/events{/privacy}', 'received_events_url': 'https://api.github.com/users/bkeener/received_events', 'type': 'User', 'user_view_type': 'public', 'site_admin': False}",False,,,1
