num_contributors,total_contributions,top1_contribution_share,top5_contribution_share,contribution_gini,median_contributions,top1_contribution_ratio,top3_contribution_ratio,contribution_entropy,contributors_to_stars_ratio,num_deployments,has_deployments,num_unique_refs,tag_based_deployment_ratio,deployment_recency_days,num_tags,stable_tag_ratio,prerelease_tag_ratio,latest_tag_is_stable,latest_tag_is_prerelease,semver_tag_ratio,num_major_versions,num_minor_versions,tag_release_velocity,num_events,num_unique_event_types,dominant_event_ratio,event_type_entropy,has_IssuesEvent,has_PullRequestEvent,has_IssueCommentEvent,recent_event_density,IssuesEvent_ratio,IssueCommentEvent_ratio,PullRequestEvent_ratio,PushEvent_ratio,WatchEvent_ratio,ForkEvent_ratio,interaction_ratio,development_ratio,external_interest_event_ratio,stargazers_count,subscribers_count,subscribers_to_stars_ratio,forks_count,network_count,forks_to_stars_ratio,open_issues_to_stars_ratio,stars_per_repo_age_day,forks_per_repo_age_day,stars_per_size,forks_per_size,primary_language_ratio,top2_ratio,top3_ratio,language_entropy,minor_lang_ratio,infra_ratio,markup_ratio,is_monolingual,compiled_ratio,repo_age_days,last_update_recency_days,last_push_recency_days,update_push_gap_days,repo_size,open_issues_count,has_issues,has_projects,has_downloads,has_wiki,has_pages,has_discussions,archived,disabled,allow_forking,has_pull_requests,issues_per_size,is_recently_pushed_30d,is_recently_updated_90d,is_recently_pushed_90d,is_stale_365d,push_update_consistency,freshness_score,bus_factor_risk,distributed_contribution_score,contributor_depth_score,release_maturity_score,active_release_score,release_recency_score,release_quality_score,collaboration_event_score,activity_diversity_score,healthy_activity_score,non_external_activity_ratio,adoption_efficiency,issue_burden_score,fork_interest_efficiency,governance_openness_score,negative_repo_state,maintainer_activity_score,new_label
30.0,3139.0,0.1739407454603377,0.4759477540618031,0.4753849421259424,61.5,0.1739407454603377,0.3395985982797069,3.005781709355469,0.0042832667047401,30.0,1.0,2.0,0.0,24.29212150964121,30.0,1.0,0.0,1.0,0.0,1.0,1.0,24.0,0.011096138301409,30.0,8.0,0.3666666666666666,1.8142845474298257,0.0,1.0,1.0,14.47858655033152,0.0,0.1,0.1,0.3666666666666666,0.1666666666666666,0.1,0.1,0.4666666666666667,0.2666666666666666,7004.0,85.0,0.012135922330097,1315.0,1315.0,0.1877498572244431,0.0494003426613363,2.590578422102302,0.4863807288784304,0.0275280920956958,0.0051683953606282,0.7633377969745438,0.8898457211131463,0.9392831103940716,0.8942621792905575,0.2366622030254561,0.0123590293696183,0.0035852111111136,0.0,0.1539338815341452,2703.6433022021065,1.189633220625,1.4573531280324077,0.2677199074074074,254431.0,346.0,1.0,0.0,1.0,0.0,1.0,1.0,0.0,0.0,1.0,1.0,0.0013598971823402,1,1,1,0,0.7888177776154696,0.43181970593274466,0.32466284379314003,2.4829537981391305,14.200109044268151,1.0,0.038103996946236056,0.03953800394398729,0.46442306921784055,0.2,14.514276379438606,0.25555555555555554,0.7333333333333334,1.12036859966666,39.07670792425518,0.9088024536755724,0.6,0.0,0.9296059258718232,1
19.0,9800.0,0.8021428571428572,0.9975510204081632,0.9239634801288936,2.0,0.8021428571428572,0.996734693877551,0.5290171191188624,0.0004209127159946,0.0,0.0,0.0,0.0,0.0,30.0,0.0,0.0,0.0,0.0,0.0,0.0,0.0,0.0075207365652732,30.0,6.0,0.4666666666666667,1.2441992157783022,1.0,1.0,1.0,24.062830724669972,0.0333333333333333,0.4666666666666667,0.0333333333333333,0.0333333333333333,0.3666666666666666,0.0,0.5,0.0666666666666666,0.3666666666666666,45140.0,470.0,0.0104120513956579,2603.0,2603.0,0.0576650420912716,0.0012184315463003,11.316201618547806,0.652549242646875,2.3581652909831785,0.1359837007627207,0.8722712057052666,0.9446486441265316,0.9728688278377317,0.5414809066291425,0.1277287942947334,0.0303015660490913,0.0,0.0,0.8722712057052666,3988.9709922613424,0.0566404094907407,0.3245455020833333,0.2679050925925926,19142.0,55.0,1.0,0.0,1.0,1.0,0.0,1.0,0.0,0.0,1.0,1.0,0.0028732629819245,1,1,1,0,0.7887025660218902,0.8506858538679246,0.8630531686358753,0.10466981571137492,3.29114828928607,0.0,0.025826113133451737,1.0,0.41325060201885994,0.5333333333333333,7.4651952946698135,0.3666666666666667,0.6333333333333334,1.2925491859364884,5.131771671512058,0.9485049860388491,0.8,0.0,0.9295675220072966,0
30.0,3551.0,0.443537031822022,0.8132920304139679,0.7792828311273818,21.5,0.443537031822022,0.6662911855815263,2.058244224295334,0.0005246681473967,30.0,1.0,1.0,0.0,0.7882787756712962,30.0,1.0,0.0,1.0,0.0,1.0,1.0,1.0,0.0223460997138938,30.0,7.0,0.3333333333333333,1.6364321738896372,0.0,1.0,1.0,12.361163437280926,0.0,0.3333333333333333,0.1333333333333333,0.2333333333333333,0.2,0.0333333333333333,0.3333333333333333,0.3666666666666666,0.2333333333333333,57179.0,256.0,0.0044771681911191,11006.0,11006.0,0.1924832543416289,0.0056839049301316,42.59092118469123,8.198039115037194,1.0379951348800058,0.1997966815524815,0.9962462274696876,0.9977398851232268,0.9990584701437843,0.0287696227746389,0.0037537725303124,0.0024351875097548,0.0013185850205575,1.0,0.0,1342.516160851007,0.0641006658217592,0.0823182584143518,0.0182175925925925,55086.0,325.0,1.0,1.0,1.0,1.0,0.0,1.0,0.0,0.0,1.0,1.0,0.0058998656645971,1,1,1,0,0.9821083501943757,0.9318516813862159,0.6114099314747019,1.1453366902865616,10.691771732797038,1.0,0.07673622048766049,0.5591969292509291,0.7571876759115025,0.4666666666666666,11.45502521722746,0.38888888888888884,0.7666666666666667,1.5205829477048423,29.669636900042224,1.2918598910611778,1.0,0.0,0.9940361167314586,1
30.0,1396.0,0.4749283667621776,0.8030085959885387,0.7672397325692453,8.5,0.4749283667621776,0.7041547277936963,2.0236407713096196,0.0021807080031983,30.0,1.0,30.0,0.0,177.4424654092477,30.0,1.0,0.0,1.0,0.0,1.0,2.0,7.0,0.0163523404443265,30.0,7.0,0.2333333333333333,1.869788616377684,1.0,1.0,1.0,15.18097692397798,0.1,0.2333333333333333,0.1666666666666666,0.2,0.1333333333333333,0.0,0.3333333333333333,0.3666666666666666,0.1333333333333333,13757.0,78.0,0.0056698408083157,749.0,749.0,0.054445009813186,0.0059606018754088,7.498638249753366,0.408263433093354,0.3009494224711235,0.0163851942597129,0.96555125969895,0.9992871354991548,0.9997130242091116,0.1538319289950593,0.03444874030105,0.0,0.0341617645101614,1.0,0.0,1834.5997687862616,0.0150928603356481,0.6138544344097222,0.598761574074074,45712.0,82.0,1.0,0.0,1.0,0.0,0.0,1.0,0.0,0.0,1.0,1.0,0.0017938396919845,1,1,1,0,0.6254841348555378,0.8023830590355655,0.6210840496657114,1.0625563648781888,7.730907229977055,1.0,0.05615372784920215,0.0056040472076338815,0.5089654975118941,0.4999999999999999,13.088520314643787,0.3999999999999999,0.8666666666666667,1.2679340955827274,8.60497078976505,0.880835927996241,0.6,0.0,0.8751613782851791,1
30.0,17783.0,0.0969465219591745,0.3073722094134848,0.2529775628409154,506.5,0.0969465219591745,0.216273969521453,3.2926907990277474,0.000676971680018,0.0,0.0,0.0,0.0,0.0,30.0,0.9333333333333332,0.0666666666666666,0.0,1.0,0.9666666666666668,1.0,2.0,0.0123257545569902,30.0,5.0,0.4333333333333333,1.2256518119201014,1.0,1.0,1.0,225.72498476008013,0.1333333333333333,0.3666666666666666,0.4333333333333333,0.0333333333333333,0.0333333333333333,0.0,0.5,0.4666666666666667,0.0333333333333333,44315.0,331.0,0.0074692542028658,4000.0,4000.0,0.0902628906690736,0.0199480988378652,18.207193773100787,1.643433940932035,0.1512756791446771,0.0136545800875258,0.5911157696051501,0.7881876295099083,0.983429096388426,1.0477620188120491,0.4088842303948499,0.0071502736662616,0.0023851023427473,0.0,0.7884457352059506,2433.928069886898,0.0625374794907407,0.0643314609722222,0.0017939814814814,292942.0,884.0,1.0,1.0,1.0,1.0,0.0,1.0,0.0,0.0,1.0,1.0,0.0030176621993432,1,1,1,0,0.9982092311247185,0.9403501009792622,0.17496204240004493,2.973475878175032,21.39201199566765,0.0,0.04232648343432883,1.0,0.46430995113314283,0.9333333333333331,6.1282590596005075,0.6333333333333333,0.9666666666666667,1.3720168055206767,82.6237638635741,1.0636331393284217,1.0,0.0,0.9994030770415728,1
30.0,19115.0,0.2290871043682971,0.7255558461940884,0.660721946115616,244.0,0.2290871043682971,0.5543290609469004,2.523717739710509,0.0005806301772857,30.0,1.0,2.0,0.0,0.9334734788194444,30.0,0.7666666666666667,0.2333333333333333,1.0,0.0,1.0,1.0,2.0,0.0064020039832508,30.0,8.0,0.3666666666666666,1.7764971200330195,1.0,1.0,1.0,168.61826697892272,0.2,0.3666666666666666,0.1333333333333333,0.0333333333333333,0.0666666666666666,0.0333333333333333,0.5666666666666667,0.1666666666666666,0.1,51668.0,1267.0,0.0245219478207014,10334.0,10334.0,0.2000077417356971,0.0046450414182859,11.025958060220114,2.205276972097133,0.5360029047149748,0.1072047305358161,0.958922586426056,0.9838201254454146,0.9937187272083188,0.2151680943727728,0.041077413573944,0.0297239784117193,0.0,1.0,0.958922586426056,4686.032698187639,0.0817491135648148,0.0818532802314814,0.0001041666666666,96395.0,240.0,1.0,0.0,1.0,0.0,0.0,1.0,0.0,0.0,1.0,1.0,0.0024897556927226,1,1,1,0,0.9998958441828977,0.9243842631947954,0.44490452524195656,1.9455665504773245,18.891250303579447,0.7666666666666667,0.021984399761546185,0.5172038876946934,0.49598618182784965,0.7,14.211976960264156,0.4777777777777777,0.9,1.2839123083108226,22.114489299689794,1.0935223985073983,0.6,0.0,0.9999652813942993,1
30.0,39259.0,0.1310527522351562,0.46723044397463,0.4873319918150403,607.5,0.1310527522351562,0.3333248427112255,2.9888794011654145,0.000568106501032,30.0,1.0,17.0,0.3,0.5427176494212963,30.0,1.0,0.0,1.0,0.0,1.0,1.0,21.0,0.0063028570702929,30.0,8.0,0.3333333333333333,1.7184919967358412,0.0,1.0,1.0,63.60111890857339,0.0,0.1666666666666666,0.2666666666666666,0.3333333333333333,0.0333333333333333,0.0333333333333333,0.1666666666666666,0.6,0.0666666666666666,52807.0,1006.0,0.0190505046679417,11552.0,11552.0,0.2187588766640786,0.0052265798094949,11.094499110365325,2.4270201625341383,0.1129008464303047,0.0246980623395171,0.5983983040186566,0.916511401555412,0.9550757935174444,0.9755646873717,0.4016016959813434,0.0016076181771673,0.0499451349758146,0.0,0.0,4759.746201572234,0.0650325907523148,0.1180534240856481,0.0530208333333333,467729.0,276.0,1.0,0.0,1.0,0.0,0.0,0.0,0.0,0.0,1.0,1.0,0.0005900852844275,1,1,1,0,0.9496488277772283,0.9166750230458973,0.30919237202509825,2.5971785295437213,22.0152813652701,1.0,0.021643930531084557,0.6482067540843391,0.6163780213011785,0.43333333333333324,13.74793597388673,0.3999999999999999,0.9333333333333333,1.284121775658904,25.380668708021147,1.1046636745704208,0.4,0.0,0.9832162759257428,1
30.0,11665.0,0.1654522074582083,0.4944706386626661,0.4727789684240604,219.0,0.1654522074582083,0.3951993141877411,2.9914725902098276,0.0017920076458992,0.0,0.0,0.0,0.0,0.0,30.0,0.0,0.0,0.0,0.0,0.0,0.0,0.0,0.0080195134518775,30.0,7.0,0.2666666666666666,1.707539174135071,0.0,1.0,1.0,70.42330054882356,0.0,0.2666666666666666,0.2333333333333333,0.0333333333333333,0.0666666666666666,0.0333333333333333,0.2666666666666666,0.2666666666666666,0.1,16741.0,338.0,0.0201899528104653,4107.0,4107.0,0.2453258467236126,0.1625948270712621,4.4751558232627415,1.097871391562038,0.0731485648619479,0.0179452336113744,0.7114085479352041,0.7887768473020862,0.8389290860787832,1.1929978693286256,0.2885914520647958,0.0164714634897718,9.207919278816504e-05,0.0,0.7332448115616658,3740.8753260849767,0.0238561775694444,0.1442149738657407,0.1203587962962963,228863.0,2722.0,1.0,1.0,1.0,0.0,0.0,1.0,0.0,0.0,1.0,1.0,0.0118935782542394,1,1,1,0,0.8925712042479779,0.9253306616659062,0.31911558794113437,2.4965268466088872,18.521647979932627,0.0,0.02753890657994384,1.0,0.41855073267959114,0.4999999999999999,11.952774218945496,0.3444444444444444,0.9,1.182077969409045,279.87772290126037,1.0113133922310027,0.8,0.0,0.9641904014159927,0
30.0,10782.0,0.8104247820441477,0.9140233722871453,0.8904655907994805,24.5,0.8104247820441477,0.871266926358746,0.9933648270188332,0.0008553344357643,30.0,1.0,7.0,0.2,1.7208203455555555,30.0,0.4333333333333333,0.5666666666666667,1.0,0.0,1.0,1.0,2.0,0.007976829430366,30.0,7.0,0.3,1.6443211220184035,0.0,1.0,1.0,173.63344051446944,0.0,0.3,0.2,0.0,0.1333333333333333,0.0333333333333333,0.3,0.2,0.1666666666666666,35074.0,148.0,0.0042196498831042,1442.0,1442.0,0.041113075212408,0.064720305639505,9.325977181355285,0.383419601286261,0.1702034735600836,0.0069975882098888,0.6461163540581764,0.9907936561298604,0.9969786260798456,0.7003381932965999,0.3538836459418236,0.0027071318221042,0.0,0.0,0.3446773020716839,3760.892753334051,0.0611213896064814,0.1749987044212963,0.1138773148148148,206071.0,2270.0,1.0,1.0,1.0,0.0,0.0,1.0,0.0,0.0,1.0,1.0,0.011015620829714,1,1,1,0,0.8977649393696941,0.89673200828181,0.8504451864218141,0.18831735359177282,11.12158036417424,0.4333333333333333,0.02739233019623738,0.3675362107731568,0.3517203427278321,0.5,11.510247854128824,0.3333333333333333,0.8333333333333334,1.2711424743855413,216.9084658127187,0.8835818859238315,0.8,0.0,0.9659216464565646,0
30.0,40706.0,0.1672726379403527,0.4872746032525917,0.4181250921240111,820.5,0.1672726379403527,0.3501203753746376,3.062828409497604,0.001059247228303,0.0,0.0,0.0,0.0,0.0,30.0,0.0,0.6,0.0,0.0,0.0,0.0,0.0,0.0047396877797588,30.0,2.0,0.7,0.6108643020548935,0.0,0.0,0.0,23.28673590397815,0.0,0.0,0.0,0.7,0.3,0.0,0.0,0.7,0.3,28322.0,1239.0,0.0437469105289174,5774.0,5774.0,0.2038697832074006,0.0008827060235859,4.474581243277646,0.9122319080109146,0.0212894544962528,0.0043402764727548,0.6871118975661665,0.931311326218387,0.9697242777897606,0.8682094282821067,0.3128881024338334,0.0028078344937895,0.0001993551225268,0.0,0.6977488079338751,6329.530845397176,0.0802551193981481,8.150828703703704e-05,0.0801736111111111,1330330.0,25.0,0.0,1.0,1.0,1.0,0.0,0.0,0.0,0.0,1.0,1.0,1.879232972270038e-05,1,1,1,0,0.9257771063036421,0.9628128760865968,0.2926988650321819,2.550501021882285,23.045941200908732,0.0,0.016276027188946333,1.0,0.3836984669200502,0.0,1.221728604109787,0.2333333333333333,0.7,1.1711506068006756,2.4386842888584566,0.98948924196192,0.6,0.0,0.9752590354345473,0
30.0,3501.0,0.5152813481862325,0.8446158240502714,0.8255450823574215,11.0,0.5152813481862325,0.7612110825478434,1.7769577521166378,0.0037064492216456,30.0,1.0,30.0,0.0,1834.4337350245137,30.0,1.0,0.0,1.0,0.0,1.0,1.0,9.0,0.0136205996456075,30.0,7.0,0.4,1.5981113099810738,0.0,1.0,1.0,0.0773068973172031,0.0,0.2,0.4,0.0,0.2,0.0666666666666666,0.2,0.4,0.2666666666666666,8094.0,67.0,0.0082777365950086,753.0,753.0,0.0930318754633061,0.030763528539659,3.6748377843849074,0.3418770511047486,0.6947043172259891,0.0646296455239893,0.9836994047484736,0.9907199730429432,0.9964475954515984,0.1017923470101681,0.0163005952515264,0.0092800269570567,0.0,1.0,0.9836994047484736,2202.5462004753817,0.9013277901967592,1.0794527901967592,0.178125,11651.0,249.0,1.0,1.0,1.0,0.0,0.0,1.0,0.0,0.0,1.0,1.0,0.021371556089606,1,1,1,0,0.8488063660477453,0.5034219915113438,0.670413215271827,0.8613245659359995,8.533137639712045,1.0,0.04677296490043108,0.0005448303476816308,0.47825091606156683,0.6000000000000001,11.186779169867517,0.4000000000000001,0.7333333333333334,1.1689631213085048,27.669735341428208,0.8606331521682966,0.8,0.0,0.9496021220159151,1
30.0,16756.0,0.4082119837670088,0.7606827405108618,0.748070342961725,112.5,0.4082119837670088,0.67175936977799,2.16821657135978,0.0014722481228836,0.0,0.0,0.0,0.0,0.0,30.0,0.1333333333333333,0.6333333333333333,0.0,0.0,0.7666666666666667,1.0,3.0,0.0058099481982267,30.0,9.0,0.4,1.771623955677366,1.0,1.0,1.0,13.62353423491136,0.0666666666666666,0.4,0.1333333333333333,0.2,0.0333333333333333,0.0333333333333333,0.4666666666666667,0.3333333333333333,0.0666666666666666,20377.0,423.0,0.0207586985326593,4253.0,4253.0,0.2087157088874711,0.0429405702507729,3.9463104811755247,0.8236569895686071,0.0526797463347543,0.0109950906002704,0.5039234119141396,0.9770077481103308,0.9852179535073414,0.8220700905753623,0.4960765880858603,0.0003443982038539,0.0048122829964102,0.0,0.0,5163.55722562088,0.3264501579166667,0.3633483060648148,0.0368981481481481,386809.0,875.0,1.0,1.0,1.0,1.0,0.0,1.0,0.0,0.0,1.0,1.0,0.0022620983482804,1,1,1,0,0.9644148769924544,0.7436900772766772,0.5781411633643669,1.283124583528502,16.248950396134802,0.0,0.01995128777143202,1.0,0.39507132763440184,0.5999999999999999,15.944615601096295,0.4666666666666666,0.9333333333333333,1.1605239889592673,88.18598850859232,0.9772914003073517,1.0,0.0,0.9881382923308181,1
30.0,4969.0,0.2680619843026766,0.8381968202857718,0.7752129871872273,28.0,0.2680619843026766,0.6552626282954317,2.160882873460127,0.0119952019192323,30.0,1.0,29.0,1.0,32.34243914260417,30.0,0.8666666666666667,0.1333333333333333,1.0,0.0,1.0,2.0,6.0,0.0167642930438092,30.0,7.0,0.4333333333333333,1.429771338356148,1.0,1.0,1.0,125.92916484477482,0.3333333333333333,0.4333333333333333,0.0333333333333333,0.0666666666666666,0.0,0.0,0.7666666666666667,0.1,0.0,2501.0,16.0,0.0063974410235905,237.0,237.0,0.0947620951619352,0.0759696121551379,1.397583230085564,0.132437915046093,0.0161118877514865,0.0015267962403447,0.992076290806598,0.9988108973901088,0.9993575484485784,0.0508015685199616,0.0079237091934018,0.0072812576419801,0.0,1.0,0.0,1789.5177518090047,0.2284231053009259,0.2285735682638889,0.0001504629629629,155227.0,190.0,1.0,1.0,1.0,0.0,0.0,1.0,0.0,0.0,1.0,1.0,0.0012240138635675,1,1,1,0,0.9998495596727345,0.8140019190984735,0.521637485744952,1.5816323225547357,11.563250793889743,0.8666666666666667,0.05756836780468014,0.029991807009770437,0.477027819932443,0.7999999999999998,10.008399368493036,0.5555555555555555,1.0,1.044591555361855,24.28162899028168,0.7305304104497176,0.8,0.0,0.9999498532242449,1
30.0,85425.0,0.1319871232074919,0.409400058530875,0.3933138230416544,2052.5,0.1319871232074919,0.2789347380743342,3.1394219990661147,0.0004132914531327,0.0,0.0,0.0,0.0,0.0,30.0,0.2333333333333333,0.7666666666666667,0.0,1.0,1.0,1.0,3.0,0.0088990575617783,30.0,6.0,0.3333333333333333,1.5911891630768784,1.0,1.0,1.0,842.9268292682927,0.1666666666666666,0.3333333333333333,0.2666666666666666,0.0333333333333333,0.0,0.0,0.5,0.3,0.0,72588.0,1537.0,0.0211742987821678,34552.0,34552.0,0.4760015429547584,0.1278585992175015,21.532159676478855,10.249341229152163,0.0884859093978794,0.0421194294031455,0.618763877553967,0.9779625592364084,0.984780590054832,0.7962727618442519,0.3812361224460331,0.0018899005318989,0.0039610692668257,0.0,0.3660167125008651,3371.143493657604,0.0612945835300925,0.0179381020486111,0.0433564814814814,820334.0,9281.0,1.0,1.0,1.0,0.0,0.0,0.0,0.0,0.0,1.0,1.0,0.0113136844260996,1,1,1,0,0.958445188915759,0.9623117301260514,0.2626504731245731,2.725058720875065,26.192053810041582,0.0,0.030559249799123465,1.0,0.4278969931610817,0.7666666666666665,9.547134978461271,0.5222222222222221,1.0,1.37778425280991,829.2109049622834,1.2864061712061063,0.6,0.0,0.986148396305253,1
30.0,1384.0,0.3273121387283237,0.8208092485549133,0.7372350674373795,10.0,0.3273121387283237,0.6163294797687862,2.2402166922986506,0.0003392897534494,0.0,0.0,0.0,0.0,0.0,30.0,0.9,0.0,1.0,0.0,0.9,1.0,11.0,0.0069109264654107,30.0,3.0,0.5666666666666667,0.9833122247384488,0.0,0.0,1.0,13.604585249102474,0.0,0.2333333333333333,0.0,0.0,0.5666666666666667,0.2,0.2333333333333333,0.0,0.7666666666666667,88420.0,1353.0,0.01530196788057,8598.0,8598.0,0.0972404433386111,0.007724496720199,20.368803935720575,1.980671524986717,8.377072477498816,0.8145902415916627,0.9955424247136268,1.0,1.0,0.0285771505840699,0.0044575752863732,0.0044575752863732,0.0,1.0,0.9955424247136268,4340.951990954167,0.0133219726851851,13.010740954166668,12.99741898148148,10555.0,683.0,1.0,0.0,1.0,0.0,0.0,1.0,0.0,0.0,1.0,1.0,0.0647086688773093,1,1,1,0,0.07144174231856568,0.5291134908456661,0.5322736030828517,1.5069665755274881,8.234341684485024,0.81,0.023732033053358102,1.0,0.6767706040592335,0.2333333333333333,2.9499366742153463,0.15555555555555553,0.23333333333333328,1.3597712298889533,59.96559338621459,1.081550426463718,0.6,0.0,0.6904805807728552,1
30.0,1612.0,0.2152605459057072,0.7425558312655087,0.7260132340777501,13.5,0.2152605459057072,0.5812655086848635,2.375875165666651,0.0038860103626943,0.0,0.0,0.0,0.0,0.0,30.0,0.1,0.9,0.0,1.0,1.0,1.0,2.0,0.009040564933483,30.0,5.0,0.8,0.748893088516988,1.0,1.0,1.0,68.28420137516794,0.8,0.1,0.0333333333333333,0.0333333333333333,0.0,0.0,0.9,0.0666666666666666,0.0,7720.0,92.0,0.0119170984455958,697.0,697.0,0.0902849740932642,0.2257772020725388,2.326438709549636,0.2100424586212559,0.4197248953406187,0.0378948513021258,0.8485873822818568,0.957063088590716,1.0,0.51543874734203,0.1514126177181431,0.8485873822818568,0.0,0.0,0.0,3318.376696578646,0.0686988934606481,0.0687451897569444,4.6296296296296294e-05,18393.0,1743.0,1.0,1.0,1.0,1.0,0.0,1.0,0.0,0.0,1.0,1.0,0.0947643125101941,1,1,1,0,0.9999537058469514,0.9356969927969248,0.47063688999172865,1.864442980501435,9.182992245021936,0.0,0.03104518430289773,1.0,0.4294006866553766,0.9333333333333333,3.74446544258494,0.6333333333333333,1.0,1.1040802882922103,194.71163709074705,0.807641040973935,1.0,0.0,0.9999845686156504,0
30.0,5720.0,0.2302447552447552,0.6921328671328671,0.7078088578088577,30.5,0.2302447552447552,0.479020979020979,2.457227420171131,0.0007043080173729,30.0,1.0,2.0,0.0,0.167740372349537,30.0,0.0,0.0,0.0,0.0,0.0,0.0,0.0,0.0110911469141653,30.0,8.0,0.3,1.8579285774129009,1.0,1.0,1.0,66.79723739820636,0.0333333333333333,0.1,0.1333333333333333,0.0666666666666666,0.1333333333333333,0.0333333333333333,0.1333333333333333,0.2,0.1666666666666666,42595.0,195.0,0.004578002112924,3468.0,3468.0,0.0814180068083108,0.0109167742692804,15.747580093629098,1.282136583277514,0.1206971788681469,0.0098269237308306,0.4811619488410062,0.7223279780901134,0.9411031438441604,1.281256795755248,0.5188380511589936,0.001488296271715,0.014251978233479,0.0,0.0,2704.8600321601502,0.1191525305208333,0.5374164194097223,0.4182638888888889,352908.0,465.0,1.0,1.0,1.0,1.0,0.0,0.0,0.0,0.0,1.0,1.0,0.0013176238566425,1,1,1,0,0.7050874014591393,0.7719875574486239,0.46902680652680645,1.8914636942331275,11.847213088018783,0.0,0.03808685658630856,0.8563547374729906,0.40330894063776207,0.2666666666666666,14.863428619303207,0.19999999999999996,0.8333333333333334,1.3487006393165764,43.62299526989417,1.031388076829907,0.8,0.0,0.9016958004863799,1
30.0,1320.0,0.5204545454545455,0.6977272727272728,0.708181818181818,18.0,0.5204545454545455,0.6196969696969697,2.127098150138137,0.0236966824644549,0.0,0.0,0.0,0.0,0.0,8.0,1.0,0.0,1.0,0.0,1.0,1.0,1.0,0.0070647861994861,1.0,1.0,1.0,-0.0,0.0,0.0,0.0,1.0,0.0,0.0,0.0,0.0,1.0,0.0,0.0,0.0,1.0,1266.0,22.0,0.0173775671406003,117.0,117.0,0.0924170616113744,0.0,1.1180024160686786,0.1033224981674845,0.3395012067578439,0.0313757039420756,0.9999223798053152,1.0,1.0,0.0008121900931447,7.762019468488253e-05,7.762019468488253e-05,0.0,1.0,0.0,1132.3768014077314,8.49256529662037,66.48597964847222,57.993414351851854,3729.0,0.0,1.0,1.0,1.0,0.0,0.0,0.0,1.0,0.0,1.0,1.0,0.0,0,1,1,0,0.016951044637554685,0.06008174701151588,0.6143181818181818,1.0200402492707885,10.111165778844862,1.0,0.015522921871136604,1.0,0.7147013636243447,0.0,-0.0,0.0,0.0,1.0157195067275806,0.0,0.6782476573930808,0.6,1.0,0.33898368154585157,0
30.0,9483.0,0.2791310766635031,0.6003374459559211,0.6085451158212942,117.5,0.2791310766635031,0.4695771380364863,2.6865810290140053,0.0011653200745804,23.0,1.0,1.0,0.0,0.5238666337384259,30.0,0.6,0.4,1.0,0.0,1.0,1.0,12.0,0.0103760338269473,29.0,6.0,0.3793103448275862,1.3867500634799783,0.0,1.0,1.0,4.972346087670939,0.0,0.1034482758620689,0.0689655172413793,0.0,0.0344827586206896,0.0344827586206896,0.1034482758620689,0.0689655172413793,0.0689655172413793,25744.0,319.0,0.0123912367930391,5687.0,5687.0,0.2209058421379739,0.0801740211311373,8.904020494697773,1.9669501457949907,0.0178528829243665,0.0039438061369978,0.6059619852737052,0.9007153247652817,0.9830050383299056,0.96564059723265,0.3940380147262948,0.0013261458037395,0.0034938680491389,0.0,0.0055448272036808,2891.278160750752,0.0894223248263888,0.1733690840856481,0.0839467592592592,1442008.0,2064.0,1.0,1.0,1.0,1.0,1.0,1.0,0.0,0.0,1.0,1.0,0.0014313374128298,1,1,1,0,0.9225545364270233,0.8850822139752601,0.44383809624239867,1.9366727738415839,16.396990009145476,0.6,0.035631167395042074,0.6562254057277637,0.5290001889756465,0.17241379310344818,8.32050038087987,0.11494252873563211,0.9310344827586207,1.274254751844874,203.2297037365243,1.0848125703337925,1.0,0.0,0.9741848454756745,1
30.0,1364.0,0.3321114369501466,0.6268328445747801,0.6218475073313783,19.5,0.3321114369501466,0.4846041055718475,2.596312651539669,0.0089793475007482,30.0,1.0,1.0,0.0,3.1767466713310184,12.0,0.0,0.0,0.0,0.0,0.0,0.0,0.0,0.025084882294536,30.0,6.0,0.5,1.362077519478162,1.0,1.0,1.0,1.480846687805296,0.1333333333333333,0.2333333333333333,0.0666666666666666,0.0333333333333333,0.5,0.0,0.3666666666666666,0.1,0.5,3341.0,32.0,0.0095779706674648,230.0,230.0,0.0688416641724034,0.0350194552529182,6.984049312170417,0.4807935773119413,0.0462761610593237,0.003185727938834,0.6834365143315363,0.8753562373261181,0.9561223609120691,0.9778730317095572,0.3165634856684637,0.0257766770209143,0.0,0.0,0.7736144980009726,478.3757745659607,0.1423023437384259,3.1771171585532403,3.034814814814814,72197.0,117.0,1.0,1.0,1.0,1.0,1.0,1.0,0.0,0.0,1.0,1.0,0.0016205659514938,1,1,1,0,0.24784284927483025,0.5574122660131945,0.4769794721407624,1.7340475260649844,10.372100411128246,0.0,0.06434145272336839,0.23942079294967786,0.27890747462059895,0.43333333333333324,8.172465116868972,0.29999999999999993,0.5,1.3141524783761784,14.41894478952398,0.8814247616404701,1.0,0.0,0.7492809497582767,1
30.0,25248.0,0.1636169201520912,0.5925221799746515,0.5878326996197718,328.5,0.1636169201520912,0.4400744613434727,2.7870032426238827,0.000620706778118,30.0,1.0,30.0,0.0,266.460072393206,30.0,0.4,0.6,1.0,0.0,1.0,1.0,2.0,0.0067628308287977,29.0,9.0,0.2413793103448276,1.924102680185908,1.0,1.0,1.0,101.52350081037277,0.2068965517241379,0.1724137931034483,0.1724137931034483,0.2413793103448276,0.0344827586206896,0.0344827586206896,0.3793103448275862,0.4137931034482758,0.0689655172413793,48332.0,1128.0,0.0233385748572374,10339.0,10339.0,0.2139162459654059,0.0392493586029959,10.895371320581749,2.330696931297995,0.136478640974089,0.0291949985316375,0.996761712179802,0.9985694453015306,0.99972886726484,0.0248731754896296,0.0032382878201979,0.0014305546984694,0.0,1.0,0.996761712179802,4436.012190576365,0.0342391874768518,0.0180817800694444,0.0161574074074074,354136.0,1897.0,1.0,0.0,1.0,0.0,0.0,0.0,0.0,0.0,1.0,1.0,0.0053566991212415,1,1,1,0,0.9840995033942321,0.9745668439093029,0.3757248098859315,2.3310023556118717,19.908803016464404,0.4,0.023223474532188978,0.0037388758293980104,0.2064431939215081,0.5517241379310345,17.31692412167317,0.44827586206896547,0.9310344827586207,1.2843437524912997,175.8782581878119,1.1007164967861371,0.4,0.0,0.9946998344647441,1
30.0,7189.0,0.2673529002642926,0.786618444846293,0.7195112903973662,67.0,0.2673529002642926,0.6469606343024065,2.3143330110079083,0.0003731296874416,30.0,1.0,28.0,0.6666666666666666,12.72963994230324,30.0,0.3666666666666666,0.6333333333333333,1.0,0.0,1.0,1.0,1.0,0.0136008768598971,30.0,4.0,0.5666666666666667,1.1577916716593122,0.0,0.0,1.0,43.26706394912114,0.0,0.1333333333333333,0.0,0.1333333333333333,0.5666666666666667,0.1666666666666666,0.1333333333333333,0.1333333333333333,0.7333333333333333,80401.0,496.0,0.006169077499036,8129.0,8129.0,0.1011057076404522,0.0093531174985385,36.45080334708642,3.6853842664701375,1.165924679882249,0.1178816398149625,0.8229754856119547,0.9202247129384082,0.9659701406581233,0.6683543298037524,0.1770245143880453,0.0001244367778896,0.0737800396552244,0.0,0.0,2205.7401377784377,0.0041655562152777,0.1357164821412037,0.1315509259259259,68959.0,752.0,1.0,1.0,1.0,0.0,0.0,1.0,0.0,0.0,1.0,1.0,0.0109050305253846,1,1,1,0,0.88374281447538,0.9381765827309041,0.4934320953308294,1.6955893683375511,14.489735468801234,0.3666666666666666,0.04670523710666476,0.07283512198443298,0.29102698946820715,0.1333333333333333,4.631166686637249,0.1333333333333333,0.2666666666666667,1.4669088515482394,66.57934424747442,1.1693036494835924,0.8,0.0,0.9612476048251266,1
30.0,9918.0,0.2712240371042549,0.715769308328292,0.716871681118505,70.5,0.2712240371042549,0.6071788667069974,2.393594735598186,0.0005783021050196,30.0,1.0,30.0,0.0,2628.29502255941,30.0,0.4666666666666667,0.4666666666666667,1.0,0.0,0.9333333333333332,3.0,6.0,0.0086843371315277,30.0,7.0,0.3,1.7373375816041672,1.0,1.0,1.0,16.556693260429373,0.1666666666666666,0.2,0.1666666666666666,0.0,0.3,0.1,0.3666666666666666,0.1666666666666666,0.4,51876.0,411.0,0.0079227388387693,4718.0,4718.0,0.0909476443827588,0.0286452309353072,15.016955767837793,1.3657567528849313,0.3045563689948513,0.027698684341848,0.8339744384554917,0.8956233278629703,0.9256236859496764,0.7381122921321108,0.1660255615445083,0.0001264265309607,0.0597464015330982,0.0,0.0,3454.4950921225113,0.0842703632523148,2.5070365669560184,2.422766203703704,170333.0,1486.0,1.0,1.0,1.0,1.0,0.0,1.0,0.0,0.0,1.0,1.0,0.0087240875226761,1,1,1,0,0.29216135151677053,0.6037101108208434,0.49404785911137994,1.7443943082177544,14.66208640929253,0.43555555555555553,0.029821902589101362,0.0003803300852205544,0.23759394754382424,0.5333333333333332,12.16136307122917,0.35555555555555546,0.6,1.3324272197381335,136.87487635266996,1.038210778078631,1.0,0.0,0.7640537838389235,1
30.0,4506.0,0.2596537949400799,0.6560142032845095,0.6882083148394731,26.0,0.2596537949400799,0.4869063470927652,2.507774104086516,0.0010799913600691,30.0,1.0,13.0,0.8333333333333334,9.640455334282407,30.0,0.7333333333333333,0.2666666666666666,1.0,0.0,1.0,1.0,3.0,0.0090927857421495,29.0,5.0,0.3793103448275862,1.471541333023053,1.0,1.0,1.0,40.725570509069634,0.1724137931034483,0.3793103448275862,0.2413793103448276,0.0,0.1379310344827586,0.0689655172413793,0.5517241379310345,0.2413793103448276,0.2068965517241379,27778.0,138.0,0.0049679602563179,2613.0,2613.0,0.0940672474620203,0.0205918352653178,8.419313411514315,0.7919816381412235,0.068705896320334,0.0064629745512647,0.8313015968950315,0.997074900576672,0.998437693044875,0.4721027657965342,0.1686984031049685,0.001664290301648,0.0003442111859452,0.0,0.1657733036816405,3299.318916106771,0.1697725882523148,2.551659162326389,2.3818865740740742,404303.0,572.0,1.0,0.0,1.0,0.0,0.0,1.0,0.0,0.0,1.0,1.0,0.0014147804987843,1,1,1,0,0.295692944780027,0.5682127816398173,0.4739310548897765,1.856621041107993,11.317861625929291,0.7333333333333333,0.03122450989166636,0.09398094053156796,0.3723936896017248,0.7931034482758621,7.3577066651152645,0.5287356321839081,0.7931034482758621,1.2628903909732045,55.902854648751166,0.9711875812586519,0.6,0.0,0.7652309815933424,1
30.0,5913.0,0.6047691527143582,0.8410282428547269,0.7988781780258187,33.0,0.6047691527143582,0.7686453576864536,1.72088357073638,0.0005596701677144,30.0,1.0,30.0,0.1,13.645373003171295,30.0,0.4333333333333333,0.5666666666666667,0.0,1.0,1.0,1.0,2.0,0.0104008677302032,29.0,8.0,0.3103448275862069,1.7708108600734518,1.0,1.0,1.0,22.610453364135143,0.1034482758620689,0.2758620689655172,0.1034482758620689,0.1034482758620689,0.3103448275862069,0.0344827586206896,0.3793103448275862,0.2068965517241379,0.3448275862068966,53603.0,751.0,0.0140104098651194,9100.0,9100.0,0.169766617540063,0.0185810495681211,18.58392376473621,3.154929878161661,1.2825832077142103,0.2177398128873256,0.9660087625691692,0.9829259339330249,0.9949814460477184,0.1839575895315906,0.0339912374308307,0.0001105184746973,0.0123713780684739,1.0,0.0,2884.374724999433,0.3182435179513889,0.3979541660995371,0.0797106481481481,41793.0,996.0,1.0,1.0,1.0,0.0,0.0,1.0,0.0,0.0,1.0,1.0,0.0238317421577776,1,1,1,0,0.9261740649822592,0.7369581086993366,0.7018236653700884,0.6801462717420803,12.109476919933426,0.0,0.03571644670106025,0.06828095124538384,0.13328259555054958,0.48275862068965497,14.166486880587614,0.35632183908045967,0.6551724137931034,1.3666806799422924,91.46527111860205,1.1441287761207506,0.8,0.0,0.9753913549940864,1
30.0,30275.0,0.1876796036333608,0.5513790255986788,0.5558216350123864,626.5,0.1876796036333608,0.4374896779521057,2.840971685556843,0.0004162619675315,30.0,1.0,30.0,0.0,0.2045054389467592,30.0,1.0,0.0,1.0,0.0,1.0,1.0,17.0,0.0077513340391563,30.0,6.0,0.4666666666666667,1.4991433188544756,0.0,1.0,1.0,0.1388831437657007,0.0,0.0666666666666666,0.2,0.4666666666666667,0.0666666666666666,0.0,0.0666666666666666,0.6666666666666666,0.0666666666666666,72070.0,647.0,0.0089773830997641,9691.0,9691.0,0.1344664909116137,0.0104342999861246,18.621288140066667,2.503939272448815,0.1137912033257914,0.0153011038078291,0.862479416925361,0.9992161560264544,0.999713929005264,0.4060715052916869,0.1375205830746389,0.000139222567148,4.4405452827642055e-05,0.0,0.0,3870.30153103022,0.1013458450347222,0.2073064931828703,0.1059606481481481,633353.0,752.0,1.0,1.0,1.0,0.0,0.0,1.0,0.0,0.0,1.0,1.0,0.0011873315512834,1,1,1,0,0.9041913034378107,0.868135043216404,0.37175061932287357,2.307779245677934,22.120865340807566,1.0,0.0266179819081529,0.8302162594420642,0.6924397428534546,0.2666666666666666,8.994859913126854,0.33333333333333326,0.9333333333333333,1.3539025339169108,67.23045467827873,1.1110500728761405,0.8,0.0,0.9680637678126036,1
30.0,4249.0,0.2235820192986585,0.5794304542245234,0.5773044637954028,65.0,0.2235820192986585,0.4285714285714285,2.7841930997962785,0.0023461327911159,30.0,1.0,1.0,0.0,0.6608828107060185,30.0,0.6666666666666666,0.3333333333333333,0.0,1.0,1.0,1.0,3.0,0.0080664698453718,30.0,6.0,0.4333333333333333,1.5235315435076349,0.0,1.0,1.0,94.80961264128167,0.0,0.2333333333333333,0.1,0.1,0.0666666666666666,0.0,0.2333333333333333,0.2,0.0666666666666666,12787.0,155.0,0.0121216860874325,2387.0,2387.0,0.1866739657464612,0.0641276296238367,3.438198330425667,0.6418221173634212,0.2399377028878089,0.0447901225301634,0.7396252015641034,0.9979313755904876,0.9989531166725192,0.587925706501195,0.2603747984358966,0.0019544189556053,0.2583061740263843,0.0,0.0,3719.099007915185,0.0666005077777777,0.1550958781481481,0.0884953703703703,53293.0,820.0,1.0,0.0,0.0,0.0,0.0,1.0,0.0,0.0,1.0,1.0,0.0153866361435835,1,1,1,0,0.9186993598877146,0.9016435757531731,0.40044324154703065,2.161697584426435,14.387220775329261,0.0,0.027700154234372037,0.6020894391548997,0.2864128497016512,0.3333333333333333,9.14118926104581,0.25555555555555554,0.9333333333333333,1.1501486326282164,86.71502076328245,0.9460502267225671,0.6,0.0,0.9728997866292382,0
30.0,218.0,0.2798165137614679,0.6559633027522935,0.5984709480122323,3.0,0.2798165137614679,0.573394495412844,2.5508755893792383,0.0013731233980227,0.0,0.0,0.0,0.0,0.0,15.0,0.9333333333333332,0.0,1.0,0.0,0.9333333333333332,1.0,7.0,0.0030223333778993,28.0,3.0,0.7142857142857143,0.7589367727620595,0.0,1.0,0.0,1.762719274277283,0.0,0.0,0.0714285714285714,0.0,0.7142857142857143,0.2142857142857142,0.0,0.0714285714285714,0.9285714285714286,21848.0,299.0,0.0136854632002929,1883.0,1883.0,0.0861863786158916,0.0016019772976931,4.402129309356317,0.379403583372297,40.23572744014733,3.467771639042357,0.9957835683439188,1.0,1.0,0.0272662084403834,0.0042164316560812,0.0042164316560812,0.0,1.0,0.9957835683439188,4963.052755662998,0.443357514849537,628.8176746444791,628.3743171296296,543.0,35.0,1.0,1.0,1.0,0.0,0.0,1.0,0.0,0.0,1.0,1.0,0.0644567219152854,0,1,0,1,0.0015888795789454405,0.34720840006539655,0.4391437308868501,1.8370984749199102,4.760517097735615,0.871111111111111,0.008379687438412461,1.0,0.6496341148753687,0.0714285714285714,2.2768103182861785,0.047619047619047596,0.0714285714285714,1.1741128119388238,3.502833640432053,0.8861332148472886,0.8,0.0,0.3338629598596485,1
30.0,2683.0,0.4401789042117033,0.9795005590756616,0.901615107466766,2.0,0.4401789042117033,0.9675736116287738,1.2206530983153832,0.0140845070422535,0.0,0.0,0.0,0.0,0.0,30.0,1.0,0.0,1.0,0.0,1.0,6.0,8.0,0.0097584759270745,30.0,6.0,0.3333333333333333,1.602515765529905,0.0,1.0,0.0,7.842567714762907,0.0,0.0,0.3333333333333333,0.2,0.0666666666666666,0.0333333333333333,0.0,0.5333333333333333,0.1,2130.0,24.0,0.0112676056338028,223.0,223.0,0.1046948356807511,0.0018779342723004,0.6928517908222911,0.0725380043912539,0.184399619080599,0.0193056878192364,0.9940457598000936,0.99730595033578,1.0,0.040544140406494,0.0059542401999062,0.0026940496642198,0.0,1.0,0.0,3074.250551324641,0.300447157974537,0.3004818801967592,3.472222222222222e-05,11551.0,4.0,1.0,1.0,1.0,1.0,0.0,0.0,0.0,0.0,1.0,1.0,0.0003462903644706,1,1,1,0,0.9999652789833687,0.7689560041832721,0.6708970058392346,0.6833473550762973,3.7726205419764307,1.0,0.033510481468850155,1.0,0.7703627256705531,0.3333333333333333,9.61509459317943,0.2888888888888889,0.9,0.9542897755988645,0.521897063309471,0.6738054454396679,0.8,0.0,0.9999884263277896,0
30.0,8152.0,0.4915358194308145,0.7539254170755643,0.7533120706575072,49.5,0.4915358194308145,0.6571393523061825,2.0812229857383993,0.0026331958219959,0.0,0.0,0.0,0.0,0.0,30.0,0.7,0.0,0.0,0.0,0.7,2.0,8.0,0.0097268764257275,30.0,10.0,0.3,2.023018838468669,1.0,1.0,1.0,38.06390977443609,0.1,0.1333333333333333,0.3,0.1666666666666666,0.0333333333333333,0.0333333333333333,0.2333333333333333,0.4666666666666667,0.0666666666666666,11393.0,190.0,0.016676906872641,1352.0,1352.0,0.1186693583779513,0.0173790924251733,3.693943437277115,0.4383578975861195,0.2009808245276695,0.0238502654929701,0.6007399663445748,0.8913073871276005,0.9747933831044142,0.9986527303971507,0.3992600336554252,0.0183181503809373,0.0067219076979072,0.0,0.8913073871276005,3084.237805246875,0.6039047839120371,0.602330709837963,0.001574074074074,56687.0,198.0,1.0,1.0,1.0,1.0,0.0,1.0,0.0,0.0,1.0,1.0,0.0034928643251539,1,1,1,0,0.9984283997411483,0.6237846489897234,0.6224239450441609,1.058227340025229,13.468006253121953,0.0,0.03340196918555645,1.0,0.43669360796057544,0.5333333333333333,20.23018838468669,0.41111111111111115,0.9333333333333333,1.162561486513733,21.19723212987072,0.8973667179946311,1.0,0.0,0.9994761332470494,1
30.0,8447.0,0.1521250147981531,0.5760625073990766,0.5425002959630638,133.5,0.1521250147981531,0.4205043210607316,2.8712629210397855,0.0006748245456181,30.0,1.0,3.0,0.1,0.7064103445486112,30.0,0.0666666666666666,0.0333333333333333,1.0,0.0,0.0666666666666666,1.0,1.0,0.0122602177943027,28.0,7.0,0.3214285714285714,1.777723245702423,0.0,1.0,1.0,184.4324159487688,0.0,0.1428571428571428,0.3214285714285714,0.2142857142857142,0.0,0.0,0.1428571428571428,0.5357142857142857,0.0,44456.0,328.0,0.0073780816987583,4226.0,4226.0,0.0950602843260752,0.0290624437646212,18.16800807545072,1.7270560132907764,0.046537628105143,0.004423880159536,0.6096572830165906,0.9945229163737906,0.9967512106646556,0.705312728823075,0.3903427169834094,0.0024794561850853,0.0005521468231031,0.0,0.0,2446.9385864062383,0.1231928877199074,0.0116766840162037,0.1115162037037037,955270.0,1292.0,1.0,0.0,1.0,0.0,0.0,0.0,0.0,0.0,1.0,1.0,0.0013524971997445,1,1,1,0,0.8996719945853074,0.939388557603112,0.34731265538060846,2.4344720066872196,16.831908741472347,0.004444444444444435,0.04210143102983658,0.586025514434235,0.3271035270376359,0.4642857142857142,12.44406271991696,0.38095238095238093,1.0,1.3714873032169914,120.72196545693149,1.0699486278899146,0.4,0.0,0.9665573315284358,1
30.0,16148.0,0.2483898934852613,0.6131409462472133,0.5430765419866237,268.5,0.2483898934852613,0.5294154074808026,2.7018241568183097,0.0007860399308284,0.0,0.0,0.0,0.0,0.0,30.0,0.5,0.5,0.0,1.0,1.0,1.0,4.0,0.0086831973237481,19.0,7.0,0.4210526315789473,1.5030658660713347,0.0,1.0,1.0,29.196976433970654,0.0,0.3157894736842105,0.4210526315789473,0.0526315789473684,0.0526315789473684,0.0,0.3157894736842105,0.4736842105263157,0.0526315789473684,38166.0,953.0,0.0249698684693182,8296.0,8296.0,0.217366242205104,0.0124456322381176,11.046763635272365,2.401193499927148,0.1289444166655405,0.0280281633039177,0.9805258265529786,0.9879900503792792,0.9909712069222736,0.1300993773931563,0.0194741734470214,0.0105113095169786,0.0062046844696404,1.0,0.9805877965090258,3454.9485495666436,0.0452625296064814,0.1114893814583333,0.0662268518518518,295988.0,475.0,1.0,0.0,1.0,1.0,0.0,1.0,0.0,0.0,1.0,1.0,0.0016047947889779,1,1,1,0,0.9378867154425653,0.9281955792474099,0.3957332177359425,2.030718342290304,19.218544241484675,0.0,0.02981798850377064,1.0,0.42560320710815214,0.7368421052631577,10.521461062499343,0.5087719298245613,0.9473684210526316,1.2947402144774667,45.02486371031045,1.1074487623610703,0.8,0.0,0.9792955718141885,1
30.0,5638.0,0.1661936857041504,0.5666903157147924,0.4956249260967245,86.5,0.1661936857041504,0.3964171692089393,2.9328437073955977,0.0033860045146726,30.0,1.0,1.0,0.0,0.1806455619791666,30.0,0.0,0.1666666666666666,0.0,0.0,0.0,0.0,0.0,0.0109708323250952,30.0,6.0,0.3666666666666666,1.6181186968274803,1.0,1.0,1.0,0.979508915345035,0.0666666666666666,0.2,0.3666666666666666,0.0,0.0666666666666666,0.0,0.2666666666666666,0.3666666666666666,0.0666666666666666,8860.0,187.0,0.0211060948081264,3227.0,3227.0,0.3642212189616253,0.0752821670428894,3.240052480011452,1.180095863769408,0.0762511295666767,0.0277722793579758,0.9802899386130304,0.9965082345908832,0.9977460102190604,0.11215851902337,0.0197100613869696,0.0006759274241356,0.0006885380854542,1.0,0.9802899386130304,2734.5236086169907,0.0429373206944444,1.0485854688425926,1.005648148148148,116195.0,667.0,1.0,1.0,1.0,1.0,1.0,0.0,0.0,0.0,1.0,1.0,0.0057403502732475,1,1,1,0,0.4985919394303126,0.7234860476058125,0.33090930590043743,2.4454236020692988,15.355550399489895,0.0,0.03767369782692895,0.8469942480651496,0.39891028393166367,0.6333333333333333,9.708712180964882,0.4222222222222222,0.9333333333333333,1.1484591109572662,73.38206110820384,1.0208699940384045,0.8,0.0,0.8328639798101042,1
30.0,5453.0,0.291582615074271,0.8725472217128186,0.7844305886667888,32.0,0.291582615074271,0.6715569411333211,2.053378536709182,0.0007767995857068,3.0,1.0,3.0,0.0,3187.583092199155,30.0,0.0333333333333333,0.0,1.0,0.0,0.0333333333333333,1.0,1.0,0.0076921099979425,30.0,8.0,0.4333333333333333,1.7093375928815244,1.0,1.0,1.0,8.963461445358158,0.0333333333333333,0.0666666666666666,0.1666666666666666,0.1,0.4333333333333333,0.0,0.1,0.2666666666666666,0.4333333333333333,38620.0,388.0,0.0100466079751424,2032.0,2032.0,0.0526152252718798,0.003909891248058,9.90230960401802,0.5210122505273075,2.0423056583818084,0.1074563722897937,0.9602488150548476,1.0,1.0,0.1671525923833929,0.0397511849451523,0.0,0.0,1.0,0.0,3900.100233524421,0.1897358392361111,1.9094349133101851,1.719699074074074,18910.0,151.0,1.0,1.0,1.0,1.0,1.0,1.0,0.0,0.0,1.0,1.0,0.0079851930195663,1,1,1,0,0.3676877377841707,0.5921160363901076,0.53800660187053,1.4546490532381384,12.006962226461454,0.0011111111111111087,0.02641460730842681,0.00031361892448294434,0.0822132365878422,0.2666666666666665,13.674700743052195,0.21111111111111103,0.5666666666666667,1.2772047813849092,14.297141922314323,0.921153574800531,1.0,0.0,0.7892292459280569,1
30.0,7471.0,0.1944853433275331,0.525230892785437,0.4890063802257618,149.0,0.1944853433275331,0.4119930397537144,2.9392038469745225,0.0007594552174573,0.0,0.0,0.0,0.0,0.0,30.0,1.0,0.0,1.0,0.0,1.0,1.0,19.0,0.0117072934035956,30.0,7.0,0.2666666666666666,1.804199782960271,1.0,1.0,1.0,117.46578446478746,0.0333333333333333,0.2,0.1666666666666666,0.0,0.2666666666666666,0.0666666666666666,0.2333333333333333,0.1666666666666666,0.3333333333333333,39502.0,204.0,0.0051642954787099,2132.0,2132.0,0.0539719507873019,0.037441142220647,15.4153834676279,0.8319983178822004,0.6174309919034668,0.0333239551095689,0.9721045285516864,0.9975150830499938,0.9981713748738285,0.1400009404945667,0.0278954714483134,0.0006216895778034,0.0,1.0,0.9721045285516864,2562.5051807194905,0.0261066454166666,0.6223682194907407,0.5962615740740741,63978.0,1479.0,1.0,1.0,1.0,0.0,0.0,1.0,0.0,0.0,1.0,1.0,0.0231173215792928,1,1,1,0,0.6264637426858183,0.795470226898576,0.34174586177664745,2.3675717776860763,17.20645748626821,1.0,0.04020269574710065,1.0,0.7910713582012193,0.3999999999999999,12.629398480721896,0.2666666666666666,0.6666666666666667,1.3483793636132693,139.7374876089225,0.9765289993384293,0.8,0.0,0.8754879142286062,1
30.0,5620.0,0.4692170818505338,0.9,0.8457058125741399,16.5,0.4692170818505338,0.8106761565836299,1.668369660008931,0.0011415959511396,30.0,1.0,29.0,0.0,0.0107011629629629,30.0,1.0,0.0,1.0,0.0,1.0,1.0,10.0,0.0074640286817549,30.0,9.0,0.2333333333333333,2.034878877433453,1.0,1.0,1.0,51.99390194977132,0.1,0.1666666666666666,0.1,0.1666666666666666,0.0333333333333333,0.0,0.2666666666666666,0.2666666666666666,0.0333333333333333,26279.0,250.0,0.0095132995928307,1710.0,1710.0,0.0650709692149625,0.0229080254195365,6.538240324261241,0.4254496348600297,0.7495436394751854,0.0487735310895607,0.8604508216057302,0.9782974896645432,0.9994813297159406,0.4669238825890839,0.1395491783942698,0.0,0.0005186702840594,0.0,0.0211838400513972,4019.2771596201737,0.439023046099537,0.0115924905439814,0.4274305555555555,35060.0,602.0,1.0,1.0,1.0,1.0,0.0,1.0,0.0,0.0,1.0,1.0,0.0171705647461494,1,1,1,0,0.700559474580394,0.8417281293069918,0.6574614472123368,0.8855421166915732,9.828761201777908,1.0,0.02563137898705646,0.9894121394581248,0.7424520560427954,0.3666666666666666,18.313909896901077,0.29999999999999993,0.9666666666666667,1.2261872974367074,59.1555294242297,0.8970375919691237,1.0,0.0,0.900186491526798,1
30.0,61807.0,0.1842509748086786,0.4160693772550035,0.3563647051844181,1610.5,0.1842509748086786,0.3320659472228064,3.1223166601636936,0.0006838074398249,30.0,1.0,30.0,0.0,0.1331389616666666,30.0,1.0,0.0,1.0,0.0,1.0,2.0,8.0,0.0052289499547936,30.0,7.0,0.4,1.612278731247256,0.0,1.0,1.0,331.75476769486755,0.0,0.0333333333333333,0.1333333333333333,0.1,0.0333333333333333,0.0,0.0333333333333333,0.2333333333333333,0.0333333333333333,43872.0,667.0,0.0152033187454412,4708.0,4708.0,0.1073121808898614,0.0480488694383661,7.646816413890221,0.8205965462389488,0.0500693886494777,0.0053730552917975,0.5708995175115757,0.9883961503853969,0.9926327180713528,0.756312821960082,0.4291004824884242,0.0002960276952182,0.0029320492321653,0.0,0.0,5737.289562711481,0.0785441929629629,0.1041576188888888,0.0256134259259259,876224.0,2108.0,1.0,1.0,1.0,0.0,0.0,1.0,0.0,0.0,1.0,1.0,0.0024057775180775,1,1,1,0,0.9750262376852155,0.91642176455309,0.27030783999654834,2.5470267718671553,25.359723194248836,1.0,0.01795614723765441,0.8825042945563885,0.6830655900095985,0.1666666666666666,11.285951118730791,0.1444444444444444,0.9666666666666667,1.2350020041674554,197.2110839475429,0.9771394814417016,0.8,0.0,0.9916754125617384,1
30.0,8891.0,0.240017995726015,0.6531323810594983,0.6561429160574364,91.5,0.240017995726015,0.4910583736362613,2.6040377291730468,0.0021754894851341,0.0,0.0,0.0,0.0,0.0,30.0,0.7,0.3,0.0,1.0,1.0,1.0,5.0,0.0091791876679581,28.0,5.0,0.3928571428571428,1.43078704568147,0.0,1.0,1.0,4.58474442968334,0.0,0.1428571428571428,0.0714285714285714,0.0,0.1071428571428571,0.0,0.1428571428571428,0.0714285714285714,0.1071428571428571,13790.0,145.0,0.010514865844815,2369.0,2369.0,0.1717911530094271,0.0168963016678752,4.2193665980380946,0.7248498528464282,0.1393154449203911,0.0239331609148953,0.9529969850882196,0.9847026730066116,0.99681915230251,0.2298910515387546,0.0470030149117803,0.0447828765359596,0.0002967902450729,1.0,0.9529969850882196,3268.2630625136576,0.4218935321759259,1.7949722358796296,1.3730787037037038,98984.0,233.0,1.0,1.0,1.0,1.0,0.0,1.0,0.0,0.0,1.0,1.0,0.0023539157843691,1,1,1,0,0.42139352497634536,0.5305364220524127,0.4480804558917257,1.9790218126220085,15.54637655731066,0.0,0.03152121299933597,1.0,0.4308737272572936,0.2142857142857142,7.15393522840735,0.1428571428571428,0.8928571428571429,1.177834219511801,24.444564198278727,0.9602131019770648,1.0,0.0,0.8071311749921151,1
30.0,14012.0,0.1723522694833,0.4876534399086497,0.482795698924731,280.0,0.1723522694833,0.3721809877248073,2.9778677617516305,0.0004117655132657,30.0,1.0,1.0,0.0,11.141894376354166,30.0,1.0,0.0,1.0,0.0,1.0,1.0,9.0,0.0075922030954212,29.0,7.0,0.4137931034482758,1.5561634948437568,0.0,1.0,1.0,166.05474186493473,0.0,0.2758620689655172,0.4137931034482758,0.0,0.1034482758620689,0.0344827586206896,0.2758620689655172,0.4137931034482758,0.1379310344827586,72857.0,1535.0,0.0210686687620956,17300.0,17300.0,0.2374514459832274,0.0172117984545067,18.438171364103564,4.378170451692928,0.0771034738206736,0.0183083313490488,0.4058522583677099,0.7386505358952444,0.965286271651991,1.2113308414833643,0.5941477416322899,0.0024386776235357,0.027554452359839,0.0,0.0,3951.4222185669673,0.0038273632638888,0.1250773632638888,0.12125,944925.0,1254.0,1.0,1.0,1.0,1.0,1.0,1.0,0.0,0.0,1.0,1.0,0.0013270894515437,1,1,1,0,0.8918617614269787,0.9425074980780577,0.3275739842040155,2.4646254947925823,19.36203778884116,1.0,0.026071528283528923,0.08235947118329891,0.44146318069276175,0.6896551724137929,10.893144463906298,0.4597701149425286,0.8620689655172414,1.3518247083811166,112.00161003800908,1.1782326339408922,1.0,0.0,0.9639539204756596,1
30.0,1845.0,0.1978319783197832,0.5349593495934959,0.5121047877145437,36.5,0.1978319783197832,0.4,2.922662985450034,0.0030803983981928,30.0,1.0,1.0,0.0,0.1620682407175925,30.0,0.9333333333333332,0.0666666666666666,1.0,0.0,1.0,3.0,21.0,0.008392055035676,30.0,9.0,0.2666666666666666,2.006480635901741,1.0,1.0,1.0,22.263068386786458,0.1,0.1666666666666666,0.1333333333333333,0.2666666666666666,0.0666666666666666,0.0,0.2666666666666666,0.4,0.0666666666666666,9739.0,148.0,0.0151966320977513,983.0,983.0,0.1009343875141185,0.0044152377040763,2.7243407997482874,0.2749796700023171,0.0228696624147583,0.0023083353684882,0.0,0.0,0.0,0.0,0.0,0.0,0.0,0.0,0.0,3574.809730366447,0.5642905516319444,0.1623461071875,0.4019444444444444,425848.0,43.0,1.0,1.0,1.0,1.0,1.0,1.0,0.0,0.0,1.0,1.0,0.0001009749957731,1,1,1,0,0.7132950267485635,0.7497981872191947,0.35496838301716344,2.3444667850764502,12.445940388532595,0.9333333333333332,0.02881820961184652,0.8605346613573114,0.6871321196498438,0.3999999999999999,18.05832572311567,0.35555555555555546,0.9333333333333333,1.1224324266457164,4.682057585635124,0.8422677933536344,1.0,0.0,0.9044316755828544,1
30.0,7869.0,0.3149065955013344,0.7434235608082348,0.7231117888761807,52.5,0.3149065955013344,0.5930867962892362,2.350124474172358,0.002570253598355,0.0,0.0,0.0,0.0,0.0,30.0,0.6666666666666666,0.3333333333333333,0.0,1.0,1.0,2.0,7.0,0.010686805136603,30.0,8.0,0.3,1.8381795903193503,1.0,1.0,1.0,25.88117823265102,0.3,0.2,0.0666666666666666,0.0666666666666666,0.1333333333333333,0.0333333333333333,0.5,0.1333333333333333,0.1666666666666666,11672.0,144.0,0.0123372172721041,1177.0,1177.0,0.1008396161754626,0.014821795750514,4.157879651814351,0.4192789881927254,0.2376608568170712,0.023965629581365,0.9823940293407248,0.9948579661529964,0.9996816424816272,0.1003974491947267,0.0176059706592752,0.0048236763286307,0.0,1.0,0.9823940293407248,2807.200057959039,0.2314121257060185,0.5574422182986112,0.3260300925925926,49112.0,173.0,1.0,1.0,1.0,0.0,0.0,1.0,0.0,0.0,1.0,1.0,0.0035225606776347,1,1,1,0,0.7541306985310163,0.7270771027872922,0.5190091921887575,1.6100547770063771,13.666175877423617,0.0,0.03669835209592084,1.0,0.44689405575450786,0.5666666666666667,14.705436722554802,0.39999999999999997,0.8333333333333334,1.179377986914034,18.472971308434175,0.8905528982446419,0.8,0.0,0.9180435661770053,1
30.0,12629.0,0.2143479293689128,0.5851611370654842,0.5735925251405494,193.5,0.2143479293689128,0.4704252118140787,2.791601381236656,0.0002814258911819,30.0,1.0,1.0,0.0,0.2285606969444444,30.0,1.0,0.0,1.0,0.0,1.0,1.0,3.0,0.0102990632749961,30.0,6.0,0.3,1.7192991413009115,0.0,1.0,1.0,181.7671809256662,0.0,0.1333333333333333,0.1333333333333333,0.2,0.0,0.0,0.1333333333333333,0.3333333333333333,0.0,106600.0,1381.0,0.0129549718574108,6049.0,6049.0,0.0567448405253283,0.0211726078799249,36.59600483715307,2.0766344583483947,0.4942049142327306,0.0280435790449698,0.5903000840539921,0.8723294828890311,0.984793474065728,0.9814346939673368,0.4096999159460079,1.0050656481897144e-05,0.0003695669406767,0.0,0.6048625076059418,2912.8862691726854,0.1023571356481481,0.1168247282407407,0.0144675925925925,215700.0,2257.0,1.0,0.0,1.0,1.0,0.0,1.0,0.0,0.0,1.0,1.0,0.0104636068613815,1,1,1,0,0.9857387335995437,0.9012713377155108,0.3939702272547311,2.1932274055451817,18.098596610049867,1.0,0.03536685150451949,0.8139605983547267,0.7140940110962516,0.2666666666666666,10.315794847805469,0.24444444444444438,1.0,1.451171827179075,194.95807203854747,1.0915348905281754,0.8,0.0,0.9952462445331812,1
30.0,16716.0,0.8543311797080642,0.9468772433596554,0.9119526202440776,39.5,0.8543311797080642,0.9254008135917684,0.7822522082960753,0.0025372124492557,0.0,0.0,0.0,0.0,0.0,30.0,0.0,0.0666666666666666,0.0,1.0,0.0,0.0,0.0,0.0110423983366693,30.0,7.0,0.2666666666666666,1.8155263854132973,0.0,1.0,1.0,21.075226851400135,0.0,0.2666666666666666,0.1666666666666666,0.1333333333333333,0.2,0.1,0.2666666666666666,0.3,0.3,11824.0,105.0,0.0088802435723951,1677.0,1677.0,0.1418301759133964,0.0183525033829499,4.352177264425965,0.6172700670198193,0.1164627780076039,0.0165179362921813,0.9999853705165536,1.0,1.0,0.0001774916861777,1.4629483446513252e-05,0.0,0.0,1.0,0.0,2716.801104623912,0.1575513831712963,0.1566833276157407,0.0008680555555555,101526.0,217.0,1.0,1.0,1.0,1.0,0.0,1.0,0.0,0.0,1.0,1.0,0.0021373835273722,1,1,1,0,0.9991326973113617,0.8642166985348203,0.883141899976071,0.11394975635325096,12.710223619037913,0.0,0.03791945459495044,1.0,0.4506726799711391,0.43333333333333324,12.70868469789308,0.3333333333333333,0.7,1.1858921226017782,23.139333128653252,0.9389742435101167,1.0,0.0,0.9997108991037873,0
30.0,34852.0,0.4242798117755079,0.7492539882933548,0.6825681931213894,339.5,0.4242798117755079,0.7095145185355216,2.2080463194876745,0.0014109015661007,30.0,1.0,22.0,0.0,0.074148326261574,30.0,1.0,0.0,1.0,0.0,1.0,3.0,12.0,0.0141628885834101,30.0,6.0,0.5333333333333333,1.3444090448883723,0.0,1.0,1.0,296.941230381487,0.0,0.2,0.5333333333333333,0.0333333333333333,0.0,0.0,0.2,0.5666666666666667,0.0,21263.0,181.0,0.0085124394488077,5177.0,5177.0,0.2434745802567841,0.0887927385599398,10.03818333163499,2.4440424732104757,0.0250762441416431,0.0061054280168031,0.4870168218472901,0.9059597921652256,0.9703914645507542,1.0425893947379126,0.5129831781527099,0.0050035958870989,0.0014947306554784,0.0,0.0644316723855284,2118.211960937222,0.0767178816666666,0.0767641779629629,4.6296296296296294e-05,847934.0,1888.0,1.0,1.0,1.0,0.0,0.0,1.0,0.0,0.0,1.0,1.0,0.0022265883901341,1,1,1,0,0.9999537058469514,0.9287284247301002,0.5534240024484487,1.271216842663841,20.02157093811123,1.0,0.04863517817397904,0.9309701235399797,0.7941551812953768,0.7333333333333334,8.066454269330233,0.5,1.0,1.3010076720214012,189.46747911344983,1.1165780367267308,0.8,0.0,0.9999845686156504,1
30.0,10076.0,0.6534339023421993,0.8111353711790393,0.8073772661108904,57.5,0.6534339023421993,0.7463279078999603,1.6264671259631969,0.0007420966704596,30.0,1.0,15.0,0.0,0.1602702231944444,30.0,0.0,0.0333333333333333,0.0,0.0,0.0333333333333333,1.0,1.0,0.0121772560650099,30.0,6.0,0.3,1.548627314417775,1.0,1.0,1.0,22.658134899821672,0.2666666666666666,0.3,0.0333333333333333,0.2333333333333333,0.1333333333333333,0.0333333333333333,0.5666666666666667,0.2666666666666666,0.1666666666666666,40426.0,196.0,0.0048483649136694,3607.0,3607.0,0.0892247563449265,0.0004452580022757,16.409258456136396,1.4641120875496954,0.1428339245587009,0.0127443221165397,0.8487508662572639,0.9941400696452376,0.998902022764564,0.4538259524057295,0.151249133742736,0.0002446445914158,0.0008533326440202,0.0,0.0,2463.609193951412,0.0265782106712962,0.1619601551157407,0.1353819444444444,283028.0,18.0,1.0,0.0,1.0,0.0,0.0,1.0,0.0,0.0,1.0,1.0,6.359794790621422e-05,1,1,1,0,0.8807608795376005,0.9173623050773321,0.7304055842265449,0.5636783648137637,13.972985808760368,0.0,0.041816541512983134,0.8618681924343538,0.4166880323529858,0.5999999999999999,9.291763886506649,0.4777777777777777,0.8333333333333334,1.3581292468315063,1.69695205072764,1.0487458670429548,0.6,0.0,0.9602536265125335,0
30.0,10980.0,0.6545537340619307,0.8061020036429872,0.7829629629629629,87.0,0.6545537340619307,0.7534608378870674,1.6675688702145324,0.0004045798438321,0.0,0.0,0.0,0.0,0.0,30.0,0.6,0.2,0.0,0.0,0.7666666666666667,3.0,5.0,0.0047969236145599,29.0,9.0,0.4137931034482758,1.8366571533453289,1.0,1.0,1.0,81.25304017900574,0.0344827586206896,0.1034482758620689,0.1034482758620689,0.0344827586206896,0.4137931034482758,0.0344827586206896,0.1379310344827586,0.1379310344827586,0.4482758620689655,74151.0,2486.0,0.0335261830588933,24601.0,24601.0,0.3317689579371822,0.0384350851640571,11.856556098107756,3.933637261392954,0.3506554307116105,0.1163365868422048,0.7035979060897589,0.975625046073488,0.9929180653495184,0.7164026267144813,0.2964020939102411,0.0044738546244627,8.662436275867239e-05,0.0,0.7040932452109013,6254.008279093808,0.0282096493634259,0.1852235382523148,0.1570138888888889,211464.0,2850.0,1.0,1.0,1.0,0.0,0.0,1.0,0.0,0.0,1.0,1.0,0.0134774713426398,1,1,1,0,0.8642938599123703,0.9081434994256694,0.7187583485124468,0.576055439410175,15.375117331088447,0.0,0.016472574313291334,1.0,0.38430666952740666,0.2413793103448274,16.52991438010796,0.17241379310344818,0.5517241379310345,1.2828612896511287,254.14949613576275,1.1566455548820693,0.8,0.0,0.9547646199707901,1
30.0,11748.0,0.2455737146748382,0.6578140960163432,0.6465384178867324,113.5,0.2455737146748382,0.5205992509363296,2.606877613448935,0.0016657412548584,30.0,1.0,1.0,0.0,0.2398601865972222,30.0,1.0,0.0,1.0,0.0,1.0,9.0,9.0,0.0094291360251547,30.0,8.0,0.3666666666666666,1.8689167441076784,1.0,1.0,1.0,106.7853170189099,0.1,0.1333333333333333,0.3666666666666666,0.0666666666666666,0.0,0.0,0.2333333333333333,0.4333333333333333,0.0,18010.0,167.0,0.0092726263187118,1706.0,1706.0,0.0947251526929483,0.0483620210993892,5.660624660434581,0.5362035352971347,0.1209000711571768,0.0114522777009518,0.6940501154546123,0.9208643160687082,0.9741915313519748,0.8684316623619694,0.3059498845453877,0.0010053815931591,1.1993534272197976e-05,0.0,0.7174868829141323,3181.627661239225,0.0270246651504629,0.2400339244097222,0.2130092592592592,148966.0,871.0,1.0,0.0,1.0,0.0,1.0,0.0,0.0,0.0,1.0,1.0,0.005846971792221,1,1,1,0,0.8243960154192589,0.8900580000097427,0.4460560662807853,1.966696994211603,16.279073284066843,1.0,0.03237953245973117,0.8065425527893472,0.7023772599722381,0.5999999999999999,14.951333952861427,0.4222222222222222,1.0,1.2148536275937565,88.88899808810291,0.9227248772548281,0.4,0.0,0.9414653384730863,1
30.0,7080.0,0.4713276836158192,0.83545197740113,0.7982203389830507,41.5,0.4713276836158192,0.7879943502824859,1.838952843778217,0.0013716166788588,30.0,1.0,1.0,0.0,557.538527770706,30.0,1.0,0.0,1.0,0.0,1.0,1.0,7.0,0.0131970351944404,30.0,3.0,0.9,0.3887343902209295,1.0,0.0,0.0,1.4279780117830223,0.0333333333333333,0.0,0.0,0.0,0.9,0.0666666666666666,0.0333333333333333,0.0,0.9666666666666668,21872.0,211.0,0.0096470373079736,2236.0,2236.0,0.1022311631309436,0.0010058522311631,9.621518459093416,0.9836190231589648,0.0130107455242845,0.0013301036481483,0.9698094309541032,0.986030213034067,0.9943073636537388,0.1681472280342175,0.0301905690458967,0.013085701981795,0.0,1.0,0.0171048670641016,2273.2378565925464,2.5926945555092593,407.3662130740278,404.7735185185186,1681072.0,22.0,1.0,1.0,1.0,0.0,1.0,0.0,0.0,0.0,1.0,1.0,1.3086887414697288e-05,0,1,0,1,0.0024644289347688477,0.1403956990568871,0.6347740112994349,0.9722034596415065,12.875749019909797,1.0,0.04531844999484848,0.0017903867867294645,0.47416519744019897,0.0333333333333333,1.1662031706627884,0.0222222222222222,0.033333333333333215,1.2927833481478759,2.2015392547194828,0.9978073392146547,0.6,0.0,0.33415480964492295,0
30.0,8406.0,0.1931953366642874,0.5173685462764692,0.4586485843445156,176.0,0.1931953366642874,0.3859148227456578,2.988079653713389,0.0050268096514745,30.0,1.0,1.0,0.0,777.6539848727663,30.0,0.0,0.8,0.0,1.0,0.0,0.0,0.0,0.0048435194318945,29.0,4.0,0.4137931034482758,1.2810611468048412,0.0,1.0,1.0,90.20087839297288,0.0,0.1034482758620689,0.2068965517241379,0.0,0.0,0.0,0.1034482758620689,0.2068965517241379,0.0,5968.0,303.0,0.0507707774798927,4786.0,4786.0,0.8019436997319035,0.0102211796246648,0.9635374656515518,0.7727028000349074,0.0079339440662261,0.0063625764579353,0.8527465720759367,0.9751393286367964,0.98022929781967,0.5411241842941348,0.1472534279240632,0.0043135740169312,0.0003041265928719,0.0,0.8544262155912549,6193.843221101123,0.4133484159375,0.6581979529745371,0.244849537037037,752211.0,61.0,0.0,0.0,1.0,0.0,0.0,0.0,0.0,0.0,1.0,1.0,8.109426743294102e-05,1,1,1,0,0.8033099344521408,0.6553019632838236,0.3259219605044015,2.4107965990345237,17.77483195015774,0.0,0.01663258375380088,0.001284267491629677,0.05189656442062435,0.3103448275862068,5.124244587219365,0.20689655172413787,1.0,0.9957282668696419,7.016063008937697,0.9704551620470294,0.2,0.0,0.9344366448173803,0
30.0,66522.0,0.2274585851297315,0.6303478548450137,0.6377519216700238,921.0,0.2274585851297315,0.5193319503322209,2.6121248091408753,0.0003336521565051,30.0,1.0,2.0,0.0,1.861963850914352,30.0,0.2666666666666666,0.7333333333333333,0.0,1.0,1.0,1.0,3.0,0.0080840111977328,30.0,6.0,0.5666666666666667,1.3336116996570029,1.0,1.0,1.0,2.8398259291884145,0.1333333333333333,0.1333333333333333,0.5666666666666667,0.0,0.0666666666666666,0.0333333333333333,0.2666666666666666,0.5666666666666667,0.1,89914.0,910.0,0.0101207820806548,10060.0,10060.0,0.1118846898147118,0.0245567987187757,24.22885942776504,2.7108384216397483,0.0858860310306915,0.0096093319412856,0.8130718430256446,0.9800768540216468,0.9869138038214944,0.5790888362522992,0.1869281569743553,0.0001521304895556,0.0041331907931636,0.0,0.0,3711.029001007975,0.0934338783449074,0.2852625820486111,0.1918287037037037,1046899.0,2208.0,1.0,1.0,1.0,0.0,0.0,1.0,0.0,0.0,1.0,1.0,0.0021090859767752,1,1,1,0,0.8390467496649641,0.8463005846140119,0.43260525339987765,2.0179745958714217,23.442268948532536,0.0,0.027760391013929075,0.34941042308431536,0.20237290990438064,0.8333333333333333,8.001670197942017,0.5555555555555555,0.9,1.3877336522345496,193.57180202928268,1.1212733200573346,0.8,0.0,0.946348916554988,1
30.0,8323.0,0.3675357443229605,0.8869398053586447,0.8095758740838639,37.0,0.3675357443229605,0.7325483599663583,1.9199049031620237,0.0003529827038475,30.0,1.0,1.0,0.0,3.146147641412037,30.0,1.0,0.0,1.0,0.0,1.0,1.0,3.0,0.0313688421746377,30.0,6.0,0.6333333333333333,1.1954757391366169,0.0,1.0,1.0,107.82029950083196,0.0,0.1,0.0666666666666666,0.0333333333333333,0.6333333333333333,0.1333333333333333,0.1,0.1,0.7666666666666667,84990.0,164.0,0.001929638781033,3120.0,3120.0,0.0367102012001411,0.032003765148841,88.8679298807488,3.262359586162328,0.5337427936244772,0.0195938053430799,0.9799667249723042,0.9969799577934596,0.998487867811878,0.1114025834572759,0.0200332750276958,0.0017887925644776,0.0,1.0,0.9799840466941656,956.3629996153358,0.0247935968171296,0.1776060968171296,0.1528125,159234.0,2720.0,1.0,1.0,1.0,0.0,1.0,0.0,0.0,0.0,1.0,1.0,0.017081779017044,1,1,1,0,0.867443751694226,0.9124933196566372,0.5885558092034122,1.2142712255490677,12.49142432771267,1.0,0.10772020264721988,0.24118774498330067,0.7470625816611003,0.1666666666666666,7.172854434819701,0.12222222222222219,0.23333333333333328,1.6533031282768316,239.64122927053987,1.1719800652452517,0.6,0.0,0.9558145838980754,1
30.0,30765.0,0.4800910125142207,0.7178287014464488,0.6826122758545965,341.5,0.4800910125142207,0.631626848691695,2.2325733503856258,0.0033542039355992,7.0,1.0,1.0,0.0,86.53599448344907,30.0,0.7666666666666667,0.0666666666666666,1.0,0.0,0.8333333333333334,2.0,6.0,0.0093052652041926,30.0,6.0,0.4666666666666667,1.354398880403361,1.0,1.0,1.0,7.183139575163851,0.0333333333333333,0.0333333333333333,0.1,0.4666666666666667,0.3,0.0666666666666666,0.0666666666666666,0.5666666666666667,0.3666666666666666,8944.0,186.0,0.0207960644007155,1288.0,1288.0,0.1440071556350626,0.0782647584973166,2.7742097328766255,0.3995060527666697,0.0052612755063624,0.0007576613206836,0.7718390763232389,0.8754103278117352,0.9110222434061648,0.9488773638070628,0.2281609236767611,0.0004117606601925,0.0009307183782341,0.0,0.7797938510941231,3223.9811913791664,0.2338881384259259,0.2339460087962963,5.787037037037037e-05,1699968.0,700.0,1.0,0.0,1.0,0.0,0.0,1.0,0.0,0.0,1.0,1.0,0.0004117724568933,1,1,1,0,0.9999421329784156,0.810427233674102,0.5813516441844087,1.1607349500867246,20.041682194448942,0.638888888888889,0.03195416164553825,0.011423872041450053,0.315651046353529,0.1666666666666666,8.126393282420167,0.26666666666666666,0.6333333333333334,1.1262357375183425,76.93279922574803,0.8864498966247704,0.6,0.0,0.9999807109928053,1
30.0,3930.0,0.3412213740458015,0.7366412213740458,0.7135029686174723,41.0,0.3412213740458015,0.6396946564885496,2.3003339294014613,0.004697776385844,0.0,0.0,0.0,0.0,0.0,30.0,0.9333333333333332,0.0666666666666666,1.0,0.0,1.0,1.0,27.0,0.0117351991381299,30.0,6.0,0.3,1.6646669446230582,0.0,1.0,1.0,22.694836749525,0.0,0.2,0.3,0.0,0.1666666666666666,0.0,0.2,0.3,0.1666666666666666,6386.0,65.0,0.010178515502662,1353.0,1353.0,0.2118697150015659,0.0331976197932978,2.4980327232032633,0.5292574811296611,0.2156412507597757,0.0456878503410549,0.930561755535185,0.9918348378483252,0.9968349355206138,0.2842965777706157,0.0694382444648149,0.0031650644793862,0.0612730823131402,0.0,0.930561755535185,2556.4116676370136,0.1604755073842592,0.6823505073842593,0.521875,29614.0,212.0,1.0,1.0,1.0,0.0,0.0,1.0,0.0,0.0,1.0,1.0,0.0071587762544742,1,1,1,0,0.6570841889117043,0.7280610925887132,0.5273621713316369,1.5154108252469172,12.835109643777969,0.9333333333333332,0.04029852368242319,1.0,0.7691456694455382,0.5,9.988001667738349,0.3333333333333333,0.8333333333333334,1.116587422825789,24.195334078146082,0.9189101641059841,0.8,0.0,0.8856947296372347,1
30.0,19091.0,0.5843067413964695,0.95448116913729,0.8859445113753426,22.0,0.5843067413964695,0.8759101147137395,1.3745916523809532,0.0003979043703163,0.0,0.0,0.0,0.0,0.0,30.0,1.0,0.0,1.0,0.0,1.0,1.0,2.0,0.0088833407656989,30.0,6.0,0.2666666666666666,1.7027609387339837,1.0,1.0,1.0,54.124034245145126,0.1,0.1333333333333333,0.2666666666666666,0.0,0.2666666666666666,0.1,0.2333333333333333,0.2666666666666666,0.3666666666666666,75395.0,719.0,0.0095364414085814,8301.0,8301.0,0.1101001392665296,0.000464221765369,22.325315900995644,2.4580203898688886,0.1561225208211678,0.0171891112850522,0.9980546405916728,0.999754573082552,1.0,0.0148243329448369,0.0019453594083271,0.0002454269174479,0.0,1.0,0.0,3377.1078685696525,0.0986440326157407,0.0713060696527777,0.0273379629629629,482922.0,35.0,1.0,1.0,1.0,1.0,0.0,0.0,0.0,0.0,1.0,1.0,7.247547222946977e-05,1,1,1,0,0.973389513530565,0.9218264922972952,0.7351256263859061,0.5714084832274497,10.767247017237887,1.0,0.030505278522491304,1.0,0.761063315802809,0.4999999999999999,10.216565632403903,0.33333333333333326,0.6333333333333334,1.3821541216736044,3.1165104299190856,1.1106269683747885,0.8,0.0,0.9911298378435216,1
30.0,3910.0,0.6358056265984655,0.7861892583120205,0.768167092924126,33.0,0.6358056265984655,0.7324808184143222,1.7458293248992465,0.0005600985773496,0.0,0.0,0.0,0.0,0.0,27.0,0.6666666666666666,0.2222222222222222,0.0,0.0,0.8888888888888888,1.0,14.0,0.0111326014987739,30.0,8.0,0.2333333333333333,1.9159984284150136,1.0,1.0,1.0,58.1765946940791,0.1,0.1,0.1666666666666666,0.2,0.2333333333333333,0.0,0.2,0.3666666666666666,0.2333333333333333,53562.0,137.0,0.0025577835032299,1574.0,1574.0,0.0293865053582763,0.0234121205332138,22.084607462123408,0.6489894355211202,0.3831220852050013,0.0112586192097507,0.8469532761748594,0.9904041194752188,0.99392674047004,0.4752536527974078,0.1530467238251406,0.0003187868999699,0.0023056687417857,0.0,0.8469532761748594,2425.30912490471,0.0247499047106481,0.4737892565625,0.4490393518518518,139804.0,1254.0,1.0,0.0,1.0,0.0,0.0,1.0,0.0,0.0,1.0,1.0,0.0089697004377557,1,1,1,0,0.6901123828845739,0.8271854605486103,0.7019863597612958,0.635821217047705,12.109476919933426,0.0,0.03709610492419762,1.0,0.4481248766482122,0.3666666666666666,15.327987427320108,0.31111111111111106,0.7666666666666667,1.3969542541780693,115.16617466144167,0.9445088363098727,0.6,0.0,0.8967041276281913,0
30.0,3439.0,0.2506542599592904,0.7307356789764466,0.667936415624697,37.0,0.2506542599592904,0.5815644082582146,2.502256655255306,0.0013156163662675,5.0,1.0,5.0,0.0,3326.4234620880784,30.0,0.9,0.1,1.0,0.0,1.0,2.0,25.0,0.0081468081188743,30.0,9.0,0.2333333333333333,1.9819572275458937,1.0,1.0,1.0,4.70832712701221,0.0333333333333333,0.2,0.2333333333333333,0.0666666666666666,0.2,0.0666666666666666,0.2333333333333333,0.3,0.2666666666666666,22803.0,318.0,0.0139455334824365,2905.0,2905.0,0.1273955181335789,0.0172784282769811,6.192388851156429,0.7888825861776708,0.5937353538509608,0.0756392230380669,0.9009780665864848,0.947493295565128,0.9773906032456272,0.4503867588916717,0.0990219334135151,0.0408198299095885,0.0113878614020778,0.0,0.9009780665864848,3682.423786283334,0.35545295,0.3500594314814815,0.0053935185185185,38406.0,394.0,1.0,1.0,1.0,0.0,0.0,1.0,0.0,0.0,1.0,1.0,0.0102588137270218,1,1,1,0,0.9946354154675017,0.7392344466948966,0.4592953377919937,1.875055365104078,12.49142432771267,0.9,0.027976034837610048,0.0003005328331045859,0.38667024261926936,0.4666666666666667,17.837615047913044,0.3333333333333333,0.7333333333333334,1.221974037672291,39.26378905040594,0.9710983493984628,0.8,0.0,0.998211805155834,1
30.0,29008.0,0.4652164920022062,0.7422435190292334,0.7062350615922044,267.0,0.4652164920022062,0.63896166574738,2.207992825571388,0.000699382212379,0.0,0.0,0.0,0.0,0.0,24.0,1.0,0.0,1.0,0.0,1.0,1.0,15.0,0.0061132229386057,30.0,4.0,0.4333333333333333,1.1638390685851965,1.0,0.0,1.0,13.832926848793088,0.3333333333333333,0.2,0.0,0.0,0.4333333333333333,0.0333333333333333,0.5333333333333333,0.0,0.4666666666666667,42895.0,385.0,0.0089754050588646,3062.0,3062.0,0.0713836111434899,0.0728989392703112,10.926112414645637,0.7799453599171217,0.1129541073742087,0.0080630720778605,0.982599631526582,0.9939022618876572,0.9959953506868738,0.1099636191892792,0.0174003684734179,0.0004567781873619,0.0004875490258678,1.0,0.0133957191602916,3925.9160414128937,0.1094557647453703,159.88026594993056,159.77081018518518,379756.0,3127.0,1.0,0.0,1.0,1.0,0.0,0.0,0.0,0.0,1.0,1.0,0.0082342346138046,0,1,0,0,0.00622003458742381,0.4537793169374185,0.5857257767972053,1.180798148893028,19.199377751517325,1.0,0.019677705529107626,1.0,0.7275580780748915,0.5333333333333333,4.655356274340786,0.35555555555555557,0.5333333333333333,1.2888724948160741,293.15989998342087,0.9699470436964639,0.6,0.0,0.3354066781958079,1
30.0,10677.0,0.6493397021635291,0.8803971152945584,0.8393837220192937,39.0,0.6493397021635291,0.822796665730074,1.512018707778925,0.0038245792962774,30.0,1.0,3.0,0.0,0.0387238059259259,30.0,0.9666666666666668,0.0333333333333333,1.0,0.0,1.0,2.0,4.0,0.0072703569047125,30.0,8.0,0.3,1.913157609601858,0.0,1.0,1.0,771.4285714285714,0.0,0.1,0.3,0.1,0.0,0.0333333333333333,0.1,0.4,0.0333333333333333,7844.0,106.0,0.0135135135135135,1910.0,1910.0,0.2434982151963284,0.0975267720550739,1.9009559853521865,0.4628793896000352,0.0561147476481739,0.0136638408985227,0.7925839262566445,0.8907972073742605,0.9166263364256518,0.909483224924474,0.2074160737433554,0.0443952133618609,0.0044669656744052,0.0,0.8936312443146733,4126.344881345636,0.024719308599537,0.0247540308217592,3.472222222222222e-05,139785.0,765.0,1.0,1.0,1.0,1.0,1.0,1.0,0.0,0.0,1.0,1.0,0.0054726902028114,1,1,1,0,0.9999652789833687,0.9758604623462916,0.7443617120914114,0.5302049304040738,12.66756484431541,0.9666666666666668,0.024966312582822957,0.9627198243604255,0.7203855007696278,0.4,15.305260876814865,0.3,0.9666666666666667,1.077111242267902,85.30680434681253,0.9074845104733062,1.0,0.0,0.9999884263277896,1
30.0,4554.0,0.1824769433465085,0.559727711901625,0.5818328209632557,66.0,0.1824769433465085,0.4077733860342556,2.804729816268996,0.0017979144192736,30.0,1.0,1.0,0.0,849.2319310258334,30.0,0.7333333333333333,0.2666666666666666,1.0,0.0,1.0,2.0,3.0,0.0094060926727849,30.0,7.0,0.3666666666666666,1.7454215304864429,1.0,1.0,1.0,20.25411411693,0.0666666666666666,0.1666666666666666,0.1333333333333333,0.0,0.3666666666666666,0.1333333333333333,0.2333333333333333,0.1333333333333333,0.5,16686.0,200.0,0.0119860961284909,3538.0,3538.0,0.2120340405130049,0.086060170202565,5.231668744602992,1.1092918625437724,0.0943330092037719,0.0200018090952262,0.8506470559732505,0.9633563333896068,0.9803755211585188,0.5602477753745002,0.1493529440267495,0.0110188242040382,6.975013710840005e-05,0.0,0.8510419466831186,3189.422116358171,0.2867922840972222,2.79744043224537,2.510648148148148,176884.0,1436.0,1.0,1.0,1.0,0.0,1.0,1.0,0.0,0.0,1.0,1.0,0.0081183148277967,1,1,1,0,0.2848476856125544,0.5202307356023942,0.38215488215488214,2.292931292483415,14.43886065378171,0.7333333333333333,0.032300401882544835,0.0011761496640022287,0.34478803882383335,0.36666666666666653,12.2179507134051,0.24444444444444438,0.5,1.205022044698088,147.70038037067098,1.0128129321027792,0.8,0.0,0.7616158952041848,1
30.0,2355.0,0.5868365180467091,0.8394904458598726,0.8093559801840056,14.5,0.5868365180467091,0.7940552016985138,1.694435876843514,0.0037612838515546,30.0,1.0,1.0,0.0,9.434606754791666,30.0,0.8,0.0,0.0,0.0,0.8,1.0,1.0,0.0076993113090072,30.0,8.0,0.4,1.6759301480767377,0.0,1.0,1.0,3.4792179813287336,0.0,0.2333333333333333,0.0333333333333333,0.0666666666666666,0.4,0.1333333333333333,0.2333333333333333,0.1,0.5333333333333333,7976.0,148.0,0.018555667001003,808.0,808.0,0.1013039117352056,0.0275827482447342,2.0469902333547236,0.2073681179225948,0.3065334358186011,0.0310530361260568,0.5522856182579421,0.8997680227587894,0.9521065115989832,1.0445410959583434,0.4477143817420578,0.0035211565808872,0.0,0.0,0.6046241070981357,3896.452396227222,0.8268290975925926,8.606586042037037,7.779756944444444,26020.0,220.0,1.0,0.0,1.0,0.0,1.0,0.0,0.0,0.0,1.0,1.0,0.0084550345887778,1,1,1,0,0.11389836943410704,0.32574591619216764,0.6980962491153573,0.7000790268232437,9.412009571699903,0.0,0.026439336518478507,0.09583494840769068,0.11375983235022753,0.2666666666666666,13.407441184613901,0.19999999999999996,0.4666666666666667,1.086593341213986,24.487112746183424,0.8098122502559977,0.4,0.0,0.704632789811369,0
30.0,42554.0,0.1777271231846595,0.4776754241669408,0.4461405899954567,812.0,0.1777271231846595,0.3540207736053015,3.0345339711438473,0.0002243124822419,0.0,0.0,0.0,0.0,0.0,30.0,0.0,0.0,0.0,0.0,0.0,0.0,0.0,0.0070130136190349,30.0,5.0,0.7,0.9116797814101484,1.0,1.0,1.0,448.5981308411215,0.2,0.7,0.0333333333333333,0.0333333333333333,0.0333333333333333,0.0,0.9,0.0666666666666666,0.0333333333333333,133742.0,3321.0,0.0248313917841814,18962.0,18962.0,0.1417804429423816,0.0755409669363401,31.264482247898897,4.432692141471332,0.3075263971156322,0.043601228799529,0.8996487560191567,0.9521575658397026,0.9958027843609972,0.4162048486241783,0.1003512439808432,0.0011943950345693,0.0436452185212947,0.0,0.9013122111757552,4277.761548601956,0.0135509167708333,0.0136319352893518,8.101851851851852e-05,434896.0,10103.0,1.0,1.0,1.0,1.0,0.0,1.0,0.0,0.0,1.0,1.0,0.0232308413965637,1,1,1,0,0.99991898804495,0.986590825372271,0.3119338565900581,2.4952149782463304,23.010224890882736,0.0,0.024082599032645913,1.0,0.4078554082422701,0.9333333333333333,4.558398907050742,0.6333333333333333,0.9666666666666667,1.4116438374310563,855.919848632701,1.1780261023609653,1.0,0.0,0.9999729960149834,1
30.0,5099.0,0.293390860953128,0.7436752304373406,0.7483885729227953,27.0,0.293390860953128,0.6346342420082369,2.273047413523402,0.000802375030089,1.0,1.0,1.0,0.0,3521.2026061385877,30.0,0.9333333333333332,0.0666666666666666,1.0,0.0,1.0,2.0,8.0,0.0066068815227596,30.0,5.0,0.3666666666666666,1.420986045000564,0.0,1.0,0.0,18.008754255540886,0.0,0.0,0.3666666666666666,0.0,0.2666666666666666,0.2333333333333333,0.0,0.3666666666666666,0.5,37389.0,701.0,0.0187488298697477,5798.0,5798.0,0.1550723474818797,0.0029152959426569,8.23415644181537,1.2768899689653512,1.3421279345250916,0.2081269294278124,0.9698499069504004,0.9922359934345129,0.996633453931779,0.1604333226106528,0.0301500930495994,0.0272560193265751,0.000475362084311,1.0,0.9698499069504004,4540.7201409843055,0.1939720028240741,0.8292382065277778,0.6352662037037037,27858.0,109.0,1.0,0.0,1.0,0.0,0.0,0.0,0.0,0.0,1.0,1.0,0.0039127001220475,1,1,1,0,0.61152122983714,0.6921081173774485,0.5208897169379616,1.6061560758824902,11.442747650669345,0.9333333333333332,0.022687946610705802,0.00028391325310394514,0.3814121603279939,0.3666666666666666,7.10493022500282,0.24444444444444438,0.5,1.2503036344322407,10.352204241772643,1.0289931542099364,0.4,0.0,0.87050707661238,1
30.0,23960.0,0.1472036727879799,0.4868113522537562,0.4772982749026153,399.0,0.1472036727879799,0.3422787979966611,2.999111814058286,0.0003432101590207,30.0,1.0,1.0,0.0,0.7881660814351852,30.0,0.0,0.1,0.0,0.0,0.0,0.0,0.0,0.0058584211555508,29.0,6.0,0.3448275862068966,1.4540135616012566,0.0,1.0,1.0,190.5254353281119,0.0,0.1724137931034483,0.0689655172413793,0.0,0.0344827586206896,0.0344827586206896,0.1724137931034483,0.0689655172413793,0.0689655172413793,87410.0,2228.0,0.0254890744766045,33839.0,33839.0,0.3871296190367235,0.0049422262898981,17.069486440223262,6.608103782756149,0.3131852382658545,0.1212432819777857,0.971283248481826,0.9845072931985824,0.9949757236817662,0.1607571439808614,0.028716751518174,0.0001796279993634,0.0048422026305823,1.0,0.0,5120.833617612639,0.086615297824074,0.3419625200462963,0.2553472222222222,279100.0,432.0,0.0,0.0,1.0,0.0,0.0,0.0,0.0,0.0,1.0,1.0,0.0015478323181655,1,1,1,0,0.7965923549261493,0.832733098554706,0.3122509738452976,2.557631539927085,20.5746125908952,0.0,0.02011774328664653,0.5592321710953148,0.24866380403141744,0.24137931034482757,8.72408136960754,0.16091954022988506,0.9310344827586207,1.3321343666784822,37.96675240170588,1.2210319012724842,0.2,0.0,0.9321974516420498,1
30.0,10123.0,0.3049491257532352,0.8374987651881853,0.7674503605650498,57.5,0.3049491257532352,0.7124370245974514,2.0873147279774615,0.0004986204833294,30.0,1.0,24.0,0.0,567.6797464248958,30.0,0.8333333333333334,0.1666666666666666,1.0,0.0,1.0,2.0,7.0,0.0086244573734337,30.0,9.0,0.2333333333333333,1.9508816379993168,1.0,1.0,1.0,65.3621141819649,0.2333333333333333,0.2,0.1333333333333333,0.1666666666666666,0.1333333333333333,0.0333333333333333,0.4333333333333333,0.3,0.1666666666666666,60166.0,775.0,0.0128810291526775,5597.0,5597.0,0.0930259615064986,0.0149586144998836,17.296636744333885,1.6090362639702949,0.4378989352023698,0.0407359694898724,0.9739633904210486,0.9869325920897009,0.9944731235135632,0.1486088296512701,0.0260366095789514,0.0002173346826016,0.0129692016686521,1.0,0.0,3478.479711853611,0.0127326869444444,0.2405451869444444,0.2278125,137397.0,900.0,1.0,1.0,1.0,0.0,0.0,1.0,0.0,0.0,1.0,1.0,0.0065503613616017,1,1,1,0,0.814456604734029,0.8967622973697926,0.5361997431591425,1.4507899265088828,13.972985808760368,0.8333333333333334,0.029616276265998897,0.0017584589679633818,0.3700096188187365,0.5666666666666667,17.55793474199385,0.4333333333333333,0.8333333333333334,1.349476390392974,81.78190552662521,1.0582763464522895,0.8,0.0,0.9381522015780096,1
30.0,3467.0,0.2523795788866455,0.5956158061724834,0.5386885876358041,57.0,0.2523795788866455,0.5033169887510817,2.761498603565066,0.0018067935437244,0.0,0.0,0.0,0.0,0.0,30.0,0.7,0.0333333333333333,0.0,0.0,0.7,2.0,16.0,0.0115690603780259,30.0,8.0,0.3,1.7886955947560512,1.0,1.0,1.0,0.4926252554828316,0.0333333333333333,0.2333333333333333,0.3,0.1333333333333333,0.1666666666666666,0.0666666666666666,0.2666666666666666,0.4333333333333333,0.2333333333333333,16604.0,300.0,0.018067935437244,2861.0,2861.0,0.1723078776198506,0.016441821247892,6.403089283891415,1.103302724717739,0.3692321376948564,0.0636216059952411,0.8071438746221853,0.9156838323888176,0.9399725865450758,0.7777346644109153,0.1928561253778147,0.1198829429910441,0.0,0.0,0.0296293363893482,2593.123297717199,0.1462259579398148,0.7600916986805556,0.6138657407407407,44969.0,273.0,1.0,1.0,1.0,1.0,0.0,1.0,0.0,0.0,1.0,1.0,0.0060708488069559,1,1,1,0,0.6196302299229764,0.7202902740397694,0.39553408326122474,2.064552748901255,13.94350934275755,0.0,0.03972800530605703,1.0,0.4562691254123888,0.5666666666666667,14.30956475804841,0.4222222222222222,0.7666666666666667,1.2360994670330858,28.09376362819292,1.0124515716291809,1.0,0.0,0.8732100766409921,1
30.0,3476.0,0.5920598388952819,0.8550057537399309,0.8064633678557729,20.0,0.5920598388952819,0.8112773302646721,1.6610338507044322,0.0003064038402614,30.0,1.0,1.0,0.0,577.4169410489583,30.0,1.0,0.0,1.0,0.0,1.0,1.0,12.0,0.0110881075312081,30.0,4.0,0.5333333333333333,1.194453006323357,0.0,1.0,1.0,26.78654472174857,0.0,0.2,0.1333333333333333,0.0,0.5333333333333333,0.1333333333333333,0.2,0.1333333333333333,0.6666666666666666,97910.0,736.0,0.0075171075477479,9206.0,9206.0,0.0940251251149014,0.001889490348279,36.187886946019525,3.4025705977433947,2.1395013438804273,0.2011668815418569,0.9994747821572604,0.9997559886968688,0.9999314130391198,0.0050207481186414,0.0005252178427395,0.000175424342251,6.858696088010789e-05,1.0,0.0,2705.601466651389,0.0185036884259259,0.4615245217592592,0.4430208333333333,45763.0,185.0,1.0,1.0,1.0,0.0,0.0,1.0,0.0,0.0,1.0,1.0,0.004042567139392,1,1,1,0,0.6929906879376309,0.8330247649739948,0.6992616033755275,0.6776024166567564,10.45485109491016,1.0,0.038076419384124,0.0017288566932125145,0.45173468311781084,0.3333333333333333,4.777812025293428,0.2222222222222222,0.33333333333333337,1.453957254734922,16.098415538042733,1.1548493169533847,0.8,0.0,0.897663562645877,1
30.0,7188.0,0.3547579298831386,0.6558152476349471,0.6374976813207196,84.5,0.3547579298831386,0.5377017250973846,2.534401292823014,0.0011006750807161,0.0,0.0,0.0,0.0,0.0,30.0,0.8,0.2,1.0,0.0,1.0,2.0,15.0,0.0063786182457468,30.0,10.0,0.2333333333333333,2.1153750635439814,1.0,1.0,1.0,3.636516688412812,0.1333333333333333,0.2333333333333333,0.1333333333333333,0.0666666666666666,0.1333333333333333,0.1333333333333333,0.3666666666666666,0.2,0.2666666666666666,27256.0,301.0,0.0110434399765189,4996.0,4996.0,0.1832990901085999,0.0040358086292926,5.795187296869186,1.0622525585250386,0.5169758355145859,0.0947612002579568,0.9937845010497038,0.999435239196099,0.9998839177318348,0.0400312275097881,0.0062154989502961,4.248002879698794e-05,7.36022393682549e-05,1.0,0.0,4703.212959857963,0.0516404135185185,0.6216288394444445,0.5699884259259259,52722.0,110.0,1.0,1.0,1.0,0.0,0.0,1.0,0.0,0.0,1.0,1.0,0.0020864155381055,1,1,1,0,0.6369473707490766,0.7837796458937453,0.4961278056019291,1.6353023366879715,15.276148313929918,0.8,0.02190409343819,1.0,0.667780827551062,0.4999999999999999,21.153750635439813,0.35555555555555546,0.7333333333333334,1.2077283321905303,10.770517274852212,1.0071149083149704,0.8,0.0,0.8789824569163588,1
30.0,3412.0,0.388042203985932,0.8408558030480656,0.7936498632278233,11.0,0.388042203985932,0.6650058616647128,2.0408281230222047,0.0005220205676103,0.0,0.0,0.0,0.0,0.0,30.0,1.0,0.0,1.0,0.0,1.0,1.0,16.0,0.0115337049712367,30.0,8.0,0.3333333333333333,1.8684480353008568,0.0,1.0,1.0,59.916782246879336,0.0,0.0666666666666666,0.1333333333333333,0.1666666666666666,0.3333333333333333,0.0333333333333333,0.0666666666666666,0.3,0.3666666666666666,57469.0,195.0,0.0033931336894673,2515.0,2515.0,0.0437627242513355,0.0175224903861212,22.09434969973353,0.966908933422016,1.2594288970217615,0.0551160395345269,0.9593936410231628,0.9854372362885128,0.9951759486062745,0.213178473926447,0.0406063589768371,0.02604359526535,0.0007508509745054,1.0,0.9593936410231628,2601.072255082708,0.0075907308564814,0.1836555456712963,0.1760648148148148,45631.0,1007.0,1.0,0.0,1.0,0.0,0.0,1.0,0.0,0.0,1.0,1.0,0.022068330740067,1,1,1,0,0.8502932724481361,0.9186534167109021,0.5908460336068776,1.248900680208196,8.533137639712045,1.0,0.03960659529153355,1.0,0.789226763158018,0.1999999999999999,14.947584282406854,0.1888888888888888,0.6333333333333334,1.393488623882042,91.88779210047734,0.9956739434688373,0.6,0.0,0.9500977574827121,1
30.0,2861.0,0.3516253058371199,0.8409646976581615,0.759792613305371,17.5,0.3516253058371199,0.7029010835372247,2.079411524912933,0.0005556070006482,30.0,1.0,26.0,0.3666666666666666,1.4016651534837965,30.0,0.9666666666666668,0.0333333333333333,1.0,0.0,1.0,1.0,16.0,0.0053855767423236,30.0,9.0,0.2666666666666666,1.895652605810359,1.0,1.0,1.0,17.763888317776225,0.0666666666666666,0.0333333333333333,0.2333333333333333,0.0666666666666666,0.2666666666666666,0.2,0.1,0.3,0.4666666666666667,53995.0,1294.0,0.0239651819612927,9924.0,9924.0,0.1837947958144272,0.0042411334382813,9.693140540058804,1.7815487863606552,3.987224929847881,0.7328311918475853,0.9935687308487138,1.0,1.0,0.038866480077179,0.0064312691512862,0.0064312691512862,0.0,1.0,0.0,5570.434037965521,0.0936907432986111,1.4018851877430556,1.3081944444444444,13542.0,229.0,1.0,0.0,1.0,1.0,0.0,0.0,0.0,0.0,1.0,1.0,0.0169103529759267,1,1,1,0,0.4332390637222457,0.6653374423724902,0.5557089595712454,1.348237811504191,10.019587359598672,0.9666666666666668,0.01849400162191204,0.41637777795519265,0.5182433296354144,0.3333333333333332,17.060873452293233,0.24444444444444438,0.5333333333333333,1.2632954673736596,21.015603833998767,1.0669200672559824,0.6,0.0,0.8110796879074152,1
30.0,8249.0,0.0867983998060371,0.3638016729300521,0.2981977613448094,215.5,0.0867983998060371,0.2505758273730149,3.248717574765554,0.0009225375934069,0.0,0.0,0.0,0.0,0.0,30.0,0.1,0.5333333333333333,0.0,0.0,0.6333333333333333,1.0,3.0,0.0055791192575133,28.0,5.0,0.5357142857142857,1.2620979543212705,0.0,1.0,1.0,3.406988043432338,0.0,0.0357142857142857,0.5357142857142857,0.2142857142857142,0.0,0.0,0.0357142857142857,0.75,0.0,32519.0,1043.0,0.0320735569974476,15167.0,15167.0,0.4664042559734309,0.0108859436022017,6.047579304502524,2.820616725956819,0.1122552539283643,0.0523563281875673,0.888763276722001,0.9791826042008188,0.997060021875975,0.4141443926343863,0.111236723277999,0.0022635404958025,0.000147154804889,0.0,0.888763276722001,5377.192817502245,0.0098776874305555,0.009958705949074,8.101851851851852e-05,289688.0,354.0,0.0,1.0,1.0,0.0,0.0,0.0,0.0,0.0,1.0,1.0,0.001222004363315,1,1,1,0,0.99991898804495,0.990179209451422,0.19249808057542325,2.966734087854154,18.46657713087797,0.0,0.019158624142597343,1.0,0.3926184803214714,0.5714285714285714,6.310489771606353,0.4523809523809524,1.0,1.2094593081210359,34.072499425922906,1.120676855044155,0.4,0.0,0.9999729960149834,1
30.0,182519.0,0.1748530289997205,0.4086423879157786,0.338618445202965,4593.5,0.1748530289997205,0.3207063374224053,3.1529715908828746,0.0007856899667391,30.0,1.0,3.0,0.0,0.1678415958680555,30.0,0.0,0.2,0.0,0.0,0.0,0.0,0.0,0.0087296873372374,30.0,7.0,0.3333333333333333,1.6745895669999096,0.0,1.0,1.0,4242.225859247135,0.0,0.1333333333333333,0.1,0.1,0.0333333333333333,0.0,0.1333333333333333,0.2,0.0333333333333333,38183.0,561.0,0.0146924023780216,17043.0,17043.0,0.4463504701044967,0.9375638373097976,11.110855053257858,4.959335376284568,0.0095911304336468,0.0042810055778917,0.4122833032711395,0.7173904729832138,0.8444199102761134,1.4760787840761127,0.5877166967288605,0.0002291029677707,0.0013217156675653,0.0,0.4321397087292302,3436.5491958783105,0.002772267199074,0.0028648597916666,9.25925925925926e-05,3981074.0,35799.0,1.0,0.0,1.0,0.0,0.0,0.0,0.0,0.0,1.0,1.0,0.0089922970535086,1,1,1,0,0.9999074159800019,0.9971893606015525,0.2567357371013428,2.6016649578669364,28.957492748453948,0.0,0.02997763461522924,0.8562805123041546,0.3781907259735129,0.2333333333333333,11.722126968999367,0.18888888888888888,0.9666666666666667,1.2956434505663788,3393.2148666501794,1.1965844220885327,0.4,0.0,0.9999691386600006,1
30.0,1712.0,0.8960280373831776,0.9398364485981308,0.9012461059190032,4.0,0.8960280373831776,0.9287383177570092,0.6434245846277183,0.0004736343542784,0.0,0.0,0.0,0.0,0.0,30.0,0.0,0.0,0.0,0.0,0.0,0.0,0.0,0.0080909054157742,30.0,2.0,0.9,0.3250829733914482,0.0,0.0,0.0,51.76442394104608,0.0,0.0,0.0,0.0,0.9,0.1,0.0,0.0,1.0,63340.0,283.0,0.0044679507420271,2539.0,2539.0,0.0400852541837701,0.0028733817492895,17.08259830117127,0.6847602950216902,11.57529239766082,0.4639985380116959,0.9454993022277818,0.9711087480011036,0.9921437008981306,0.2678134822047072,0.0545006977722182,0.021034952897027,0.0,0.0,0.9454993022277818,3707.8668526585766,0.0219915474652777,67.26770914005787,67.2457175925926,5472.0,182.0,1.0,0.0,1.0,0.0,0.0,1.0,0.0,0.0,1.0,1.0,0.0332602339181286,0,1,1,0,0.014652934063492655,0.49656494381952077,0.8986370716510904,0.06689811685965762,5.526789197711985,0.0,0.027784065670468178,1.0,0.41930936193235135,0.0,0.6501659467828964,0.0,0.0,1.3452515777266425,16.461220819261534,0.9539063911409257,0.6,0.0,0.3382176446878309,0
30.0,9514.0,0.5488753416018499,0.8297246163548455,0.8024875621890546,33.0,0.5488753416018499,0.7126340130334244,1.8327641562736785,0.0003469250873094,30.0,1.0,13.0,0.0,81.29552326055556,30.0,1.0,0.0,1.0,0.0,1.0,1.0,16.0,0.0086876145498683,30.0,9.0,0.3666666666666666,1.86660936180628,1.0,1.0,1.0,141.6238662441263,0.0333333333333333,0.3666666666666666,0.1333333333333333,0.1666666666666666,0.1,0.0,0.4,0.3,0.1,86474.0,863.0,0.009979878344936,4902.0,4902.0,0.056687559266369,0.0115526054074056,25.041759352843886,1.41955621744849,0.7189092571808621,0.0407532111235815,0.7182492263681998,0.9428283652303492,0.9833528576789414,0.7812059553448426,0.2817507736318002,0.0,0.0166471423210585,0.0,0.0,3453.191877589202,0.0995396262384259,0.0380812929050925,0.0614583333333333,120285.0,999.0,1.0,1.0,1.0,1.0,0.0,1.0,0.0,0.0,1.0,1.0,0.0083052749719416,1,1,1,0,0.9421000981354268,0.9363936177572757,0.6756814518954523,0.826805103923337,12.109476919933426,1.0,0.029833157201746726,0.012151329262879873,0.42970058876936507,0.5333333333333332,16.79948425625652,0.41111111111111104,0.9,1.39520401273517,87.88126477003532,1.042953488350749,1.0,0.0,0.9807000327118089,1
30.0,7312.0,0.2478118161925601,0.599699124726477,0.5745714806710429,88.5,0.2478118161925601,0.4526805251641138,2.756076966755549,0.0012161504783525,30.0,1.0,1.0,0.0,6.499790467916666,30.0,0.0,0.0333333333333333,0.0,0.0,0.0,0.0,0.0,0.0293152517323725,30.0,7.0,0.3666666666666666,1.7302873079956895,1.0,1.0,1.0,241.20603015075375,0.1,0.2,0.3666666666666666,0.0666666666666666,0.0666666666666666,0.0,0.3,0.4333333333333333,0.0666666666666666,24668.0,63.0,0.0025539160045402,988.0,988.0,0.0400518890870763,0.0182827955245662,24.104954324472235,0.965448957052804,0.0950216483567279,0.0038057965208548,0.860971571095975,0.9317753959754096,0.9660625953009097,0.5971543313632599,0.139028428904025,0.0003644842636411,0.0207188836570535,0.0,0.860971571095975,1023.3580892045024,0.0032975378356481,0.0011679082060185,0.0021296296296296,259604.0,451.0,1.0,1.0,0.0,0.0,0.0,1.0,0.0,0.0,1.0,1.0,0.0017372613673132,1,1,1,0,0.9978748960546984,0.9977733771968689,0.4111916484318015,2.0730885280573745,15.433157933117213,0.0,0.10066819934522818,0.13333705845221908,0.3559570426444181,0.6666666666666666,12.112011155969826,0.4666666666666666,0.9333333333333333,1.4587622286472561,44.59472978406616,0.9947924548644792,0.8,0.0,0.9992916320182328,1
30.0,2513.0,0.3720652606446478,0.7946677278153601,0.7437193261705795,20.0,0.3720652606446478,0.6565857540787903,2.196603753324775,0.0006813690976401,30.0,1.0,19.0,0.0,380.4621273160648,30.0,1.0,0.0,1.0,0.0,1.0,1.0,9.0,0.0093646986682466,29.0,6.0,0.3448275862068966,1.5042037626413205,1.0,1.0,1.0,3.425988342123002,0.3448275862068966,0.1034482758620689,0.0344827586206896,0.0689655172413793,0.3448275862068966,0.1034482758620689,0.4482758620689655,0.1034482758620689,0.4482758620689655,44029.0,444.0,0.0100842626450748,2274.0,2274.0,0.0516477776011265,0.0134002589202571,13.743943922141,0.7098441590530931,0.6926283664736974,0.035772715831865,0.8000888687793742,0.9776645904180344,0.986894215560232,0.6052135607795359,0.1999111312206256,0.0005119491306495,0.0104221588050718,0.0,0.1775757216386602,3203.5200556819564,0.1568033671412037,5.003875126400463,4.84707175925926,63568.0,590.0,1.0,1.0,1.0,0.0,0.0,1.0,0.0,0.0,1.0,1.0,0.0092813994462622,1,1,1,0,0.17102577857308282,0.5155051214181082,0.5578922934076136,1.379323805310981,10.45485109491016,1.0,0.03215825540061791,0.0026214922226641874,0.43371884529504473,0.4827586206896551,9.025222575847923,0.3448275862068965,0.5517241379310345,1.324553088895127,55.17821089269373,0.9575238423155399,0.8,0.0,0.7236752595243608,1
30.0,25046.0,0.3386967978918789,0.6424578775053901,0.633724613378051,305.0,0.3386967978918789,0.53812984109239,2.561560107059067,0.0002476473501733,30.0,1.0,3.0,1.0,0.1464847264583333,30.0,1.0,0.0,1.0,0.0,1.0,1.0,1.0,0.0062868347347749,30.0,6.0,0.4666666666666667,1.4011421289524484,1.0,1.0,1.0,90.0531563770281,0.0333333333333333,0.2333333333333333,0.4666666666666667,0.1666666666666666,0.0333333333333333,0.0,0.2666666666666666,0.6333333333333333,0.0333333333333333,121140.0,2780.0,0.0229486544493973,17174.0,17174.0,0.1417698530625722,0.0071239887733201,25.386238659021345,3.5990033245008464,0.6041714462410103,0.0856532971581897,0.5466794628711805,0.8930036866817551,0.9474318510750768,1.080888577286862,0.4533205371288195,0.0030177815025505,0.0022752830559707,0.0,0.54709894702195,4771.87667006581,0.0193205287731481,0.0172834917361111,0.002037037037037,200506.0,863.0,1.0,1.0,1.0,0.0,0.0,0.0,0.0,0.0,1.0,1.0,0.0043041106001815,1,1,1,0,0.997967104047311,0.9820279154474285,0.48621070563496493,1.6939679011905826,19.654718003886288,1.0,0.021588910035929772,0.8722314191564967,0.6908826522268025,0.7333333333333333,8.40685277371469,0.5444444444444444,0.9666666666666667,1.3817529575749432,73.73099955683372,1.1511402604595649,0.6,0.0,0.9993223680157705,1
30.0,55550.0,0.086066606660666,0.335085508550855,0.3009300930093008,1350.0,0.086066606660666,0.2174077407740774,3.2526422038401814,0.0003914456086326,30.0,1.0,30.0,0.0,0.0382285488888888,30.0,1.0,0.0,1.0,0.0,1.0,1.0,5.0,0.0050586883478346,30.0,7.0,0.7,1.1139606343516186,0.0,1.0,1.0,2.342769185715978,0.0,0.0666666666666666,0.7,0.0333333333333333,0.0333333333333333,0.0,0.0666666666666666,0.7333333333333333,0.0333333333333333,76639.0,2613.0,0.0340949125119064,25855.0,25855.0,0.3373608737065984,0.074335521079346,12.92309387632341,4.359746241108858,0.0470368081328586,0.0158683786880708,0.9929420822942732,0.9952718001228776,0.9969760880350648,0.0551833114655232,0.0070579177057268,0.000869511361503,3.157710074463617e-05,1.0,0.9942018135911544,5930.391029592801,0.0192934816898148,0.0138999631712962,0.0053935185185185,1629341.0,5697.0,1.0,1.0,1.0,0.0,0.0,0.0,0.0,0.0,1.0,1.0,0.0034965056424652,1,1,1,0,0.9946354154675017,0.9836811539671666,0.1934983498349834,2.9726983266743865,24.754241322802624,1.0,0.017371471057942123,0.9631790621344396,0.7081479358559588,0.7666666666666666,7.79772444046133,0.5222222222222221,0.9666666666666667,1.2945025334829212,506.5407321600731,1.1694388120030852,0.6,0.0,0.998211805155834,1
30.0,27432.0,0.1673592884222805,0.5279235928842229,0.5538495188101487,377.5,0.1673592884222805,0.3926800816564596,2.8601643270191173,0.0014326647564469,30.0,1.0,30.0,0.0,2987.7960016229745,30.0,0.6666666666666666,0.2666666666666666,0.0,0.0,0.9333333333333332,5.0,5.0,0.0063896961407229,30.0,5.0,0.6333333333333333,1.1204977198541093,0.0,1.0,1.0,480.0,0.0,0.1333333333333333,0.6333333333333333,0.0333333333333333,0.0,0.0,0.1333333333333333,0.6666666666666666,0.0,20940.0,481.0,0.0229703915950334,2329.0,2329.0,0.1112225405921681,0.0462750716332378,4.460007906224614,0.4960534103914578,0.0413673754830144,0.004600984598851,0.9440284692462336,0.9671943281554952,0.985779948912324,0.3010928031716307,0.0559715307537663,0.0052545123474108,0.0002857438000111,0.0,0.9671943281554952,4695.058941570636,0.1196823113773148,0.0672517558217592,0.0524305555555555,506196.0,969.0,1.0,1.0,1.0,0.0,0.0,0.0,0.0,0.0,1.0,1.0,0.0019142782637555,1,1,1,0,0.9501814582645992,0.9150482587702433,0.3606044036162146,2.381489260478407,20.38489003732041,0.0,0.021942134787790557,0.00033458288871404424,0.06801007172363303,0.7666666666666666,5.602488599270546,0.5222222222222221,1.0,1.1767979759972196,97.39217877944763,0.9170793800810986,0.6,0.0,0.9833938194215331,1
30.0,15529.0,0.1248631592504346,0.5223130916350055,0.5219889668791722,321.5,0.1248631592504346,0.347672097366218,2.9338581475678,0.0001225405098502,30.0,1.0,30.0,0.0,363.22724168309026,30.0,1.0,0.0,1.0,0.0,1.0,4.0,10.0,0.0063434696346346,29.0,5.0,0.3793103448275862,1.5046886338207912,1.0,1.0,1.0,75.74823145292943,0.1724137931034483,0.2068965517241379,0.1379310344827586,0.0,0.3793103448275862,0.1034482758620689,0.3793103448275862,0.1379310344827586,0.4827586206896552,244817.0,6632.0,0.0270896220442207,50995.0,50995.0,0.2082984433270565,0.0052120563522957,51.76630685141185,10.78284113393983,0.2529075112860404,0.0526802409066022,0.6819810922818309,0.9706899076643474,0.9852174087188788,0.7536858468239076,0.318018907718169,0.0011138606115907,0.0258567364222031,0.0,0.0,4729.273052022951,0.0260728562847222,3.5822302636921295,3.5561574074074076,968010.0,1276.0,1.0,0.0,1.0,0.0,1.0,0.0,0.0,0.0,1.0,1.0,0.0013181682007417,1,1,1,0,0.21948319835794047,0.5964120021720041,0.32342606306480337,2.567527350469857,19.835064261620353,1.0,0.021783393557375283,0.0027455387339480994,0.40165584233838486,0.5172413793103448,7.523443169103956,0.3448275862068965,0.5172413793103448,1.4663607038948072,102.83463877351232,1.2809698713821474,0.4,0.0,0.7398277327859802,1
30.0,2698.0,0.2401779095626389,0.7083024462564863,0.6561403508771928,27.5,0.2401779095626389,0.5982209043736101,2.5083239016115866,0.0009407927747114,30.0,1.0,29.0,0.0,1708.627044768102,30.0,0.0,0.0,0.0,0.0,0.0,0.0,0.0,0.0085106061990117,30.0,8.0,0.3333333333333333,1.8684480353008568,1.0,1.0,1.0,15.09223029625489,0.0333333333333333,0.0666666666666666,0.0666666666666666,0.1333333333333333,0.3333333333333333,0.1,0.1,0.2,0.4333333333333333,31888.0,316.0,0.0099096838936276,3036.0,3036.0,0.0952082288008028,0.0131083793276467,9.046207015802912,0.8612733473399913,1.8922383099928792,0.1801566579634465,1.0,1.0,1.0,-0.0,0.0,0.0,0.0,1.0,1.0,3525.0132949033796,0.1380865700462963,0.12147777375,0.0166087962962962,16852.0,418.0,1.0,0.0,1.0,0.0,0.0,1.0,0.0,0.0,1.0,1.0,0.0248041775456919,1,1,1,0,0.9836625490977402,0.8851742015315787,0.4481591302199158,1.9058799104165136,11.503527771953486,0.0,0.029225312789818145,0.0005849228947683396,0.09063085067553478,0.1666666666666665,14.947584282406854,0.15555555555555553,0.5666666666666667,1.2695585191433096,40.30851869148054,0.9816873837614941,0.6,0.0,0.9945541830325801,1
30.0,15728.0,0.6009664292980671,0.824707527975585,0.8000551034248897,101.0,0.6009664292980671,0.7623982706002035,1.7282735170258137,0.0004562182548131,0.0,0.0,0.0,0.0,0.0,30.0,1.0,0.0,1.0,0.0,1.0,1.0,8.0,0.0058032367451079,30.0,7.0,0.4,1.545786495604619,0.0,1.0,1.0,151.66764189584552,0.0,0.3,0.1,0.4,0.0333333333333333,0.0,0.3,0.5,0.0333333333333333,65758.0,1409.0,0.0214270507010553,9356.0,9356.0,0.1422792664010462,0.0030414550320873,12.720308062826945,1.8098360995743312,0.8103365414238006,0.1152940886517393,0.966710394570355,0.9970166896939984,0.9984332309812072,0.1590271846547613,0.0332896054296449,0.0,0.0303405642442318,1.0,0.0,5169.528888294989,0.0957632949884259,0.0323373690625,0.0634259259259259,81149.0,200.0,1.0,1.0,1.0,0.0,0.0,1.0,0.0,0.0,1.0,1.0,0.0024646021515976,1,1,1,0,0.9403569873748366,0.9406407182226135,0.7005107663614785,0.6896391526483983,15.882097461909854,1.0,0.019928240727298555,1.0,0.7283333433517662,0.4,10.820505469232334,0.4000000000000001,0.9666666666666667,1.2973746791524914,18.02816605027142,1.069344129699275,0.8,0.0,0.9801189957916122,1
30.0,16605.0,0.1314062029509184,0.4691358024691358,0.420264980427582,348.5,0.1314062029509184,0.3666365552544414,3.0724130104884164,0.0010746525290156,30.0,1.0,13.0,0.0,0.2289344203356481,30.0,1.0,0.0,1.0,0.0,1.0,1.0,5.0,0.0084333232551467,30.0,6.0,0.3,1.6416437740035383,1.0,1.0,1.0,215.49717326238775,0.0333333333333333,0.1666666666666666,0.2333333333333333,0.1,0.0,0.0,0.2,0.3333333333333333,0.0,27916.0,564.0,0.0202034675454936,5354.0,5354.0,0.1917896546783206,0.0644433299899699,7.847488399689199,1.5050670902685188,0.0932161508768649,0.0178778933871161,0.8773440722913646,0.9242870220014068,0.9432770837665092,0.6192574878985788,0.1226559277086354,0.0043667487176716,0.0001258383189488,0.0,0.9290362997991736,3557.316504003032,0.0132632622916666,0.0133327067361111,6.944444444444444e-05,299476.0,1799.0,1.0,1.0,1.0,1.0,0.0,0.0,0.0,0.0,1.0,1.0,0.0060071591713526,1,1,1,0,0.9999305603777515,0.9868765323301496,0.2758355916892502,2.668678882883133,20.111158293809737,1.0,0.028959924149460792,0.8137130700000077,0.6941856713992566,0.43333333333333324,9.84986264402123,0.3222222222222222,1.0,1.2518754712916387,175.73523138114516,1.0499505926522368,0.8,0.0,0.9999768534592505,1
30.0,1713.0,0.8470519556333918,0.9048453006421484,0.872951936174353,6.0,0.8470519556333918,0.8809106830122592,0.9015235230636872,0.000844570817263,0.0,0.0,0.0,0.0,0.0,30.0,0.9666666666666668,0.0333333333333333,1.0,0.0,1.0,2.0,3.0,0.010191880784751,30.0,5.0,0.5333333333333333,1.1831264038703304,1.0,1.0,1.0,93.08004452903364,0.2666666666666666,0.5333333333333333,0.0333333333333333,0.1333333333333333,0.0333333333333333,0.0,0.8,0.1666666666666666,0.0333333333333333,35521.0,216.0,0.0060809098842937,1059.0,1059.0,0.0298133498493848,0.0007038090143858,12.067526578504784,0.3597733917017135,2.049919205909511,0.0611149584487534,0.7283427746481084,0.9979569099439798,1.0,0.5969264527328093,0.2716572253518917,0.0,0.0020430900560202,0.0,0.0,2943.519516424433,0.336657628136574,0.3260904985069444,0.0105671296296296,17328.0,25.0,1.0,1.0,1.0,1.0,0.0,1.0,0.0,0.0,1.0,1.0,0.0014427516158818,1,1,1,0,0.9895433669671182,0.751115540576226,0.8600019459038724,0.1378862598030858,6.68223055293373,0.9666666666666668,0.03499878820447297,1.0,0.7638570853348018,0.8333333333333333,5.915632019351652,0.6,0.9666666666666667,1.3116993484400272,2.385972580236484,0.872056695084498,1.0,0.0,0.9965144556557061,0
30.0,4245.0,0.4327444051825677,0.8308598351001177,0.7919199057714958,24.0,0.4327444051825677,0.7773851590106007,1.8892433702720477,0.0004196273708946,22.0,1.0,15.0,1.0,75.74346386974537,30.0,0.8666666666666667,0.0333333333333333,1.0,0.0,0.9,2.0,6.0,0.005107701670413,30.0,4.0,0.5333333333333333,1.0625354080615974,0.0,1.0,1.0,12.301150385360112,0.0,0.0666666666666666,0.0666666666666666,0.0,0.5333333333333333,0.3333333333333333,0.0666666666666666,0.0666666666666666,0.8666666666666667,71492.0,2083.0,0.0291361271191182,16832.0,16832.0,0.2354389302299558,4.1962737089464553e-05,12.171993594039025,2.8657611505464224,5.928518119247036,1.3958039638444315,0.9989128593211724,0.9996276190207264,0.999968232902242,0.0093126920719999,0.0010871406788275,0.0003406138815157,0.0007465267973117,1.0,0.0,5873.48320934868,0.2044824968287036,3.398429256087963,3.1939467592592594,12059.0,3.0,1.0,0.0,1.0,0.0,0.0,1.0,0.0,0.0,1.0,1.0,0.000248776847168,1,1,1,0,0.23843888761635623,0.5287929812593414,0.6123321554770318,1.0716838717585608,11.05357839542397,0.78,0.01753978218052565,0.013030425648981303,0.31861921845200053,0.1333333333333332,4.25014163224639,0.0888888888888888,0.1333333333333333,1.2879297907035707,0.2683998179858058,1.1212822094165715,0.6,0.0,0.7461462958721188,1
30.0,6269.0,0.2298612218854681,0.6351890253628968,0.6542085393736374,61.0,0.2298612218854681,0.4826926144520657,2.6167856381730292,0.0005115612850419,0.0,0.0,0.0,0.0,0.0,30.0,0.8666666666666667,0.1333333333333333,1.0,0.0,1.0,1.0,4.0,0.0050216219997717,26.0,2.0,0.7692307692307693,0.5402041423888608,0.0,0.0,0.0,0.9002254170214898,0.0,0.0,0.0,0.0,0.7692307692307693,0.2307692307692307,0.0,0.0,1.0,58644.0,4.0,6.82081713389264e-05,27132.0,27132.0,0.4626560261919378,0.0078609917468112,9.816266685153757,4.541554936593543,0.5760933631969822,0.2665330661322645,0.9817233809475638,0.99388459320397,0.9984350507138676,0.1073792720736968,0.0182766190524361,0.0045504575098976,0.012685455857046,1.0,0.0,5974.165319671679,0.7817201346412036,763.4509793939004,762.6692592592592,101796.0,461.0,1.0,1.0,1.0,1.0,0.0,0.0,1.0,0.0,1.0,1.0,0.0045286651734842,0,1,0,1,0.0013094674008090569,0.28128175102697234,0.44203488062955276,2.0152880939702325,14.172526669435518,0.8666666666666667,0.01724418569297713,1.0,0.6755832608797873,0.0,1.0804082847777217,0.0,0.0,1.2626317263631164,41.98826703928179,1.1739940893738465,0.8,1.0,0.3337698224669363,0
30.0,22987.0,0.4019228259450994,0.6685082872928176,0.6406824146981627,292.0,0.4019228259450994,0.5813720798712315,2.452045599393905,0.0004933967073993,0.0,0.0,0.0,0.0,0.0,30.0,0.5333333333333333,0.4666666666666667,1.0,0.0,1.0,1.0,16.0,0.0057367665497515,30.0,2.0,0.8,0.5004024235381879,0.0,0.0,0.0,4.489221192865048,0.0,0.0,0.0,0.0,0.8,0.2,0.0,0.0,1.0,60803.0,0.0,0.0,17233.0,17233.0,0.2834235152870746,0.0163478775718303,11.62708721748484,3.2953899317289648,0.1839254654627403,0.0521288019722612,0.8829210195183332,0.9699259649430838,0.9977855812093368,0.4376970017155644,0.1170789804816668,0.0016504257747344,6.55488250958359e-05,0.0,0.0,5229.426670796447,0.0042170927430555,1228.7381638520023,1228.7339467592592,330585.0,994.0,1.0,0.0,1.0,0.0,0.0,1.0,1.0,0.0,1.0,1.0,0.0030067909917267,0,1,0,1,0.0008131840245894802,0.4983068988414106,0.5213026203216311,1.4665125027392616,19.50564005863162,0.5333333333333333,0.01969998292696505,1.0,0.5720714585137299,0.0,1.0008048470763757,0.0,0.0,1.2864804598056028,90.23721520425742,1.1392360409633064,0.6,1.0,0.3336043946748632,0
30.0,974.0,0.9301848049281314,0.9558521560574949,0.9201916495550992,2.0,0.9301848049281314,0.944558521560575,0.4727498171884,0.0003970249596357,0.0,0.0,0.0,0.0,0.0,30.0,0.0,1.0,0.0,1.0,1.0,1.0,1.0,0.0065895932210241,28.0,3.0,0.8571428571428571,0.4904499103768102,0.0,1.0,0.0,5.97457250392674,0.0,0.0,0.0357142857142857,0.0,0.8571428571428571,0.1071428571428571,0.0,0.0357142857142857,0.9642857142857144,75562.0,980.0,0.0129694820147693,7286.0,7286.0,0.0964241285302136,0.0094624282046531,16.597428098900853,1.6003925402793948,17.745890089243776,1.7111319868482855,0.9174495674258224,1.0,1.0,0.2849546456216468,0.0825504325741777,0.0,0.0825504325741777,0.0,0.0,4552.63306748294,0.0641438718287037,53.370023501458334,53.30587962962963,4258.0,715.0,1.0,1.0,1.0,0.0,0.0,0.0,0.0,0.0,1.0,1.0,0.1679192108971348,0,1,1,0,0.018414212361904065,0.4790575223379458,0.9251882272416153,0.033005120707198375,3.7726205419764307,0.0,0.02262857880375882,1.0,0.4033560348868716,0.0357142857142857,1.4713497311304304,0.023809523809523798,0.03571428571428559,1.3334348330818209,63.653315588585954,1.0557873376030753,0.6,0.0,0.33947140412063465,0
30.0,2486.0,0.3149637972646822,0.834271922767498,0.7679806918744971,15.0,0.3149637972646822,0.7932421560740145,2.0086094904547123,0.0012458471760797,0.0,0.0,0.0,0.0,0.0,30.0,1.0,0.0,1.0,0.0,1.0,1.0,17.0,0.0063676238533391,8.0,1.0,1.0,-0.0,0.0,0.0,0.0,0.3823146296741863,0.0,0.0,0.0,0.0,1.0,0.0,0.0,0.0,1.0,24080.0,254.0,0.010548172757475,1431.0,1431.0,0.0594269102990033,0.006063122923588,5.111079412946917,0.3037356578042789,2.8286150593210384,0.1680958534006813,0.9981793211281388,0.9993572531360144,0.9999540895097152,0.0146524135764133,0.0018206788718611,0.0017747683815765,0.0,1.0,0.0,4711.333566547928,2.1940295108912036,113.88641377015044,111.69238425925926,8513.0,146.0,1.0,1.0,1.0,1.0,0.0,1.0,0.0,0.0,1.0,1.0,0.0171502408081757,0,1,0,0,0.008873714107418364,0.16089419743949876,0.5414722445695896,1.3759702181192177,9.52103419547123,1.0,0.021866338835340872,1.0,0.7343306649943601,0.0,-0.0,0.0,0.0,1.1928350279319226,14.470950339991225,0.8591508481038665,1.0,0.0,0.33629123803580613,0
30.0,3002.0,0.4506995336442371,0.8061292471685543,0.783411059293804,16.0,0.4506995336442371,0.6955363091272485,2.033831792882494,0.0010686805357651,12.0,1.0,7.0,0.0,830.2741081695833,30.0,1.0,0.0,1.0,0.0,1.0,2.0,10.0,0.0052572834615722,30.0,4.0,0.3333333333333333,1.2691244588917456,0.0,0.0,1.0,1.317913608525762,0.0,0.0666666666666666,0.0,0.0,0.3333333333333333,0.0,0.0666666666666666,0.0,0.3333333333333333,28072.0,1238.0,0.0441008834425762,5305.0,5305.0,0.1889783414078085,0.0023510971786833,4.919415377775241,0.9296629587880328,1.0315657957593798,0.1949435931356337,0.5633885728887669,0.9983229384541126,1.0,0.6960909452508938,0.4366114271112331,0.0,0.4349343655653457,0.0,0.0,5706.369119853079,0.5348374456712963,23.472881427152775,22.93804398148148,27213.0,66.0,1.0,1.0,1.0,1.0,1.0,0.0,0.0,0.0,1.0,1.0,0.0024253114320361,1,1,1,0,0.0417745075902443,0.3461981750246071,0.6170552964690206,1.1171847523195313,9.729218371065619,1.0,0.018053444137390313,0.0012029726298127355,0.3895995617844675,0.0666666666666666,5.0764978355669825,0.0444444444444444,0.6666666666666667,1.1841540154020576,6.443699347359134,0.9915493942119767,0.8,0.0,0.6805915025300814,1
30.0,27932.0,0.1423814979235285,0.4615136760704568,0.4804071793403026,564.5,0.1423814979235285,0.325862809680653,3.017758312503779,0.0006699269779594,30.0,1.0,30.0,0.0,12.268962790173612,30.0,0.9666666666666668,0.0,0.0,0.0,0.9666666666666668,1.0,5.0,0.0057349232400869,30.0,7.0,0.3333333333333333,1.62837975496258,1.0,1.0,1.0,59.47273019296515,0.0666666666666666,0.3333333333333333,0.2666666666666666,0.2,0.0,0.0,0.4,0.4666666666666667,0.0,44781.0,1488.0,0.0332283781067863,5257.0,5257.0,0.1173935374377526,0.0084410799222884,8.56051992047776,1.0049497157712328,0.3056869611517274,0.0358856737181981,0.910907637696932,0.9502185761172663,0.9595053181190624,0.4730254117324078,0.0890923623030679,0.0092867420017961,0.0103752593330027,0.0,0.0148644619861476,5231.107504586957,0.5237314388078703,0.3649930128819444,0.1587384259259259,146493.0,378.0,1.0,1.0,1.0,1.0,0.0,1.0,0.0,0.0,1.0,1.0,0.0025803280702832,1,1,1,0,0.8630075413274734,0.6944440563801617,0.31139433863191557,2.5880853635983114,21.76361606067368,0.0,0.019693653025162912,0.07536384085277217,0.08606204020731774,0.6666666666666665,11.39865828473806,0.5111111111111111,1.0,1.250713655921061,35.295562580321764,1.0005541969222185,1.0,0.0,0.9543358471091578,1
30.0,6437.0,0.8842628553674072,0.975454404225571,0.9373155196520118,5.0,0.8842628553674072,0.9669100512661176,0.5535546218220395,0.0005871301080319,0.0,0.0,0.0,0.0,0.0,30.0,0.9666666666666668,0.0,1.0,0.0,0.9666666666666668,1.0,5.0,0.0062693185137603,30.0,3.0,0.8666666666666667,0.4676524865100599,1.0,0.0,0.0,1.1221148401419268,0.0333333333333333,0.0,0.0,0.0,0.8666666666666667,0.1,0.0333333333333333,0.0,0.9666666666666668,51096.0,1272.0,0.0248943165805542,4876.0,4876.0,0.0954282135587912,0.0209605448567402,10.677903292636543,1.018973235769841,0.4513741044690418,0.0430738244361798,0.629920059337399,0.9933492665238172,1.0,0.6923180684909312,0.3700799406626009,0.0,0.0066507334761826,0.0,0.0,4785.209099466204,1.6018425217592591,534.3134513180555,532.7116087962963,113201.0,1071.0,1.0,1.0,1.0,1.0,0.0,1.0,0.0,0.0,1.0,1.0,0.0094610471638943,0,1,0,1,0.0018736710678925361,0.19310553982025622,0.9107891875097095,0.06406683132785758,6.152879090844238,0.9344444444444446,0.021528759557094705,1.0,0.71143419548197,0.0333333333333333,1.4029574595301797,0.0222222222222222,0.033333333333333215,1.279426625348222,98.78724072624101,1.0021929830285357,1.0,0.0,0.3339578903559642,0
30.0,3839.0,0.3860380307371711,0.784839802031779,0.7646696188243465,24.5,0.3860380307371711,0.6462620474081792,2.157900947548634,0.0004449916193245,0.0,0.0,0.0,0.0,0.0,30.0,0.9333333333333332,0.0666666666666666,1.0,0.0,1.0,2.0,8.0,0.0062406492717931,30.0,4.0,0.8666666666666667,0.5313039033395413,0.0,1.0,0.0,7.740086000955566,0.0,0.0,0.0666666666666666,0.0,0.8666666666666667,0.0,0.0,0.0666666666666666,0.8666666666666667,67417.0,1341.0,0.0198911253838052,11950.0,11950.0,0.1772549950309269,0.0083658424433006,14.024195065215975,2.485858626597608,1.547255117965666,0.2742586982465804,0.8885579998751302,0.9965617227395288,0.9983403923527372,0.3672456234242425,0.1114420001248698,0.0017786696132083,0.0016596076472629,0.0,0.0,4807.192119391227,0.1072582801157407,29.696899483819443,29.589641203703703,43572.0,564.0,1.0,1.0,1.0,0.0,0.0,1.0,0.0,0.0,1.0,1.0,0.0129440925364913,1,1,1,0,0.03269080514350469,0.4678541161011275,0.5753538247807588,1.3248691152310836,11.12158036417424,0.9333333333333332,0.02143030974701705,1.0,0.71075917841996,0.0666666666666666,2.125215613358165,0.0444444444444444,0.1333333333333333,1.311428917870302,50.725503654037226,1.1073667505711327,0.8,0.0,0.6775636017145016,0
30.0,7335.0,0.8954328561690524,0.9687798227675528,0.9330652124517154,7.0,0.8954328561690524,0.9593728698023176,0.5481190733525889,0.0004899719082772,0.0,0.0,0.0,0.0,0.0,30.0,1.0,0.0,1.0,0.0,1.0,1.0,2.0,0.0058229644385204,30.0,5.0,0.3666666666666666,1.4035444402084123,0.0,0.0,1.0,11.418300999101335,0.0,0.2333333333333333,0.0,0.0,0.1,0.0333333333333333,0.2333333333333333,0.0,0.1333333333333333,61228.0,804.0,0.0131312471418305,7163.0,7163.0,0.1169889592996668,0.0023192003658456,11.884282221390954,1.3903298091040603,1.2300707168113147,0.1439046930247509,0.9720259367682604,0.9946169803559156,1.0,0.1413273190111413,0.0279740632317394,0.0,0.022591043587655,1.0,0.0,5152.014977285289,0.0615860815856481,8.122060618622687,8.060474537037036,49776.0,142.0,1.0,1.0,1.0,1.0,0.0,1.0,0.0,0.0,1.0,1.0,0.0028527804564448,1,1,1,0,0.11036949509788267,0.5258055411082754,0.914249034310384,0.05731524597974586,7.140775646603422,1.0,0.019995985374051086,1.0,0.7285429748634287,0.2333333333333333,7.017722201042061,0.15555555555555553,0.8666666666666667,1.2895391463655914,12.88288452959907,1.0385248622755174,1.0,0.0,0.7034564983659609,0
30.0,2856.0,0.4772408963585434,0.884453781512605,0.8213352007469654,12.0,0.4772408963585434,0.8368347338935574,1.6880112976683803,0.0006252735571812,0.0,0.0,0.0,0.0,0.0,30.0,1.0,0.0,1.0,0.0,1.0,1.0,14.0,0.0054004676010229,29.0,4.0,0.5172413793103449,1.2203886029053113,0.0,1.0,1.0,1.0812112362081487,0.0,0.1724137931034483,0.1379310344827586,0.0,0.5172413793103449,0.1724137931034483,0.1724137931034483,0.1379310344827586,0.6896551724137931,47979.0,827.0,0.0172367077262969,6998.0,6998.0,0.1458554784384835,0.0062110506680005,8.636967834316035,1.259749075731958,2.1620927403001216,0.3153530710648461,0.997136845146806,0.9999253114639264,1.0,0.0199712500698053,0.0028631548531941,7.468853607357274e-05,0.0,1.0,0.0,5555.07452610662,0.0732876806944444,639.4729867547685,639.3996990740741,22191.0,298.0,1.0,1.0,1.0,0.0,0.0,0.0,0.0,0.0,1.0,1.0,0.0134288675589202,0,1,0,1,0.0015615247812356193,0.46663899695852223,0.6492880485527543,0.8824232729057745,8.808003273675315,1.0,0.018545136640149232,1.0,0.7240534154980626,0.31034482758620685,4.881554411621245,0.2068965517241379,0.31034482758620685,1.2500006588199897,27.64753044381912,1.026754041804291,0.6,0.0,0.33385384159374526,0
30.0,10771.0,0.1885618791198589,0.7368860830006498,0.7226100950082008,69.5,0.1885618791198589,0.5271562529013091,2.4091012207538895,0.0031188273209273,0.0,0.0,0.0,0.0,0.0,30.0,0.5,0.5,0.0,1.0,1.0,1.0,5.0,0.0052414900484648,4.0,2.0,0.5,0.6931471805599453,0.0,0.0,0.0,0.197446112236917,0.0,0.0,0.0,0.0,0.5,0.5,0.0,0.0,1.0,9619.0,0.0,0.0,2364.0,2364.0,0.2457635928890737,0.0189208857469591,1.6805964258727648,0.4130294158190265,0.0719306641939488,0.0176779384712023,0.6732652368926916,0.9008376268110164,0.9959855379628476,0.8510296381034258,0.3267347631073084,0.0,0.322720301070156,0.0,0.0,5723.563284882615,0.6360742344675926,1681.46517145669,1680.829097222222,133726.0,182.0,1.0,1.0,1.0,1.0,0.0,0.0,1.0,0.0,1.0,1.0,0.0013609918789165,0,1,0,1,0.0005945907355578763,0.3059067876381154,0.45558598706402986,1.9548365675785901,14.613719592760138,0.0,0.017999209758864352,1.0,0.38903074606413796,0.0,1.3862943611198906,0.0,0.0,1.0599701314912615,19.843866831928043,0.8978164850393179,0.8,1.0,0.33353153024518595,0
30.0,866.0,0.4595842956120092,0.792147806004619,0.7511162432640492,6.0,0.4595842956120092,0.7113163972286374,2.0806674547008424,0.0010577160385008,30.0,1.0,30.0,0.0,2948.1563696067246,30.0,0.7666666666666667,0.2333333333333333,1.0,0.0,1.0,3.0,13.0,0.0075814849855535,12.0,2.0,0.9166666666666666,0.2868359830561607,0.0,0.0,0.0,0.4606542285285723,0.0,0.0,0.0,0.0,0.9166666666666666,0.0833333333333333,0.0,0.0,1.0,28363.0,744.0,0.0262313577548214,9482.0,9482.0,0.3343087825688396,0.004971265380954,7.167788621508521,2.396254687767295,1.7105723418370424,0.5718593570954708,0.9131477858540278,1.0,1.0,0.2951938570350657,0.0868522141459722,0.0,0.0,0.0,0.0,3957.008429935429,2.194402157650463,597.629784102095,595.4353819444444,16581.0,141.0,1.0,1.0,1.0,0.0,1.0,0.0,0.0,0.0,1.0,1.0,0.008503709064592,0,1,0,1,0.001676627561463391,0.15735905189779342,0.6053502694380293,1.1244253681293237,6.68223055293373,0.7666666666666667,0.026034722431386974,0.0003390800197323385,0.3362313791526346,0.0,0.5736719661123214,0.0,0.0,1.2377096610953007,13.752238863308893,1.1054482864585358,0.6,0.0,0.3338922091871545,0
30.0,1598.0,0.4098873591989987,0.7903629536921152,0.7409261576971213,10.5,0.4098873591989987,0.6889862327909887,2.161325205350869,0.000290171878476,30.0,1.0,28.0,0.0,455.3373686430787,30.0,1.0,0.0,1.0,0.0,1.0,4.0,9.0,0.0083575507588987,30.0,5.0,0.5,1.2616054764764455,1.0,1.0,1.0,6.900756367625016,0.0333333333333333,0.0666666666666666,0.2666666666666666,0.0,0.5,0.1333333333333333,0.1,0.2666666666666666,0.6333333333333333,103387.0,1879.0,0.0181744319885478,27057.0,27057.0,0.26170601719752,0.0230783367347925,28.80207001034232,7.537675029450822,4.104939251965377,1.074287302469626,0.9834992149238622,0.9955748788532408,0.997055400259865,0.1003343543339322,0.0165007850761378,0.0120756639293786,0.002685057115498,1.0,0.0,3589.5683872777895,0.1963039444560185,455.12602616667823,454.9297222222222,25186.0,2386.0,1.0,0.0,1.0,0.0,1.0,1.0,0.0,0.0,1.0,1.0,0.0947351703327245,0,1,0,1,0.0021933204861616707,0.41905017255499155,0.57540675844806,1.2754253245593679,8.38698846837008,1.0,0.028699722366893256,0.0021913611917724484,0.4228732572208637,0.3666666666666665,6.308027382382227,0.24444444444444435,0.3666666666666667,1.4104273909771208,206.64728396205268,1.2466783293724186,0.6,0.0,0.3340644401620539,1
30.0,766.0,0.5300261096605744,0.7571801566579635,0.7263707571801565,6.5,0.5300261096605744,0.6775456919060052,2.0537589009013724,0.0015400410677618,30.0,1.0,1.0,0.0,1128.893665563889,27.0,1.0,0.0,1.0,0.0,1.0,1.0,8.0,0.0122595332002228,4.0,1.0,1.0,-0.0,0.0,0.0,0.0,0.1732553149677352,0.0,0.0,0.0,0.0,1.0,0.0,0.0,0.0,1.0,19480.0,0.0,0.0,1218.0,1218.0,0.0625256673511293,0.0164784394250513,8.845026175568211,0.5530411643656099,0.3909526963292993,0.0244445782407128,0.9655838027661644,0.9971844730142404,0.9993629932611392,0.1610239431031008,0.0344161972338356,0.0,0.0028155269857597,1.0,0.0,2202.367705028507,0.3692906766550926,499.8515128988774,499.4822222222222,49827.0,321.0,1.0,1.0,1.0,0.0,1.0,1.0,1.0,0.0,1.0,1.0,0.0064422903245228,0,1,0,1,0.0019980729696248505,0.3661508628165398,0.6281984334203654,0.9652130604758409,6.9191511908206085,1.0,0.04085127182242506,0.0008850390355104223,0.4600400153992152,0.0,-0.0,0.0,0.0,1.2830531882105083,32.499105553098,0.9230456248672402,0.8,1.0,0.33399935765654165,0
30.0,6509.0,0.1256721462590259,0.4873252419726532,0.4245250166436216,130.0,0.1256721462590259,0.3214011368873867,3.078367689063874,0.0014416838867797,0.0,0.0,0.0,0.0,0.0,30.0,0.3,0.7,0.0,1.0,1.0,3.0,6.0,0.0074376930711021,17.0,2.0,0.6470588235294118,0.649248354870898,0.0,0.0,0.0,0.5829226059910696,0.0,0.0,0.0,0.0,0.6470588235294118,0.3529411764705882,0.0,0.0,1.0,20809.0,21.0,0.0010091787207458,6712.0,6712.0,0.3225527416021914,0.0964486520255658,5.159031837218793,1.6640598631079118,0.2054702542582078,0.0662749938286842,0.4848512188500725,0.8316586769490858,0.9076334852151626,1.2459091113783096,0.5151487811499276,0.0094994091340098,0.0,0.0,0.4909366239133148,4033.508738872592,0.3782759096296296,933.2953360948148,932.9170601851852,101275.0,2007.0,1.0,1.0,1.0,1.0,0.0,1.0,1.0,0.0,1.0,1.0,0.0198173290545544,0,1,0,1,0.0010707588956579413,0.36330722922529446,0.2750985814513237,2.6915026146047794,16.741365227212988,0.0,0.025540942837052445,1.0,0.4123681606278264,0.0,1.298496709741796,0.0,0.0,1.197557926040873,201.84671296799095,1.0612935632600218,1.0,1.0,0.3336902529652193,0
30.0,2444.0,0.542962356792144,0.8784779050736498,0.8281505728314238,11.5,0.542962356792144,0.8236497545008183,1.646331889211209,0.0020101849370142,1.0,1.0,1.0,0.0,3468.861083792836,30.0,1.0,0.0,1.0,0.0,1.0,1.0,3.0,0.0060009849441832,7.0,2.0,0.8571428571428571,0.410116318288409,0.0,0.0,0.0,0.3677328975017511,0.0,0.0,0.0,0.0,0.8571428571428571,0.1428571428571428,0.0,0.0,1.0,14924.0,695.0,0.0465692843741624,1808.0,1808.0,0.1211471455373894,0.0008710801393728,2.9852899768996792,0.3616593593027754,3.108519058529473,0.3765882107894189,1.0,1.0,1.0,-0.0,0.0,0.0,0.0,1.0,0.0,4999.179347799561,0.6288732625231481,579.7422413180788,579.1133680555556,4801.0,13.0,1.0,0.0,1.0,0.0,0.0,0.0,0.0,0.0,1.0,1.0,0.0027077692147469,0,1,0,1,0.0017238009931607595,0.3078216199676607,0.6855564648117839,0.7524356465830281,8.673319846556165,1.0,0.02060730551263312,0.0002881959755307898,0.39719739824202804,0.0,0.820232636576818,0.0,0.0,1.1283678326922835,1.3526459348524755,0.8806095661251039,0.4,0.0,0.3339079336643869,0
30.0,1768.0,0.3523755656108597,0.8444570135746606,0.7842006033182503,10.5,0.3523755656108597,0.7907239819004525,1.9708532459051913,0.0011737548417387,0.0,0.0,0.0,0.0,0.0,30.0,1.0,0.0,1.0,0.0,1.0,1.0,15.0,0.0053646811103835,5.0,3.0,0.6,0.9502705392332348,0.0,0.0,1.0,0.2446084226833544,0.0,0.2,0.0,0.0,0.6,0.2,0.2,0.0,0.8,25559.0,412.0,0.0161195664932117,3151.0,3151.0,0.1232833835439571,0.0055948980789545,4.570529483343139,0.5634703392939564,11.16113537117904,1.3759825327510915,0.9902523809678224,1.0,1.0,0.0548385694489878,0.0097476190321775,0.0097476190321775,0.0,1.0,0.0,5592.131085199537,0.8273351995370372,640.1835504773148,639.3562152777778,2290.0,143.0,1.0,0.0,1.0,0.0,0.0,0.0,0.0,0.0,1.0,1.0,0.0624454148471615,0,1,0,1,0.001561630817569583,0.2744022938742985,0.568288084464555,1.2763727186433507,8.38698846837008,1.0,0.018422246289200105,1.0,0.7236731391032016,0.2,2.8508116176997045,0.13333333333333333,0.19999999999999996,1.1760606409955787,14.090358142935901,0.9335207566787678,0.4,0.0,0.3338538769391899,0
30.0,12274.0,0.2607951767964803,0.6134104611373635,0.5736081690293846,173.5,0.2607951767964803,0.4997555809027212,2.735370810508851,0.0005361834462297,0.0,0.0,0.0,0.0,0.0,30.0,0.3333333333333333,0.6333333333333333,0.0,0.0,0.9666666666666668,2.0,11.0,0.0074771130200214,30.0,6.0,0.7,1.0503092175221374,0.0,1.0,0.0,24.390014396883497,0.0,0.0,0.1,0.7,0.1,0.0,0.0,0.8,0.1,55951.0,695.0,0.0124215831709889,10198.0,10198.0,0.1822666261550285,0.0066665475147897,13.945065019440683,2.5417199526059604,0.0487420931632486,0.0088840568725994,0.5895600246467628,0.9761487845729292,0.9866576252282327,0.7998416339462425,0.4104399753532371,0.0016028609958761,0.0174161281338624,0.0,0.0,4012.243752219525,0.0043656454513888,0.3205462010069444,0.3161805555555556,1147899.0,373.0,1.0,1.0,1.0,0.0,0.0,1.0,0.0,0.0,1.0,1.0,0.0003249414800431,1,1,1,0,0.7597741782303593,0.8764578707788068,0.4172016729129324,2.021999296378264,17.725983513315576,0.0,0.025676310437242778,1.0,0.41278704707890884,0.1,6.301855305132824,0.3,0.9,1.3175187832456008,34.11923605973555,1.1123746895836941,0.8,0.0,0.9199247260767865,0
30.0,3808.0,0.1008403361344537,0.4220063025210084,0.413690476190476,98.0,0.1008403361344537,0.2854516806722689,3.120899635345173,0.0008370769273696,0.0,0.0,0.0,0.0,0.0,30.0,0.6,0.4,1.0,0.0,1.0,2.0,10.0,0.0066951422611346,30.0,3.0,0.9,0.3887343902209295,0.0,0.0,0.0,41.87263739459145,0.0,0.0,0.0,0.0666666666666666,0.9,0.0333333333333333,0.0,0.0666666666666666,0.9333333333333332,35839.0,531.0,0.0148162616144423,3120.0,3120.0,0.087056000446441,0.0025670359106001,7.998240116560177,0.6962947951580053,0.602589323245061,0.0524590163934426,0.5993710341400974,0.9510487005718248,0.984313297284911,0.8720954914226132,0.4006289658599026,0.0076358410540581,0.0004075654826172,0.0,0.5993710341400974,4480.860723992986,0.0121707522453703,0.5000064003935185,0.4878356481481481,59475.0,92.0,1.0,1.0,1.0,0.0,1.0,0.0,0.0,0.0,1.0,1.0,0.0015468684321143,1,1,1,0,0.6721172471197754,0.8273197079412846,0.25726540616246485,2.806187067075072,15.779582768437884,0.6,0.02299103285694397,1.0,0.6044776259604056,0.0,1.1662031706627884,0.0222222222222222,0.06666666666666676,1.2472406122741906,8.77291697170786,0.956933014316935,0.6,0.0,0.8907057490399252,1
30.0,4830.0,0.4140786749482402,0.9080745341614906,0.8426363008971705,18.5,0.4140786749482402,0.8457556935817805,1.6302348380287035,0.0009627109941595,30.0,1.0,8.0,0.0,23.365389268055555,30.0,0.0,0.0666666666666666,0.0,0.0,0.0,0.0,0.0,0.0051552975955316,30.0,4.0,0.6333333333333333,0.9724790978770256,0.0,0.0,1.0,5.1309257045125225,0.0,0.2333333333333333,0.0,0.0333333333333333,0.6333333333333333,0.1,0.2333333333333333,0.0333333333333333,0.7333333333333333,31162.0,463.0,0.0148578396765291,3626.0,3626.0,0.116359668827418,0.015050381875361,5.354979455731888,0.6231036360465896,0.1257597158884539,0.0146333588926106,0.8471512650558516,0.9993576911293194,0.999740442839046,0.4322520044404822,0.1528487349441483,0.0,0.0003932861604531,0.0,0.0,5819.256685682697,0.1513847567708333,0.2929704049189814,0.1415856481481481,247790.0,469.0,1.0,1.0,1.0,1.0,0.0,1.0,0.0,0.0,1.0,1.0,0.0018927317486581,1,1,1,0,0.8759745724047733,0.8209661544969709,0.6283574879227053,0.955189356443319,10.200365266783937,0.0,0.017703225978368556,0.04104182325997386,0.06846211745256535,0.2333333333333333,3.8899163915081023,0.16666666666666663,0.2666666666666667,1.1935243740962598,45.3272059064895,0.945426751644459,1.0,0.0,0.9586581908015911,0
30.0,8052.0,0.4858420268256334,0.6861649279682066,0.660556383507203,109.5,0.4858420268256334,0.6092896174863388,2.2702662723381506,0.0004682451731726,0.0,0.0,0.0,0.0,0.0,30.0,1.0,0.0,1.0,0.0,1.0,1.0,14.0,0.0073761439763835,30.0,6.0,0.4333333333333333,1.544247331825756,1.0,1.0,1.0,2.0971077389100867,0.2,0.1333333333333333,0.4333333333333333,0.1,0.0666666666666666,0.0,0.3333333333333333,0.5333333333333333,0.0666666666666666,64069.0,1855.0,0.0289531598745102,19776.0,19776.0,0.3086672181554262,0.0029031200736705,15.752738947430531,4.862354109232019,1.2081196258862574,0.3729069241212853,0.999927645775074,1.0,1.0,0.0007621722085094,7.235422492605718e-05,7.235422492605718e-05,0.0,1.0,0.0,4067.165729868149,0.0769335718518518,0.1103247755555555,0.0333912037037037,53032.0,186.0,1.0,1.0,1.0,1.0,0.0,1.0,0.0,0.0,1.0,1.0,0.0035073163373057,1,1,1,0,0.967687741501932,0.9145998811689806,0.5731992051664182,1.1672755051515082,16.156963095873127,1.0,0.025329584033341127,1.0,0.7450474575516557,0.7666666666666666,9.265483990954536,0.5444444444444444,0.9333333333333333,1.3316657603422892,16.805611857974394,1.190235215999514,1.0,0.0,0.9892292471673106,1
30.0,1074.0,0.8770949720670391,0.931098696461825,0.8956548727498448,2.5,0.8770949720670391,0.9162011173184358,0.7361923627845635,0.0082599118942731,12.0,1.0,11.0,1.0,508.6124071194329,30.0,1.0,0.0,1.0,0.0,1.0,1.0,10.0,0.0096514230323398,17.0,4.0,0.7647058823529411,0.7902347553432827,0.0,1.0,1.0,0.7275396647314152,0.0,0.0588235294117647,0.1176470588235294,0.0,0.7647058823529411,0.0588235294117647,0.0588235294117647,0.1176470588235294,0.8235294117647058,3632.0,39.0,0.010737885462555,196.0,196.0,0.0539647577092511,0.0184471365638766,1.1684656151152777,0.063055963811287,1.2712635631781588,0.0686034301715085,1.0,1.0,1.0,-0.0,0.0,0.0,0.0,1.0,0.0,3108.3499188147453,0.6331711295601852,256.40607622215276,255.7729050925926,2857.0,67.0,1.0,0.0,1.0,0.0,0.0,1.0,0.0,0.0,1.0,1.0,0.0234511725586279,0,1,0,0,0.0038944919038065903,0.3080953086280937,0.886374922408442,0.09048174291206924,4.301972004065922,1.0,0.033142863198128106,0.0019622756158007744,0.436545912792069,0.1764705882352941,3.1609390213731308,0.1176470588235294,0.17647058823529416,1.019312863228008,8.172910452528697,0.6569114032826717,0.6,0.0,0.3346314973012689,0
30.0,1463.0,0.7812713602187287,0.948051948051948,0.902870813397129,3.0,0.7812713602187287,0.9289131920710868,0.9752839767157164,0.0024519820187985,0.0,0.0,0.0,0.0,0.0,27.0,0.8888888888888888,0.037037037037037,1.0,0.0,0.925925925925926,2.0,8.0,0.0050462061559323,7.0,4.0,0.5714285714285714,1.15374194270109,0.0,1.0,0.0,0.3583743032351458,0.0,0.0,0.1428571428571428,0.1428571428571428,0.5714285714285714,0.1428571428571428,0.0,0.2857142857142857,0.7142857142857143,12235.0,464.0,0.0379239885574172,1495.0,1495.0,0.1221904372701266,0.0129955046996322,2.286678974734532,0.2794103038192174,4.394755747126437,0.5369971264367817,1.0,1.0,1.0,-0.0,0.0,0.0,0.0,1.0,0.0,5350.554290701204,0.5358532012037037,19.582878664166667,19.047025462962964,2784.0,159.0,1.0,0.0,1.0,1.0,0.0,0.0,0.0,0.0,1.0,1.0,0.0571120689655172,1,1,1,0,0.04988271211843911,0.34984398159439717,0.8420710868079289,0.21332253762749775,4.760517097735615,0.823045267489712,0.01681499091207149,1.0,0.6597146784660289,0.1428571428571428,4.61496777080436,0.14285714285714282,0.2857142857142857,1.0963048155825874,16.89308050540601,0.8515165836206546,0.6,0.0,0.683294237372813,0
30.0,628.0,0.3121019108280254,0.7834394904458599,0.7075371549893841,5.0,0.3121019108280254,0.6576433121019108,2.2750416914769764,0.0009098629139876,0.0,0.0,0.0,0.0,0.0,24.0,0.7083333333333334,0.125,1.0,0.0,0.8333333333333334,3.0,4.0,0.0051075085497718,18.0,5.0,0.6666666666666666,1.0797346179130656,0.0,1.0,1.0,0.7066665757887635,0.0,0.1111111111111111,0.1111111111111111,0.0,0.6666666666666666,0.0555555555555555,0.1111111111111111,0.1111111111111111,0.7222222222222222,32972.0,1005.0,0.0304804076185854,4157.0,4157.0,0.1260766711148853,0.0010311779691859,7.016865495961572,0.8846630433917342,29.5183527305282,3.7215756490599823,1.0,1.0,1.0,-0.0,0.0,0.0,0.0,1.0,0.0,4698.964233858368,0.4954259879976851,95.9197083954051,95.4242824074074,1117.0,34.0,1.0,1.0,1.0,0.0,0.0,1.0,0.0,0.0,1.0,1.0,0.0304386750223813,0,1,0,0,0.010370831651874229,0.3395117988743013,0.5098195329087047,1.564996832353589,6.152879090844238,0.5902777777777778,0.01644043579616809,1.0,0.5809664781842921,0.2222222222222222,5.398673089565328,0.14814814814814814,0.2777777777777778,1.2303726710607945,3.2681484072689058,0.9854848179705443,0.8,0.0,0.33679027721729143,1
30.0,6007.0,0.2057599467288163,0.540702513733977,0.5339381832306753,99.0,0.2057599467288163,0.4319960046612285,2.8677985796536247,0.0044876589379207,0.0,0.0,0.0,0.0,0.0,30.0,1.0,0.0,1.0,0.0,1.0,2.0,10.0,0.0065575816409359,30.0,10.0,0.2666666666666666,1.9739048086188364,1.0,1.0,1.0,10.363937336564064,0.0333333333333333,0.1,0.2,0.0333333333333333,0.0666666666666666,0.0333333333333333,0.1333333333333333,0.2333333333333333,0.1,6685.0,561.0,0.0839192221391174,4041.0,4041.0,0.6044876589379207,0.0061331338818249,1.461247775655217,0.883306247034066,0.0423259318353055,0.0255855034474898,0.85163503304927,0.9274829812278488,0.9700148070435608,0.610667070542606,0.1483649669507299,0.0020646458195052,0.0431382031173743,0.0,0.8693770256650748,4574.857263237164,0.5575757371643518,2.2314299038310184,1.6738541666666666,157941.0,41.0,1.0,1.0,1.0,0.0,0.0,0.0,0.0,0.0,1.0,1.0,0.0002595906066189,1,1,1,0,0.3739919747555417,0.47574194070326936,0.3698490649797458,2.27772049667512,15.814095493159588,1.0,0.02251865144734059,1.0,0.7363492049895489,0.33333333333333337,19.739048086188365,0.2333333333333333,0.9,1.0449654349264499,4.654980208222289,0.9852560945218133,0.6,0.0,0.7913306582518472,1
3.0,3.0,0.3333333333333333,1.0,0.0,1.0,0.3333333333333333,1.0,1.0986122886681096,0.0008391608391608,0.0,0.0,0.0,0.0,0.0,0.0,0.0,0.0,0.0,0.0,0.0,0.0,0.0,0.0,30.0,5.0,0.7666666666666667,0.841247441879,1.0,0.0,1.0,89.86270974899459,0.0666666666666666,0.1,0.0,0.0,0.7666666666666667,0.0333333333333333,0.1666666666666666,0.0,0.8,3575.0,1724.0,0.4822377622377622,6157.0,6157.0,1.7222377622377625,1.64,0.6397181802115495,1.101746807150353,3575.0,6157.0,0.0,0.0,0.0,0.0,0.0,0.0,0.0,0.0,0.0,5588.398314298796,0.0094717062037037,633.1944948543519,633.1850231481482,1.0,5863.0,1.0,1.0,1.0,1.0,0.0,0.0,0.0,0.0,1.0,1.0,5863.0,0,1,0,1,0.0015768268935710834,0.49609698429701765,0.16666666666666666,0.7324081924454064,0.9609060278364028,0.0,0.0,1.0,0.3333333333333333,0.1666666666666666,4.206237209395,0.11111111111111106,0.19999999999999996,0.9482192911146189,716.5729530211756,1.011206824225142,0.8,0.0,0.33385894229785706,0
1.0,10.0,1.0,1.0,0.0,10.0,1.0,1.0,-0.0,0.0010060362173038,0.0,0.0,0.0,0.0,0.0,0.0,0.0,0.0,0.0,0.0,0.0,0.0,0.0,0.0,20.0,1.0,1.0,-0.0,0.0,0.0,0.0,0.7060406929495218,0.0,0.0,0.0,0.0,1.0,0.0,0.0,0.0,1.0,994.0,33.0,0.0331991951710261,218.0,218.0,0.2193158953722334,0.0130784708249496,0.2976624568901205,0.0652821082515556,52.31578947368421,11.473684210526317,0.9323501122154536,1.0,1.0,0.2475170705778044,0.0676498877845463,0.0676498877845463,0.0,0.0,0.9323501122154536,3339.3529380945715,0.8373362427199074,634.306421890868,633.4690856481482,19.0,13.0,1.0,1.0,1.0,1.0,0.0,0.0,0.0,0.0,1.0,1.0,0.6842105263157895,0,1,0,1,0.0015761209216024136,0.27292011772646974,0.5,-0.0,1.6620943476182115,0.0,0.0,1.0,0.3333333333333333,0.0,-0.0,0.0,0.0,0.8507063385042375,1.883309358776413,0.6641588211783825,0.8,0.0,0.33385870697386744,0
30.0,1386.0,0.1875901875901875,0.5692640692640693,0.5371332371332371,21.0,0.1875901875901875,0.455988455988456,2.848047439429132,0.0001356931886542,30.0,1.0,1.0,0.0,32.27166769796296,0.0,0.0,0.0,0.0,0.0,0.0,0.0,0.0,0.0,30.0,4.0,0.5,1.075524390343655,0.0,1.0,1.0,176.83176422431436,0.0,0.0666666666666666,0.5,0.0,0.3666666666666666,0.0666666666666666,0.0666666666666666,0.5,0.4333333333333333,221087.0,5976.0,0.0270300831799246,50635.0,50635.0,0.229027486916915,0.0044100286312628,61.57065316765527,14.101371962821084,13.32411257759296,3.0515880190441753,0.9982632509950444,0.999895979612004,1.0,0.0131672432693681,0.0017367490049555,0.0017367490049555,0.0,1.0,0.0,3590.7853599087157,0.0164247235300925,11.433531205011574,11.41710648148148,16593.0,975.0,1.0,1.0,1.0,1.0,1.0,1.0,0.0,0.0,1.0,1.0,0.0587597179533538,1,1,1,0,0.0805340601283698,0.5321341815694727,0.36236171236171233,2.3137816860008678,10.614600233352832,0.0,0.0,0.0300556019336904,0.0100185339778968,0.5666666666666667,4.30209756137462,0.37777777777777777,0.5666666666666667,1.503211498570611,79.22760903329649,1.323175454902635,1.0,0.0,0.6935113533761234,1
30.0,227.0,0.7709251101321586,0.8590308370044053,0.8148311306901614,1.0,0.7709251101321586,0.8414096916299559,1.2395288613932849,8.601385969992631e-05,0.0,0.0,0.0,0.0,0.0,0.0,0.0,0.0,0.0,0.0,0.0,0.0,0.0,0.0,30.0,2.0,0.8666666666666667,0.3926744672275521,0.0,0.0,0.0,151.74755576371408,0.0,0.0,0.0,0.0,0.8666666666666667,0.1333333333333333,0.0,0.0,1.0,348781.0,6844.0,0.0196226285262098,56237.0,56237.0,0.1612387142648252,0.0015597179892253,103.63381168063732,16.709782549748986,30.928527090538264,4.986875942183205,0.9796071990693218,1.0,1.0,0.0995639128768781,0.0203928009306781,0.0203928009306781,0.0,1.0,0.0,3365.5135745380903,0.0105537047569444,57.1129842603125,57.10243055555556,11277.0,544.0,1.0,1.0,1.0,1.0,0.0,0.0,0.0,0.0,1.0,1.0,0.0482397800833555,0,1,1,0,0.017210983954343083,0.5033821855247457,0.79287812041116,0.2839449374116776,2.3802585488678076,0.0,0.0,1.0,0.3333333333333333,0.0,0.7853489344551042,0.0,0.0,1.5713263300138551,42.62587165082104,1.346643968328882,0.8,0.0,0.33907032798478104,0
30.0,3427.0,0.4499562299387219,0.661219725707616,0.6481762474467463,42.5,0.4499562299387219,0.5838926174496645,2.360723418864429,7.724373746398511e-05,30.0,1.0,1.0,0.0,3.425219996724537,0.0,0.0,0.0,0.0,0.0,0.0,0.0,0.0,0.0,30.0,3.0,0.9,0.3887343902209295,0.0,1.0,0.0,1.171806127569542,0.0,0.0,0.0333333333333333,0.0,0.9,0.0666666666666666,0.0,0.0333333333333333,0.9666666666666668,388381.0,9794.0,0.0252175054907423,66302.0,66302.0,0.1707138093779046,0.0002034085086551,84.43237952356789,14.413773143309273,18.18177987921914,3.103880904452039,0.9893153792674448,1.0,1.0,0.0591242938423233,0.0106846207325551,0.0,0.0106846207325551,1.0,0.0,4599.905891367315,0.0015163673148148,3.425590441388889,3.424074074074074,21361.0,79.0,1.0,0.0,1.0,0.0,1.0,0.0,0.0,0.0,1.0,1.0,0.0036983287299283,1,1,1,0,0.22603599832565927,0.6122222393963835,0.5490662386927341,1.2985012093841404,12.955612786998365,0.0,0.0,0.22597746569440183,0.07532582189813394,0.0333333333333333,1.1662031706627884,0.0222222222222222,0.033333333333333215,1.5258951969831185,6.1384279189209785,1.3163022498800179,0.4,0.0,0.7420119994418864,1
30.0,2581.0,0.320030995738086,0.7466098411468423,0.7459770114942528,12.5,0.320030995738086,0.6427741185586981,2.2117008022781275,6.893524912050111e-05,0.0,0.0,0.0,0.0,0.0,0.0,0.0,0.0,0.0,0.0,0.0,0.0,0.0,0.0,30.0,4.0,0.7333333333333333,0.8685006460951055,0.0,1.0,1.0,1.297377165861562,0.0,0.1,0.1,0.0,0.7333333333333333,0.0666666666666666,0.1,0.1,0.8,435191.0,4600.0,0.0105700715318101,47701.0,47701.0,0.1096093439432341,0.0030538315360381,117.35915131682522,12.863659581571952,81.16206639313688,8.896120850428945,0.9676794721617938,1.0,1.0,0.1427182550274961,0.0323205278382061,0.0323205278382061,0.0,1.0,0.0,3708.198253872396,0.0036010946180555,0.5307885946180555,0.5271875,5362.0,1329.0,1.0,0.0,1.0,0.0,0.0,0.0,0.0,0.0,1.0,1.0,0.2478552778813875,1,1,1,0,0.6547984448536934,0.8248349474200544,0.5330040036161694,1.5038879922503345,8.937603077061484,0.0,0.0,1.0,0.3333333333333333,0.2,3.474002584380422,0.13333333333333333,0.19999999999999996,1.5797292144632866,102.36035276815133,1.3107358007853442,0.4,0.0,0.8849328149512311,0
30.0,4948.0,0.6329830234438156,0.8367016976556184,0.7980194017784963,25.5,0.6329830234438156,0.7718270008084074,1.663045005240268,8.454967434283765e-05,30.0,1.0,1.0,0.0,765.8181059270023,4.0,0.0,0.0,0.0,0.0,0.0,0.0,0.0,0.001194522763195,30.0,3.0,0.8,0.5905146653114488,0.0,1.0,0.0,88.5397096498719,0.0,0.0,0.0333333333333333,0.0,0.8,0.1666666666666666,0.0,0.0333333333333333,0.9666666666666668,354821.0,6843.0,0.0192857807176012,44076.0,44076.0,0.124220381544497,3.663819221522965e-05,105.96044033990368,13.162446327645757,0.9835620691280136,0.1221784554997768,0.8452088384210126,0.954054008187699,0.9854128244483288,0.5596939397435385,0.1547911615789874,0.0020451487705624,0.0125420267811086,0.0,0.0,3348.617643079294,0.0040666904050925,1.7656060422569444,1.7615393518518518,360751.0,13.0,1.0,0.0,1.0,1.0,0.0,0.0,0.0,0.0,1.0,1.0,3.603593614432115e-05,1,1,1,0,0.36211687489784034,0.6787670900338909,0.715501212611156,0.610365749700147,11.253673080341025,0.0,0.0019225102223515739,0.0013040902298350212,0.006383782662496087,0.0333333333333333,1.7715439959343464,0.0222222222222222,0.033333333333333215,1.5744153023309768,1.017264422129967,1.3174602879475852,0.6,0.0,0.7873722916326135,0
30.0,1862.0,0.3571428571428571,0.7416756176154672,0.7179735051915501,13.0,0.3571428571428571,0.6208378088077336,2.2991100999915277,0.0001724792162544,0.0,0.0,0.0,0.0,0.0,0.0,0.0,0.0,0.0,0.0,0.0,0.0,0.0,0.0,30.0,5.0,0.2666666666666666,1.5641315026219946,0.0,1.0,1.0,0.2690519561956012,0.0,0.1333333333333333,0.2666666666666666,0.1333333333333333,0.2666666666666666,0.0,0.1333333333333333,0.4,0.2666666666666666,173934.0,3355.0,0.019288925684455,82535.0,82535.0,0.4745190704520105,0.0003794542757597,30.6905564717096,14.563254328610576,55.252223634053365,26.218233799237613,0.0,0.0,0.0,0.0,0.0,0.0,0.0,0.0,0.0,5667.345919828137,0.0006420503587962,0.2223781614699073,0.2217361111111111,3148.0,66.0,0.0,0.0,1.0,0.0,0.0,1.0,0.0,0.0,1.0,1.0,0.0209656925031766,1,1,1,0,0.818507360882169,0.9087179020104887,0.5375581811672037,1.4779993499945536,9.062489101801537,0.0,0.0,1.0,0.3333333333333333,0.3999999999999999,7.820657513109973,0.31111111111111106,0.7333333333333334,1.3961212122203002,5.469717390008875,1.309870853495761,0.4,0.0,0.9395024536273896,0
30.0,493.0,0.7302231237322515,0.8397565922920892,0.788708586883029,3.0,0.7302231237322515,0.8133874239350912,1.4073740357281497,6.426969276944533e-05,4.0,1.0,4.0,0.0,2666.7524569979164,0.0,0.0,0.0,0.0,0.0,0.0,0.0,0.0,0.0,30.0,2.0,0.9333333333333332,0.2449300267946353,0.0,0.0,0.0,559.3439792835563,0.0,0.0,0.0,0.0,0.9333333333333332,0.0666666666666666,0.0,0.0,1.0,466783.0,8192.0,0.0175499107722432,34997.0,34997.0,0.0749748812617426,0.0001628165550159,107.88629423840229,8.088762100293636,299.0281870595772,22.41960281870596,0.0,0.0,0.0,0.0,0.0,0.0,0.0,0.0,0.0,4326.620014928322,0.0002232616550925,10.574795020914353,10.57457175925926,1561.0,76.0,1.0,0.0,1.0,0.0,1.0,0.0,0.0,0.0,1.0,1.0,0.0486867392696989,1,1,1,0,0.08639628495974672,0.543085703337718,0.7594658553076403,0.3796769710990749,4.760517097735615,0.0,0.0,0.00037484737288006215,0.00012494912429335405,0.0,0.4898600535892706,0.0,0.0,1.5590129657778666,5.822138909766914,1.2496167578947515,0.4,0.0,0.6954654283199155,0
30.0,493.0,0.6490872210953347,0.8803245436105477,0.819945909398242,2.0,0.6490872210953347,0.8397565922920892,1.496221585734074,5.9794545940149645e-05,0.0,0.0,0.0,0.0,0.0,0.0,0.0,0.0,0.0,0.0,0.0,0.0,0.0,0.0,30.0,3.0,0.9,0.3887343902209295,0.0,1.0,0.0,244.92109987716148,0.0,0.0,0.0333333333333333,0.0,0.9,0.0666666666666666,0.0,0.0333333333333333,0.9666666666666668,501718.0,6681.0,0.0133162453808713,47580.0,47580.0,0.0948341498610773,0.0009626921896364,171.31146153748523,16.24617681636606,417.7502081598667,39.61698584512906,1.0,1.0,1.0,-0.0,0.0,0.0,0.0,1.0,0.0,2928.6890408390973,0.0009158390972222,83.79209639465277,83.79118055555556,1201.0,483.0,1.0,0.0,1.0,0.0,0.0,0.0,0.0,0.0,1.0,1.0,0.4021648626144879,0,1,1,0,0.011793679406843446,0.5054392754599606,0.7345165652467883,0.5250432745070889,3.7726205419764307,0.0,0.0,1.0,0.3333333333333333,0.0333333333333333,1.1662031706627884,0.0222222222222222,0.033333333333333215,1.6442198735446891,36.79776975518291,1.3491417334562577,0.4,0.0,0.33726455980228115,0
30.0,5654.0,0.9488857446055888,0.9635656172621152,0.9260464567857564,8.0,0.9488857446055888,0.9582596391934912,0.3684650542771813,0.0005556481635828,30.0,1.0,30.0,0.0,2790.839348745023,0.0,0.0,0.0,0.0,0.0,0.0,0.0,0.0,0.0,30.0,6.0,0.2333333333333333,1.7453266015318774,1.0,1.0,1.0,139.62508080155138,0.1333333333333333,0.1666666666666666,0.2333333333333333,0.1,0.1333333333333333,0.2333333333333333,0.3,0.3333333333333333,0.3666666666666666,53991.0,513.0,0.0095015835972662,102660.0,102660.0,1.901428015780408,0.0032783241651386,15.31840503530146,29.126844491193864,1.4225378089265954,2.704853243399905,0.0,0.0,0.0,0.0,0.0,0.0,0.0,0.0,0.0,3524.583654375729,0.0055062275810185,0.0578441905439814,0.0523379629629629,37954.0,177.0,1.0,1.0,1.0,1.0,0.0,0.0,0.0,0.0,1.0,1.0,0.0046635400748274,1,1,1,0,0.9502650623611447,0.9699213620929213,0.9374661006956726,0.01883381688823942,7.545241083952861,0.0,0.0,0.0003581867991256432,0.00011939559970854773,0.5333333333333332,10.471959609191265,0.38888888888888884,0.6333333333333334,1.3340448010963264,16.243612087527357,1.4127164138590482,0.8,0.0,0.9834216874537148,0
30.0,9157.0,0.7967675002730151,0.9328382658075788,0.8973790542754176,16.0,0.7967675002730151,0.8717920716391832,1.006070826243609,0.0002346995454652,30.0,1.0,30.0,0.0,2461.714464710752,14.0,1.0,0.0,1.0,0.0,1.0,8.0,11.0,0.0045315380419741,30.0,2.0,0.9333333333333332,0.2449300267946353,0.0,0.0,0.0,23.03754266211604,0.0,0.0,0.0,0.0,0.9333333333333332,0.0666666666666666,0.0,0.0,1.0,127823.0,2585.0,0.0202232775009192,12487.0,12487.0,0.097689774140804,7.823318182173788e-06,41.37391336708992,4.041808252152209,0.1721257611625959,0.0168149267317879,0.6538751216553936,0.9144304082241492,0.9955763898058894,0.8603287551387849,0.3461248783446063,0.0014158487022609,0.0023695291752864,0.0,0.0,3089.4587819688427,0.0071615984722222,2.4898004873611113,2.482638888888889,742614.0,1.0,1.0,0.0,1.0,0.0,0.0,0.0,0.0,0.0,1.0,1.0,1.3465945969238394e-06,1,1,1,0,0.28713858424725824,0.6397193288820318,0.8470732772742164,0.20446628891988172,9.729218371065619,1.0,0.012271632505870277,0.0004060560062197267,0.37144247361372823,0.0,0.4898600535892706,0.0,0.0,1.4631441941439998,0.08504551501537663,1.1737252241736627,0.4,0.0,0.7623795280824194,0
30.0,3497.0,0.946239633971976,0.9588218472976836,0.923868077399676,5.5,0.946239633971976,0.952816700028596,0.3866453065466638,0.0001627189247533,30.0,1.0,29.0,0.0,1031.064717193021,0.0,0.0,0.0,0.0,0.0,0.0,0.0,0.0,0.0,30.0,1.0,1.0,-0.0,0.0,0.0,0.0,26.670782528167926,0.0,0.0,0.0,0.0,1.0,0.0,0.0,0.0,1.0,184367.0,5224.0,0.0283347887637158,51010.0,51010.0,0.2766764117222713,0.0010630969750551,61.17895402638946,16.92677347294324,1.5869219049914356,0.4390638583565016,0.0,0.0,0.0,0.0,0.0,0.0,0.0,0.0,0.0,3013.569011235405,0.0296130872569444,632.7886177168866,632.7590046296297,116179.0,196.0,1.0,1.0,1.0,1.0,1.0,0.0,0.0,0.0,1.0,1.0,0.0016870518768452,0,1,0,1,0.0015778868508296818,0.4864082194759356,0.935053855685826,0.0207861932029662,6.427744724807507,0.0,0.0,0.00096893148592442,0.0003229771619748067,0.0,-0.0,0.0,0.0,1.51340232475693,16.16536303316999,1.3530221915768974,0.8,0.0,0.3338592956169432,0
30.0,1662.0,0.5276774969915764,0.7496991576413959,0.7146409947853991,18.5,0.5276774969915764,0.6726835138387485,2.073349750484257,8.650494087387291e-05,0.0,0.0,0.0,0.0,0.0,0.0,0.0,0.0,0.0,0.0,0.0,0.0,0.0,0.0,29.0,3.0,0.8620689655172413,0.4787533304102896,0.0,1.0,0.0,58.9053977807034,0.0,0.0,0.0344827586206896,0.0,0.8620689655172413,0.1034482758620689,0.0,0.0344827586206896,0.9655172413793104,346801.0,8547.0,0.0246452576549663,82896.0,82896.0,0.2390304526226856,0.0003200682812333,95.50893171428883,22.829543177175637,15.277577092511011,3.6518061674008817,0.0,0.0,0.0,0.0,0.0,0.0,0.0,0.0,0.0,3631.084483557373,0.0031409647800925,260.57852290922455,260.5753819444444,22700.0,111.0,1.0,0.0,1.0,0.0,0.0,0.0,0.0,0.0,1.0,1.0,0.0048898678414096,0,1,0,0,0.0038229897346088496,0.5003459069090835,0.6211592458884878,0.9792897437606147,10.200365266783937,0.0,0.0,1.0,0.3333333333333333,0.0344827586206896,1.436259991230869,0.0229885057471264,0.03448275862068961,1.5560822745269458,8.701439983320189,1.38150511611446,0.4,0.0,0.3346076632448696,0
30.0,1618.0,0.1378244746600741,0.5469715698393078,0.5584672435105067,21.0,0.1378244746600741,0.3733003708281829,2.8510959803711793,0.0036288859320188,2.0,1.0,2.0,0.0,2394.9942519581596,3.0,0.0,0.0,0.0,0.0,0.0,0.0,0.0,0.0010488532521271,29.0,7.0,0.3793103448275862,1.4983627693320414,0.0,1.0,1.0,0.0401984161477499,0.0,0.0344827586206896,0.3103448275862069,0.0344827586206896,0.3793103448275862,0.1724137931034483,0.0344827586206896,0.3448275862068966,0.5517241379310345,8267.0,249.0,0.0301197532357566,7342.0,7342.0,0.8881093504294182,0.0164509495584855,2.8902899451117268,2.5668935257058543,0.1820003082139004,0.161636175505801,0.3556988317617309,0.6092844296606814,0.7534155718392463,1.7000062232731092,0.6443011682382691,0.0088619020604692,0.0035416787808093,0.0,0.2170122219457515,2860.2666710638428,0.8503631934722223,11.319055323101852,10.46869212962963,45423.0,136.0,0.0,0.0,1.0,0.0,1.0,0.0,0.0,0.0,1.0,1.0,0.0029940778900556,1,1,1,0,0.08719390046372219,0.3108047487782475,0.3481458590852904,2.4581451746710727,10.614600233352832,0.0,0.0014540193490660575,0.0004173632717118316,0.00463849172341876,0.3448275862068965,10.48853938532429,0.24137931034482754,0.4482758620689655,1.1332742295184852,15.077358063196346,1.1183678768442078,0.2,0.0,0.6957313001545741,0
30.0,490.0,0.2061224489795918,0.5775510204081633,0.5119727891156463,9.0,0.2061224489795918,0.4673469387755102,2.866764591782524,0.0012556504269211,23.0,1.0,1.0,0.0,265.9330786695602,0.0,0.0,0.0,0.0,0.0,0.0,0.0,0.0,0.0,29.0,4.0,0.8275862068965517,0.6415758075523197,0.0,1.0,1.0,3.1512184937889955,0.0,0.0344827586206896,0.0689655172413793,0.0,0.8275862068965517,0.0689655172413793,0.0344827586206896,0.0689655172413793,0.896551724137931,23892.0,390.0,0.0163234555499748,9817.0,9817.0,0.4108906747028294,0.0105056085719069,6.726241918371175,2.763750080053985,0.5588249052720213,0.2296159423679655,0.8309074957482059,0.942343473021342,0.9882888302220126,0.5920468337237953,0.1690925042517941,0.0459453572006706,0.0,0.0,0.111435977273136,3552.0577893862155,0.0335301269560185,256.468217626956,256.4346875,42754.0,251.0,1.0,1.0,1.0,1.0,1.0,0.0,0.0,0.0,1.0,1.0,0.0058707957150208,0,1,0,0,0.003884480408258891,0.4857208215342263,0.35904761904761906,2.2758600534763302,7.907047746579794,0.0,0.0,0.0037462573203147767,0.0012487524401049255,0.1034482758620689,2.5663032302092788,0.06896551724137927,0.10344827586206895,1.2330640412512912,24.897481868300538,1.1242840846700515,0.8,0.0,0.3346281601360863,0
30.0,1931.0,0.3723459347488348,0.7017089590885551,0.6466942862074916,21.5,0.3723459347488348,0.6447436561367167,2.3986541115368314,0.0003497074114657,30.0,1.0,1.0,0.0,19.421580003472226,0.0,0.0,0.0,0.0,0.0,0.0,0.0,0.0,0.0,29.0,3.0,0.7241379310344828,0.744129541411298,0.0,1.0,0.0,1.9247802396603368,0.0,0.0,0.0689655172413793,0.0,0.7241379310344828,0.2068965517241379,0.0,0.0689655172413793,0.9310344827586208,85786.0,1062.0,0.0123796423658872,20800.0,20800.0,0.2424638052829133,8.159839600867274e-05,45.14752266126776,10.946640143547542,0.0385053534766852,0.0093361545277207,0.8174082060855272,0.9998363181853196,0.9999798496868758,0.4766973269296674,0.1825917939144727,3.608422060246973e-06,0.1824291490934406,0.0,0.0,1900.1264064867016,0.0233162089236111,7.203385653368055,7.180069444444444,2227898.0,7.0,1.0,0.0,1.0,1.0,1.0,1.0,0.0,0.0,1.0,1.0,3.1419750814444825e-06,1,1,1,0,0.12224835092068288,0.549557969127433,0.5095201104781633,1.5055250042375141,10.691771732797038,0.0,0.0,0.0489678075756123,0.0163226025252041,0.0689655172413793,2.2323886242338937,0.045977011494252866,0.06896551724137923,1.5044407915594984,0.6162176463063761,1.3167944515567245,0.8,0.0,0.707416116973561,0
30.0,2125.0,0.1590588235294117,0.5632941176470588,0.5481882352941176,31.5,0.1590588235294117,0.4305882352941176,2.8615038073672023,0.0003132962947491,30.0,1.0,1.0,0.0,21.713506455625,0.0,0.0,0.0,0.0,0.0,0.0,0.0,0.0,0.0,30.0,4.0,0.5666666666666667,1.0734244665117096,1.0,0.0,1.0,27.21488418974822,0.0333333333333333,0.1666666666666666,0.0,0.0,0.5666666666666667,0.2333333333333333,0.2,0.0,0.8,95756.0,2662.0,0.0277998245540749,15483.0,15483.0,0.1616922177200384,0.0006265925894983,47.56696162711885,7.691207515692815,0.0434357991073878,0.0070232306861156,0.5490161954095943,0.7703415163489691,0.9058014782662108,1.217951456700646,0.4509838045904056,0.0,0.3567852828566163,0.0,0.0,2013.0779162661229,0.0049648772337962,3.170994969826389,3.1660300925925924,2204541.0,60.0,1.0,0.0,1.0,1.0,1.0,1.0,0.0,0.0,1.0,1.0,2.721654983962648e-05,1,1,1,0,0.2400366722693745,0.6174052997217319,0.35362352941176467,2.406356378242443,11.954533922519493,0.0,0.0,0.04402666765493401,0.014675555884978002,0.1999999999999999,4.293697866046839,0.1333333333333333,0.19999999999999996,1.5074850429026738,5.2312340537841004,1.268012439906983,0.8,0.0,0.7466788907564581,1
30.0,2185.0,0.5853546910755149,0.7981693363844393,0.7546147978642257,17.0,0.5853546910755149,0.7112128146453089,1.875040047361768,0.0007770812827021,30.0,1.0,1.0,0.0,0.4331734089467592,29.0,0.4137931034482758,0.0,1.0,0.0,0.4137931034482758,1.0,6.0,0.0073518947035452,29.0,6.0,0.5172413793103449,1.2368796722734043,0.0,1.0,1.0,10.628613605609546,0.0,0.0344827586206896,0.0689655172413793,0.0344827586206896,0.5172413793103449,0.3103448275862069,0.0344827586206896,0.1034482758620689,0.8275862068965517,38606.0,1250.0,0.0323783867792571,10773.0,10773.0,0.2790498886183495,0.0142982956017199,9.787146445691944,2.7311021255618124,2.733555193655739,0.7627982723217447,0.894108171205787,0.9649486604714658,0.9758112107696616,0.4526994231440693,0.1058918287942129,0.0026995737159199,0.0,0.0,0.9049707215039828,3944.561391127442,0.0057314052199074,0.4335439052199074,0.4278125,14123.0,552.0,1.0,0.0,0.0,0.0,1.0,1.0,0.0,0.0,1.0,1.0,0.0390851802025065,1,1,1,0,0.7003720726636026,0.8459365972338067,0.6699847444698703,0.7774765596841016,9.925499632820667,0.17122473246135547,0.025005245015953803,0.6977522704212753,0.3670361453325945,0.1034482758620689,7.4212780336404265,0.08045977011494247,0.1724137931034483,1.2754134913505029,52.26684286188778,1.1212824149286564,0.6,0.0,0.9001240242212009,1
30.0,843.0,0.3179122182680901,0.833926453143535,0.7604191379992091,4.5,0.3179122182680901,0.7259786476868327,2.1123933024561987,0.0001471785864968,30.0,1.0,1.0,0.0,25.0661146003125,5.0,1.0,0.0,1.0,0.0,1.0,2.0,4.0,0.0011376101018897,29.0,2.0,0.7586206896551724,0.5526646224944003,0.0,0.0,0.0,41.913683506189365,0.0,0.0,0.0,0.0,0.7586206896551724,0.2413793103448276,0.0,0.0,1.0,203834.0,5949.0,0.0291855137023264,25375.0,25375.0,0.1244885544119234,0.000107930963431,46.37672350171717,5.773371267090247,114.2567264573991,14.22365470852018,1.0,1.0,1.0,-0.0,0.0,0.0,1.0,1.0,0.0,4395.178973517708,0.0046332399305555,24.99508462881944,24.99045138888889,1784.0,22.0,1.0,1.0,1.0,1.0,1.0,0.0,0.0,0.0,1.0,1.0,0.0123318385650224,1,1,1,0,0.03847566881533683,0.5169284695373196,0.5391656781336496,1.4408376618176921,5.854083135617216,1.0,0.0020383236723503623,0.038363983866932405,0.35242879124868987,0.0,1.1053292449888006,0.0,0.0,1.4573222552368557,1.7995812684046564,1.2089521371352343,0.8,0.0,0.6794918896051123,1
30.0,17846.0,0.098733609772498,0.4315252717695842,0.377739175912436,373.5,0.098733609772498,0.2792782696402555,3.155219351823698,6.744149450351819e-05,30.0,1.0,2.0,0.0,2.8604007637962963,0.0,0.0,0.0,0.0,0.0,0.0,0.0,0.0,0.0,30.0,7.0,0.6,1.3373906403240234,1.0,1.0,1.0,262.3481781376518,0.1,0.1,0.0333333333333333,0.0333333333333333,0.6,0.1,0.2,0.0666666666666666,0.7,444830.0,8549.0,0.0192185778836859,44587.0,44587.0,0.1002337971809455,0.0004113931164714,106.91873801009308,10.71687110054632,0.7763176265270506,0.0778132635253054,0.7705284347326294,0.9452113845367848,0.9977812251646232,0.6761036521968395,0.2294715652673706,0.0017444634849,0.05274856664396,0.0,0.0,4160.449405474804,0.0003429748032407,0.0220675118402777,0.021724537037037,573000.0,183.0,1.0,1.0,1.0,0.0,0.0,0.0,0.0,0.0,1.0,1.0,0.0003193717277486,1,1,1,0,0.9787373834634164,0.9890330458614465,0.238236392842467,2.843693155594103,20.348406430357347,0.0,0.0,0.25904046268414,0.08634682089471334,0.2333333333333333,9.361734482268163,0.16666666666666663,0.30000000000000004,1.5605555296679117,14.071024379316105,1.28454537927803,0.6,0.0,0.9929124611544721,1
30.0,925.0,0.9091891891891892,0.9362162162162162,0.8961081081081079,2.0,0.9091891891891892,0.9254054054054054,0.5999617560869847,0.0001530924678505,0.0,0.0,0.0,0.0,0.0,0.0,0.0,0.0,0.0,0.0,0.0,0.0,0.0,0.0,29.0,3.0,0.7931034482758621,0.6030352600367863,0.0,0.0,0.0,13.626796756456905,0.0,0.0,0.0,0.0,0.7931034482758621,0.1724137931034483,0.0,0.0,0.9655172413793104,195960.0,4231.0,0.0215911410491937,31076.0,31076.0,0.1585833843641559,0.0020565421514594,65.87183716078749,10.446178871242257,13.14903039656445,2.08521774139435,1.0,1.0,1.0,-0.0,0.0,0.0,0.0,1.0,0.0,2974.8676891279633,0.0035803316666666,86.80308264648149,86.79950231481482,14903.0,403.0,1.0,0.0,1.0,0.0,0.0,0.0,0.0,0.0,1.0,1.0,0.0270415352613567,0,1,1,0,0.011389586200778104,0.5039107815729831,0.9026486486486486,0.054483013525736965,3.7726205419764307,0.0,0.0,1.0,0.3333333333333333,0.0,1.809105780110359,0.0,0.03448275862068961,1.5234703490118005,33.071629948830285,1.2932498769843608,0.4,0.0,0.337129862066926,0
30.0,1265.0,0.1818181818181818,0.5881422924901186,0.5879051383399208,12.0,0.1818181818181818,0.4395256916996047,2.7651539987696,0.0001736523133382,30.0,1.0,10.0,0.0,0.7356634124421296,0.0,0.0,0.0,0.0,0.0,0.0,0.0,0.0,0.0,30.0,3.0,0.9333333333333332,0.291139838831965,0.0,0.0,1.0,93.5166143522026,0.0,0.0333333333333333,0.0,0.0,0.9333333333333332,0.0333333333333333,0.0333333333333333,0.0,0.9666666666666668,172759.0,2799.0,0.0162017608344572,13211.0,13211.0,0.0764706903837137,0.0010708559322524,39.88322070105415,3.049897421735634,15.262744058662426,1.1671525753158407,1.0,1.0,1.0,-0.0,0.0,0.0,0.0,1.0,1.0,4331.62109174728,0.0028047102430555,1.3187074880208334,1.315902777777778,11319.0,185.0,1.0,0.0,1.0,0.0,1.0,1.0,0.0,0.0,1.0,1.0,0.0163442000176694,1,1,1,0,0.43179705538396945,0.7142389437554209,0.38486166007905126,2.2623987262660368,8.808003273675315,0.0,0.0,0.5761485739870328,0.19204952466234426,0.0333333333333333,0.8734195164958949,0.0222222222222222,0.033333333333333215,1.44010389403211,15.340401059887698,1.133114509558491,0.6,0.0,0.8105990184613231,1
30.0,1735.0,0.8576368876080691,0.9285302593659942,0.8853602305475503,5.0,0.8576368876080691,0.9181556195965418,0.7933269209574259,0.0001007174439255,30.0,1.0,1.0,0.0,0.1803258939583333,0.0,0.0,0.0,0.0,0.0,0.0,0.0,0.0,0.0,30.0,2.0,0.8,0.5004024235381879,0.0,0.0,0.0,182.47096092925025,0.0,0.0,0.0,0.0,0.8,0.2,0.0,0.0,1.0,297863.0,6097.0,0.0204691418538052,27915.0,27915.0,0.0937175815727364,5.371597009363365e-05,68.62701368199015,6.431557752835213,53.73678513440375,5.036081544290096,0.5775939818800475,0.7536127167630058,0.9245377772311728,1.1324264352291695,0.4224060181199524,0.0030182839339154,0.3469437953511253,0.0,0.0,4340.317085245474,0.0174440417708333,4.083705615844908,4.066261574074074,5543.0,16.0,0.0,0.0,1.0,0.0,1.0,0.0,0.0,0.0,1.0,1.0,0.0028865235432076,1,1,1,0,0.19738420241018903,0.5897809705849563,0.8714985590778097,0.11294048961180649,6.152879090844238,0.0,0.0,0.8472236397749494,0.2824078799249831,0.0,1.0008048470763757,0.0,0.0,1.5047930324214405,1.2693987648389433,1.2221532486345144,0.2,0.0,0.7324614008033964,0
30.0,474.0,0.7447257383966245,0.8607594936708861,0.8139240506329113,3.0,0.7447257383966245,0.8333333333333334,1.3111468931298536,0.0004565654106044,0.0,0.0,0.0,0.0,0.0,0.0,0.0,0.0,0.0,0.0,0.0,0.0,0.0,0.0,30.0,2.0,0.8666666666666667,0.3926744672275521,0.0,0.0,0.0,16.972792456536688,0.0,0.0,0.0,0.0,0.8666666666666667,0.1333333333333333,0.0,0.0,1.0,65708.0,1639.0,0.0249436902660254,6227.0,6227.0,0.0947677603944725,0.0003956900225238,15.186892119468816,1.4392277535145237,42.17458279845956,3.996790757381258,0.0,0.0,0.0,0.0,0.0,0.0,0.0,0.0,0.0,4326.6258482353705,0.0041236983333333,12.842098235370369,12.837974537037036,1558.0,26.0,1.0,0.0,1.0,0.0,0.0,1.0,0.0,0.0,1.0,1.0,0.0166880616174582,1,1,1,0,0.07226491112001412,0.534068309702959,0.7793248945147679,0.3347020549972833,4.760517097735615,0.0,0.0,1.0,0.3333333333333333,0.0,0.7853489344551042,0.0,0.0,1.3248517864444318,2.34382229035477,1.0434497650937182,0.6,0.0,0.6907549703733381,0
30.0,473.0,0.6892177589852009,0.773784355179704,0.7159267089499646,4.0,0.6892177589852009,0.7484143763213531,1.6290977291244018,0.0004999666688887,30.0,1.0,1.0,0.0,24.396043934895832,0.0,0.0,0.0,0.0,0.0,0.0,0.0,0.0,0.0,30.0,3.0,0.9333333333333332,0.291139838831965,0.0,1.0,0.0,12.953717447038189,0.0,0.0,0.0333333333333333,0.0,0.9333333333333332,0.0333333333333333,0.0,0.0333333333333333,0.9666666666666668,60004.0,1570.0,0.0261649223385107,6873.0,6873.0,0.1145423638424105,0.0003999733351109,18.20674113419329,2.0854431673773495,16.931151241534987,1.939334085778781,1.0,1.0,1.0,-0.0,0.0,0.0,0.0,1.0,0.0,3295.702375057083,0.0197361681944444,24.396333390416668,24.376597222222223,3544.0,24.0,0.0,0.0,1.0,0.0,1.0,0.0,0.0,0.0,1.0,1.0,0.0067720090293453,1,1,1,0,0.039406386571179154,0.5100107860920271,0.7025722339675827,0.5062946430894018,5.526789197711985,0.0,0.0,0.039376211608530665,0.013125403869510222,0.0333333333333333,0.8734195164958949,0.0222222222222222,0.033333333333333215,1.3581296913019938,2.1813852418796134,1.0906705224112447,0.2,0.0,0.6798021288570597,0
30.0,405.0,0.7012345679012346,0.8098765432098766,0.7689711934156378,3.0,0.7012345679012346,0.7728395061728395,1.5455342942748007,0.0004384362440628,30.0,1.0,20.0,0.0,1280.646596189236,0.0,0.0,0.0,0.0,0.0,0.0,0.0,0.0,0.0,30.0,1.0,1.0,-0.0,0.0,0.0,0.0,26.63159625184942,0.0,0.0,0.0,0.0,1.0,0.0,0.0,0.0,1.0,68425.0,2294.0,0.0335257581293386,8362.0,8362.0,0.1222067957617829,0.0008768724881256,16.293929356552617,1.9912288970331455,48.8401142041399,5.968593861527481,0.0,0.0,0.0,0.0,0.0,0.0,0.0,0.0,0.0,4199.41675829581,0.0049064439583333,1107.6579041291436,1107.6529976851853,1401.0,60.0,1.0,1.0,1.0,0.0,1.0,0.0,0.0,0.0,1.0,1.0,0.0428265524625267,0,1,0,1,0.0009019954864939278,0.4980097515957761,0.7351028806584362,0.46175222125247123,4.760517097735615,0.0,0.0,0.0007802462886206965,0.00026008209620689886,0.0,-0.0,0.0,0.0,1.334444667046168,5.38913693645948,1.0825099859137353,0.6,0.0,0.33363399849549796,0
30.0,1820.0,0.7868131868131868,0.8527472527472527,0.8047252747252747,10.5,0.7868131868131868,0.8291208791208792,1.2078539891899656,0.0001086248099065,30.0,1.0,30.0,0.0,2597.8004920648727,0.0,0.0,0.0,0.0,0.0,0.0,0.0,0.0,0.0,30.0,2.0,0.9666666666666668,0.1461447460085638,0.0,0.0,0.0,15.176976900781684,0.0,0.0,0.0,0.0,0.9666666666666668,0.0333333333333333,0.0,0.0,1.0,276180.0,4209.0,0.0152400608298935,20874.0,20874.0,0.0755811427330002,0.0604460858860163,105.90215176401398,8.004205648207792,1.458561084969184,0.1102397135478555,0.0,0.0,0.0,0.0,0.0,0.0,0.0,0.0,0.0,2607.8790222047105,0.0708046121180555,266.9413485935995,266.8705439814815,189351.0,16694.0,0.0,0.0,1.0,0.0,0.0,0.0,0.0,0.0,1.0,1.0,0.0881643086120485,0,1,0,0,0.0037331465607847213,0.4688046740016027,0.7957692307692308,0.2574985427503883,8.38698846837008,0.0,0.0,0.00038479290851813395,0.00012826430283937798,0.0,0.2922894920171276,0.0,0.0,1.592566102758627,1332.448787850987,1.2642980512937245,0.2,0.0,0.3345777155202616,0
30.0,3290.0,0.4978723404255319,0.7300911854103344,0.6956838905775076,29.0,0.4978723404255319,0.6501519756838906,2.165631361104191,0.0001848349116181,30.0,1.0,30.0,0.0,0.0116520498263888,0.0,0.0,0.0,0.0,0.0,0.0,0.0,0.0,0.0,30.0,3.0,0.7666666666666667,0.6389665889375297,0.0,0.0,0.0,87.78703515545621,0.0,0.0,0.0,0.0333333333333333,0.7666666666666667,0.2,0.0,0.0333333333333333,0.9666666666666668,162307.0,1632.0,0.0100550191920249,21132.0,21132.0,0.1301977117437941,0.0002772523674271,129.05956303129707,16.80325978532885,0.4635065053745016,0.0603474863781227,0.4841047434012999,0.8466013941945604,0.9965461149479188,1.0267741995829038,0.5158952565987001,0.0007893865325738,0.4847507866590902,0.0,0.0,1257.613122020127,0.0005872979050925,0.0137933164236111,0.0132060185185185,350172.0,45.0,1.0,1.0,1.0,1.0,1.0,0.0,0.0,0.0,1.0,1.0,0.0001285082759329,1,1,1,0,0.9869661073097177,0.9929036987074735,0.5967781155015197,1.0874234068523172,11.679668288556224,0.0,0.0,0.9884821566581233,0.32949405221937444,0.0,1.916899766812589,0.0111111111111111,0.033333333333333215,1.6806262327961123,3.750859245359491,1.3950420265159804,0.8,0.0,0.9956553691032393,0
30.0,613.0,0.8254486133768353,0.8711256117455138,0.8275693311582382,3.0,0.8254486133768353,0.8515497553017944,1.0358370760987732,0.0403768506056527,0.0,0.0,0.0,0.0,0.0,0.0,0.0,0.0,0.0,0.0,0.0,0.0,0.0,0.0,5.0,4.0,0.4,1.3321790402101223,0.0,1.0,1.0,0.8630213338074623,0.0,0.2,0.4,0.0,0.2,0.2,0.2,0.4,0.4,743.0,68.0,0.0915208613728129,279.0,279.0,0.3755047106325707,0.0067294751009421,0.4027716279893626,0.151242643619155,0.462352209085252,0.1736154324828873,0.0,0.0,0.0,0.0,0.0,0.0,0.0,0.0,0.0,1844.717821018426,6.11519370361111,205.76133953694443,199.64614583333332,1607.0,5.0,1.0,1.0,1.0,1.0,0.0,0.0,0.0,0.0,1.0,1.0,0.0031113876789047,0,1,0,0,0.004983898374158902,0.0726904027844611,0.8265089722675367,0.18080679794872545,4.760517097735615,0.0,0.0,1.0,0.3333333333333333,0.6000000000000001,5.328716160840489,0.4000000000000001,0.6,0.8791245593456616,0.756196153790207,0.7491910441564174,0.8,0.0,0.33499463279138625,0
30.0,3697.0,0.1449824181769002,0.4176359210170408,0.3857992967270758,79.0,0.1449824181769002,0.3018663781444414,3.13876379207763,0.0021659085986571,30.0,1.0,1.0,0.0,0.010530684849537,0.0,0.0,0.0,0.0,0.0,0.0,0.0,0.0,0.0,30.0,7.0,0.5333333333333333,1.4694044962459365,1.0,1.0,1.0,14.398880087104336,0.0666666666666666,0.1666666666666666,0.5333333333333333,0.0666666666666666,0.0333333333333333,0.0666666666666666,0.2333333333333333,0.6,0.1,13851.0,974.0,0.0703198325030683,5996.0,5996.0,0.432892931918273,0.0343657497653599,3.593358669867968,1.5555395700330903,0.1225546147108008,0.0530530264822728,0.4361968949019477,0.7721811931753886,0.9361134145504398,1.2791604116556217,0.5638031050980523,0.0006094065660079,0.0386996358401555,0.0,0.4361968949019477,3854.61104002132,0.2894312250231481,0.2895006694675926,6.944444444444444e-05,113019.0,476.0,1.0,0.0,1.0,0.0,1.0,0.0,0.0,0.0,1.0,1.0,0.0042116812217414,1,1,1,0,0.9999305603777515,0.7755148578071036,0.265390857451988,2.683698227416118,15.047823393183215,0.0,0.0,0.9895790548397796,0.3298596849465932,0.7666666666666666,10.285831473721556,0.5333333333333333,0.9,1.1548451671466244,49.915139509767464,1.0534626893283519,0.4,0.0,0.9999768534592505,1
30.0,7299.0,0.613645704891081,0.7320180846691328,0.6892770699182535,72.5,0.613645704891081,0.6792711330319222,1.9125014740152957,0.0023324521847302,0.0,0.0,0.0,0.0,0.0,0.0,0.0,0.0,0.0,0.0,0.0,0.0,0.0,0.0,30.0,5.0,0.5,1.1872242927050425,1.0,1.0,1.0,3.602762117623511,0.0333333333333333,0.3333333333333333,0.5,0.0666666666666666,0.0666666666666666,0.0,0.3666666666666666,0.5666666666666667,0.0666666666666666,12862.0,677.0,0.0526356709687451,5363.0,5363.0,0.4169647022236044,0.0076970922096097,3.5093726191704353,1.4632845091440712,0.1293027183529033,0.0539146694547209,0.4294408248013174,0.6715114197751844,0.8747837948849355,1.3803291199611416,0.5705591751986824,0.0375245409291827,0.0876916641858817,0.0,0.2420705949738669,3665.0425575804743,0.0865737841782407,0.0867358212152777,0.000162037037037,99472.0,99.0,1.0,1.0,1.0,0.0,0.0,0.0,0.0,0.0,1.0,1.0,0.0009952549461154,1,1,1,0,0.9998379892147107,0.9202554510200922,0.6514613874046673,0.7389031588879482,14.756823098976081,0.0,0.0,1.0,0.3333333333333333,0.8666666666666666,5.936121463525213,0.6,0.9333333333333333,1.1529118986918863,10.462782334182595,1.0463406783596239,0.6,0.0,0.9999459964049034,0
30.0,988.0,0.3623481781376518,0.8633603238866396,0.8006072874493926,4.0,0.3623481781376518,0.7732793522267206,1.8804515513036923,0.0012373685295937,1.0,1.0,1.0,0.0,2756.103954964236,30.0,1.0,0.0,1.0,0.0,1.0,5.0,22.0,0.0074705296741049,30.0,6.0,0.5666666666666667,1.2525186780353696,0.0,0.0,1.0,2.125375856156661,0.0,0.1333333333333333,0.0,0.0333333333333333,0.5666666666666667,0.2,0.1333333333333333,0.0333333333333333,0.7666666666666667,24245.0,270.0,0.0111363167663435,4004.0,4004.0,0.1651474530831099,0.0078779129717467,6.037433064955803,0.9970666938372048,1.3851911100954122,0.228760783865623,0.8188959809216525,0.968343036169367,0.993570409857146,0.5729663486830331,0.1811040190783474,0.0,0.0252273736877791,0.0,0.0,4015.7795106721064,0.0069875239583333,16.251397246180556,16.244409722222223,17503.0,191.0,1.0,1.0,1.0,0.0,0.0,0.0,0.0,0.0,1.0,1.0,0.0109124150145689,1,1,1,0,0.05798980748592036,0.5255136409822817,0.5814777327935222,1.1990733576126782,5.526789197711985,1.0,0.025653703311602816,0.00036269941806128656,0.41283799056883014,0.1333333333333333,7.515112068212218,0.09999999999999998,0.23333333333333328,1.2166084939167665,18.918370522514007,0.9996160975043906,0.6,0.0,0.6859966024953068,0
30.0,153.0,0.5751633986928104,0.8235294117647058,0.7527233115468408,1.0,0.5751633986928104,0.7908496732026143,1.7441027875981725,0.0038865137971239,30.0,1.0,30.0,0.0,477.5518843080324,0.0,0.0,0.0,0.0,0.0,0.0,0.0,0.0,0.0,29.0,2.0,0.5517241379310345,0.6877868229921127,0.0,0.0,0.0,1.497787034003878,0.0,0.0,0.0,0.0,0.5517241379310345,0.4482758620689655,0.0,0.0,1.0,7719.0,2.0,0.0002591009198082,1745.0,1745.0,0.2260655525327115,0.0,3.836494999027259,0.8672993617440816,6.170263788968825,1.3948840927258193,0.8657247378730268,0.9713100587625304,0.99229461919576,0.4807848677950723,0.1342752621269731,0.0,0.0209845604332296,0.0,0.0,2011.9927177180325,0.307497810625,477.552648273588,477.24515046296295,1251.0,0.0,1.0,0.0,1.0,0.0,0.0,0.0,1.0,0.0,1.0,1.0,0.0,0,1,0,1,0.0020909778155240146,0.3834546352761856,0.6639433551198256,0.7409587006136028,2.3802585488678076,0.0,0.0,0.002089637577012076,0.0006965458590040253,0.0,1.3755736459842254,0.0,0.0,1.1766190008909336,0.0,0.981231062389236,0.4,1.0,0.334030325938508,0
30.0,2052.0,0.2046783625730994,0.7675438596491229,0.7300194931773878,11.5,0.2046783625730994,0.567738791423002,2.337882708363908,0.0005223204958562,0.0,0.0,0.0,0.0,0.0,30.0,0.7,0.1,1.0,0.0,0.7666666666666667,7.0,13.0,0.0050374108147706,30.0,5.0,0.6,1.1525513921747048,0.0,1.0,1.0,1.602853474951704,0.0,0.0666666666666666,0.1,0.0,0.6,0.2,0.0666666666666666,0.1,0.8,57436.0,2452.0,0.0426909951946514,12306.0,12306.0,0.2142558674002367,0.0004700884462706,9.644290918572237,2.0663459162189204,2.5318933215781354,0.5424729997795901,0.840946706388613,1.0,1.0,0.4380966846728333,0.1590532936113869,0.0,0.1590532936113869,0.0,0.0,5955.4404241760885,0.1481788057175926,1.713572324236111,1.5653935185185186,22685.0,27.0,1.0,0.0,1.0,1.0,0.0,1.0,0.0,0.0,1.0,1.0,0.0011902137976636,1,1,1,0,0.3898037446424543,0.6197311978073292,0.4673489278752436,1.8593687037280202,8.673319846556165,0.5366666666666666,0.017298404281657336,1.0,0.5657510368628366,0.1666666666666666,5.762756960873524,0.11111111111111106,0.19999999999999996,1.2606931058746744,2.463853450519949,1.0834668897920825,0.8,0.0,0.7966012482141515,1
30.0,2525.0,0.3873267326732673,0.8598019801980198,0.7749570957095708,15.5,0.3873267326732673,0.6895049504950495,2.04936538707853,0.0012059331913012,16.0,1.0,13.0,1.0,73.0222298490625,30.0,0.9666666666666668,0.0333333333333333,1.0,0.0,1.0,3.0,17.0,0.0063987426916304,30.0,3.0,0.8,0.6277052571971504,0.0,0.0,1.0,4.718921930242973,0.0,0.0666666666666666,0.0,0.0,0.8,0.1333333333333333,0.0666666666666666,0.0,0.9333333333333332,24877.0,225.0,0.009044498934759,2232.0,2232.0,0.0897214294328094,0.0115367608634481,5.306050731323027,0.4760664562573058,7.109745641611889,0.6378965418691055,0.9827176275875698,0.9905575317425028,0.9967362037448744,0.1083093634815517,0.0172823724124302,0.008929894768045,0.0,1.0,0.0,4688.42106100978,0.2642670282986111,44.45205638015046,44.187789351851855,3499.0,287.0,1.0,1.0,1.0,0.0,0.0,1.0,0.0,0.0,1.0,1.0,0.0820234352672192,0,1,1,0,0.022129872125709965,0.4064866736131015,0.581141914191419,1.2555913876477174,9.626703677593646,0.9666666666666668,0.02197320052785164,0.013509455227694213,0.3947200490206604,0.0666666666666666,1.8831157715914513,0.0444444444444444,0.06666666666666676,1.1973745088900483,28.354810917186185,0.9122025306625109,0.8,0.0,0.3407099573752366,1
30.0,187.0,0.5882352941176471,0.8449197860962567,0.7819964349376114,1.0,0.5882352941176471,0.8128342245989305,1.6323752322142864,0.0146699266503667,0.0,0.0,0.0,0.0,0.0,2.0,0.0,0.0,0.0,0.0,0.0,0.0,0.0,0.0003982205774274,2.0,2.0,0.5,0.6931471805599453,0.0,0.0,0.0,0.0933588269204067,0.0,0.0,0.0,0.0,0.5,0.5,0.0,0.0,1.0,2045.0,100.0,0.0488997555012225,569.0,569.0,0.278239608801956,0.00440097799511,0.4071805404195443,0.113293754278103,2.315968289920725,0.6443941109852774,1.0,1.0,1.0,-0.0,0.0,1.0,0.0,1.0,0.0,5022.3421724740165,18.700991918460648,52.95880441846065,34.2578125,883.0,9.0,1.0,0.0,1.0,0.0,0.0,0.0,0.0,0.0,1.0,1.0,0.0101925254813137,0,1,1,0,0.028362508309328606,0.03464576114163748,0.6851158645276292,0.6721545073823532,2.3802585488678076,0.0,0.00043749001996225213,1.0,0.33468711844578497,0.0,1.3862943611198906,0.0,0.0,0.8945784304754636,1.1805381288844086,0.7446138546204429,0.4,0.0,0.3427875027697762,0
30.0,1083.0,0.3961218836565097,0.8328716528162512,0.7701138811942134,6.0,0.3961218836565097,0.7876269621421976,1.9859243077403352,0.002539790044023,0.0,0.0,0.0,0.0,0.0,0.0,0.0,0.0,0.0,0.0,0.0,0.0,0.0,0.0,28.0,3.0,0.7142857142857143,0.7059182060870963,1.0,0.0,0.0,3.3345371041684473,0.0357142857142857,0.0,0.0,0.0,0.7142857142857143,0.25,0.0357142857142857,0.0,0.9642857142857144,11812.0,132.0,0.0111750761937013,2095.0,2095.0,0.1773620047409414,0.0089739248222146,1.813274357938944,0.3216059752693945,2.2541984732824427,0.3998091603053435,0.3558874480717157,0.4406377718351077,0.4802462283667188,3.4695855967033866,0.6441125519282843,0.0100072321173284,0.0162133979178229,0.0,0.057133726895067,6514.182450166423,0.0063390553125,116.22764692568288,116.22130787037035,5240.0,106.0,1.0,1.0,1.0,1.0,0.0,0.0,0.0,0.0,1.0,1.0,0.0202290076335877,0,1,0,0,0.00853087222935487,0.5011156430563515,0.5831178824253616,1.1992562301589835,6.68223055293373,0.0,0.0,1.0,0.3333333333333333,0.0357142857142857,2.117754618261289,0.023809523809523798,0.03571428571428559,1.06774185273283,11.304308256433407,0.8708435156849847,0.8,0.0,0.336176957409785,0
30.0,166.0,0.4216867469879518,0.8192771084337349,0.7449799196787148,1.0,0.4216867469879518,0.7710843373493976,1.950642961637884,0.009794319294809,0.0,0.0,0.0,0.0,0.0,0.0,0.0,0.0,0.0,0.0,0.0,0.0,0.0,0.0,28.0,5.0,0.5714285714285714,1.1436821007027749,1.0,0.0,1.0,1.1190700320798226,0.0357142857142857,0.1071428571428571,0.0,0.0,0.25,0.5714285714285714,0.1428571428571428,0.0,0.8214285714285714,3063.0,52.0,0.0169768201110022,6386.0,6386.0,2.0848841005550116,0.0365654587006203,1.3354661283822318,2.7842920978938728,0.5716685330347144,1.1918626353116837,0.864253828061249,0.921038736619786,0.9622233955743292,0.5678192457968172,0.135746171938751,0.0689291028656458,0.0668170690731051,0.0,0.0,2293.5811959601733,1.8052237379513891,414.3512422564699,412.5460185185185,5358.0,112.0,1.0,1.0,1.0,1.0,0.0,0.0,0.0,0.0,1.0,1.0,0.020903322135125,0,1,0,1,0.0024181105734795514,0.17944270280643873,0.5833333333333333,1.1280826766098608,2.3802585488678076,0.0,0.0,1.0,0.3333333333333333,0.1428571428571428,5.718410503513875,0.09523809523809519,0.1785714285714286,1.03731035623313,13.952080651432611,1.132228042574732,0.8,0.0,0.33413937019115986,0
2.0,14.0,0.9285714285714286,1.0,0.4285714285714286,7.0,0.9285714285714286,1.0,0.2573186405438316,0.0327868852459016,0.0,0.0,0.0,0.0,0.0,2.0,0.0,0.0,0.0,0.0,0.0,0.0,0.0,0.0004170649481564,16.0,2.0,0.9375,0.2337916587064593,0.0,0.0,0.0,0.8241876171534048,0.0,0.0,0.0,0.0,0.0625,0.9375,0.0,0.0,1.0,61.0,0.0,0.0,2129.0,2129.0,34.90163934426229,0.081967213114754,0.012720480918773,0.4439656373125866,0.0962145110410094,3.358044164037855,0.4992248062015504,0.9674418604651164,1.0,0.8136076375636764,0.5007751937984496,0.0325581395348837,0.0,0.0,0.4992248062015504,4795.416178722511,2.3726833521412036,2327.347949555845,2324.9752662037035,634.0,5.0,1.0,1.0,1.0,1.0,1.0,0.0,1.0,0.0,1.0,1.0,0.0078864353312302,0,1,0,1,0.0004299271856111054,0.14846465352388638,0.6785714285714286,0.01837990289598796,2.2845000312564268,0.0,0.00045819267721734915,1.0,0.33475118150528643,0.0,0.4675833174129186,0.0,0.0,0.48692966271546023,1.2114943523298618,0.9042034546283364,0.8,1.0,0.33347664239520375,0
30.0,2661.0,0.3370913190529876,0.7399473881999249,0.723925842415132,18.0,0.3370913190529876,0.5809845922585494,2.3335626408259458,0.0076433121019108,4.0,1.0,4.0,0.0,2150.5052275089697,30.0,1.0,0.0,1.0,0.0,1.0,7.0,26.0,0.0049997590907422,21.0,5.0,0.238095238095238,1.5648538428609964,1.0,1.0,1.0,0.0713664022837248,0.238095238095238,0.238095238095238,0.238095238095238,0.0,0.1904761904761904,0.0952380952380952,0.4761904761904761,0.238095238095238,0.2857142857142857,3925.0,233.0,0.0593630573248407,1164.0,1164.0,0.2965605095541401,0.0063694267515923,0.6541351477054422,0.1939906527207986,0.2257693413862525,0.0669542709232096,0.9955377406750068,0.9999543687151912,1.0,0.0288569995884875,0.0044622593249932,0.0044166280401843,4.563128480886496e-05,1.0,0.0,6000.289104948218,2.843861892662037,32.33631559636574,29.492453703703703,17385.0,25.0,1.0,1.0,1.0,0.0,1.0,1.0,0.0,0.0,1.0,1.0,0.0014380212827149,0,1,1,0,0.03279499936991089,0.14507617232105166,0.5305085807340598,1.5469389321371545,10.111165778844862,1.0,0.017169108743117004,0.000464790876273077,0.3866169814245212,0.714285714285714,7.824269214304982,0.476190476190476,0.7142857142857143,0.9512040363826121,3.021010630162813,0.8115586909792744,0.8,0.0,0.34426499978997027,1
30.0,1161.0,0.5529715762273901,0.7760551248923342,0.784180304335343,4.5,0.5529715762273901,0.6881998277347114,1.8962495836598576,0.0002149582264513,30.0,1.0,30.0,0.0,56.859703464085655,1.0,0.0,0.0,0.0,0.0,0.0,0.0,0.0,0.0002776247517714,30.0,2.0,0.9333333333333332,0.2449300267946353,0.0,0.0,0.0,20.149410365441273,0.0,0.0,0.0,0.0,0.9333333333333332,0.0666666666666666,0.0,0.0,1.0,139562.0,2180.0,0.0156202977887963,16580.0,16580.0,0.118800246485433,0.0003152720654619,38.7458656067265,4.603018384370569,4.135292897567336,0.4912738155204598,0.9126452350878048,0.9753521463933124,0.9932578361876176,0.3628110246306187,0.0873547649121951,0.0,0.0067421638123824,0.0,0.0,3601.9843100974535,0.0211966715277777,40.19429852337963,40.173101851851854,33749.0,44.0,1.0,0.0,1.0,1.0,0.0,1.0,0.0,0.0,1.0,1.0,0.0013037423331061,0,1,1,0,0.02428770131524649,0.501759252693738,0.6685759402813666,0.8476774624629339,5.854083135617216,0.0,0.00019243481394400059,0.017283185708352522,0.0063565392264892375,0.0,0.4898600535892706,0.0,0.0,1.4464673422870014,3.7142488588409157,1.1863559986325456,0.8,0.0,0.34142923377174883,0
30.0,4950.0,0.8913131313131313,0.927878787878788,0.8916363636363636,12.5,0.8913131313131313,0.9113131313131312,0.6899801368474404,0.0001926670905342,30.0,1.0,30.0,0.0,1897.6315890836113,0.0,0.0,0.0,0.0,0.0,0.0,0.0,0.0,0.0,30.0,6.0,0.6333333333333333,1.1954757391366169,0.0,1.0,1.0,35.81050275624819,0.0,0.0333333333333333,0.1333333333333333,0.1,0.6333333333333333,0.0666666666666666,0.0333333333333333,0.2333333333333333,0.7,155709.0,4446.0,0.0285532628171782,46135.0,46135.0,0.2962898740599451,0.0003917564174196,53.131527741439925,15.742333663123716,0.8631367136181465,0.2557386681744356,0.5817770984249352,1.0,1.0,0.6797119154682651,0.4182229015750648,0.0,0.0,0.0,0.4182229015750648,2930.6328391791203,0.0304549198611111,0.7989271420833334,0.7684722222222222,180399.0,61.0,1.0,1.0,1.0,1.0,0.0,1.0,0.0,0.0,1.0,1.0,0.0003381393466704,1,1,1,0,0.5654598287913296,0.7631660260689878,0.8914747474747474,0.07499178053008547,8.937603077061484,0.0,0.0,0.000526695123872166,0.00017556504129072198,0.1666666666666666,7.172854434819701,0.1444444444444444,0.30000000000000004,1.4975282957899654,5.102147253521327,1.345166800622954,1.0,0.0,0.8551532762637765,0
30.0,3497.0,0.946239633971976,0.9588218472976836,0.923868077399676,5.5,0.946239633971976,0.952816700028596,0.3866453065466638,0.0001627189247533,30.0,1.0,29.0,0.0,1031.0665186139236,0.0,0.0,0.0,0.0,0.0,0.0,0.0,0.0,0.0,30.0,1.0,1.0,-0.0,0.0,0.0,0.0,26.670782528167926,0.0,0.0,0.0,0.0,1.0,0.0,0.0,0.0,1.0,184367.0,5224.0,0.0283347887637158,51010.0,51010.0,0.2766764117222713,0.0010630969750551,61.17891745358381,16.926763354110605,1.5869219049914356,0.4390638583565016,0.0,0.0,0.0,0.0,0.0,0.0,0.0,0.0,0.0,3013.57081272272,0.0314145745717592,632.7904192042014,632.7590046296297,116179.0,196.0,1.0,1.0,1.0,1.0,1.0,0.0,0.0,0.0,1.0,1.0,0.0016870518768452,0,1,0,1,0.0015778868508296818,0.48556002577531954,0.935053855685826,0.0207861932029662,6.427744724807507,0.0,0.0,0.0009689297947025844,0.0003229765982341948,0.0,-0.0,0.0,0.0,1.5134022119073467,16.16536303316999,1.353022090686349,0.8,0.0,0.3338592956169432,0
28.0,374.0,0.5721925133689839,0.9358288770053476,0.8634453781512603,1.0,0.5721925133689839,0.9224598930481284,1.2030697600312914,0.0004312004312004,0.0,0.0,0.0,0.0,0.0,0.0,0.0,0.0,0.0,0.0,0.0,0.0,0.0,0.0,29.0,3.0,0.896551724137931,0.3984405075837697,0.0,0.0,1.0,2.9516748068617957,0.0,0.0689655172413793,0.0,0.0,0.896551724137931,0.0344827586206896,0.0689655172413793,0.0,0.9310344827586208,64935.0,2571.0,0.0395934395934395,12898.0,12898.0,0.1986293986293986,0.0018326018326018,19.22615782319272,3.8188801663746776,2.6545253863134657,0.5272667811299158,1.0,1.0,1.0,-0.0,0.0,0.0,0.0,1.0,1.0,3377.4298845922567,0.3803475552199074,368.65443320336806,368.2740856481482,24462.0,119.0,1.0,1.0,1.0,1.0,0.0,0.0,0.0,0.0,1.0,1.0,0.0048646880876461,0,1,0,1,0.0027080156416738658,0.36358022761785547,0.7178189457601221,0.5146822502807664,2.3340316106663854,0.0,0.0,1.0,0.3333333333333333,0.0689655172413793,1.1953215227513092,0.045977011494252866,0.06896551724137923,1.3637571670236588,10.738950379773094,1.1648451149344496,0.8,0.0,0.3342360052138913,0
30.0,10891.0,0.6795519236066477,0.8271967679735561,0.7980197716769197,62.5,0.6795519236066477,0.7729317785327334,1.568054513494283,0.0008330787814834,30.0,1.0,1.0,0.0,1.0042253067824074,21.0,1.0,0.0,1.0,0.0,1.0,1.0,4.0,0.00750373049152,30.0,6.0,0.4333333333333333,1.5555739342787824,0.0,1.0,0.0,534.6534653465346,0.0,0.0,0.4333333333333333,0.1,0.1,0.0,0.0,0.5333333333333333,0.1,36011.0,336.0,0.0093304823526144,9412.0,9412.0,0.2613645830440698,8.330787814834356e-05,12.867468510958494,3.363100542199365,0.0461123183441514,0.0120521268572145,0.2094850185403423,0.4010925224903792,0.5628834182508393,2.0130752883941976,0.7905149814596577,8.372908598435238e-05,0.0,0.0,0.616569820905005,2798.607975458484,0.0308458288541666,0.0374314770023148,0.0065856481481481,780941.0,3.0,1.0,0.0,1.0,0.0,1.0,1.0,0.0,0.0,1.0,1.0,3.841519397752199e-06,1,1,1,0,0.993457438857524,0.9669981253546605,0.7387858476417837,0.5024800525291568,14.254617922163176,1.0,0.023194349507847583,0.49894590025180585,0.5714220765221748,0.4333333333333333,9.333443605672695,0.3222222222222222,0.9,1.321762034473962,0.28594283584078717,1.152723296232087,0.6,0.0,0.9978191462858413,0
30.0,2975.0,0.3899159663865546,0.8084033613445378,0.7483137254901959,20.0,0.3899159663865546,0.7310924369747899,2.102331363448035,0.0013945056477478,0.0,0.0,0.0,0.0,0.0,30.0,0.9333333333333332,0.0333333333333333,0.0,0.0,0.9333333333333332,2.0,15.0,0.0133820901962542,30.0,7.0,0.3666666666666666,1.7279799256942912,1.0,1.0,1.0,8.519225775916754,0.1,0.1333333333333333,0.1333333333333333,0.0666666666666666,0.3666666666666666,0.1666666666666666,0.2333333333333333,0.2,0.5333333333333333,21513.0,278.0,0.0129224190024636,3199.0,3199.0,0.1487007855715149,0.0515967089666713,9.596296879733954,1.426976884593916,0.2379677665564195,0.0353859938276384,0.99985553447429,1.0,1.0,0.0014218871173881,0.00014446552571,0.00014446552571,0.0,1.0,0.0,2241.802256523298,0.0462495788541666,0.7283676344097222,0.6821180555555556,90403.0,1110.0,1.0,1.0,1.0,1.0,0.0,1.0,0.0,0.0,1.0,1.0,0.0122783535944603,1,1,1,0,0.5944885953142739,0.7671877493943773,0.5691148459383752,1.2825987982044316,10.45485109491016,0.0,0.04595392650320304,1.0,0.47553484358516185,0.3666666666666666,12.095859479860039,0.26666666666666666,0.4666666666666667,1.2929695915570105,111.26191983863382,1.046006000378732,1.0,0.0,0.8648295317714246,1
2.0,8.0,0.875,1.0,0.375,4.0,0.875,1.0,0.3767701612564367,0.002219755826859,0.0,0.0,0.0,0.0,0.0,0.0,0.0,0.0,0.0,0.0,0.0,0.0,0.0,0.0,23.0,2.0,0.8695652173913043,0.3872123751863606,0.0,0.0,0.0,0.8540473774530977,0.0,0.0,0.0,0.0,0.8695652173913043,0.1304347826086956,0.0,0.0,1.0,901.0,26.0,0.0288568257491675,119.0,119.0,0.1320754716981132,0.0321864594894561,0.3385242899098729,0.0447107552711152,150.16666666666666,19.833333333333332,0.0,0.0,0.0,0.0,0.0,0.0,0.0,0.0,0.0,2661.5519973567016,2.775944115960648,249.5033862455903,246.7274421296296,6.0,29.0,1.0,1.0,1.0,1.0,0.0,0.0,0.0,0.0,1.0,1.0,4.833333333333333,0,1,0,0,0.004036694487309665,0.1344131949878482,0.625,0.04709627015705459,1.7681482684484517,0.0,0.0,1.0,0.3333333333333333,0.0,0.7744247503727212,0.0,0.0,0.8627178598018671,4.261813789779717,0.606978487609321,0.8,0.0,0.3346788981624365,0
30.0,32674.0,0.1691865091510069,0.5838893309665177,0.6289200383587357,626.0,0.1691865091510069,0.3988186325518761,2.6957220013121503,0.0005358386768356,7.0,1.0,3.0,0.0,136.11498781619213,30.0,0.0,0.0,0.0,0.0,0.0,0.0,0.0,0.011608744987485,30.0,7.0,0.3,1.774528173489869,0.0,1.0,1.0,116.44204851752023,0.0,0.1666666666666666,0.0333333333333333,0.3,0.1333333333333333,0.1,0.1666666666666666,0.3333333333333333,0.2333333333333333,55987.0,405.0,0.0072338221372818,5307.0,5307.0,0.0947898619322342,0.0153428474467287,21.664626853810777,2.0535869882860984,0.1305877111755389,0.0123783911123758,0.6006428850662187,0.9876128817206672,0.9937402651196248,0.7383858661747275,0.3993571149337813,0.0118491340169042,0.0,0.0,0.0,2584.258680095382,0.1281939842708333,0.2702773176041667,0.1420833333333333,428731.0,859.0,1.0,1.0,1.0,0.0,0.0,1.0,0.0,0.0,1.0,1.0,0.0020035873309837,1,1,1,0,0.8755928493250639,0.836801033328476,0.39905327375487126,2.2396422062685817,22.118128005306318,0.0,0.03986428174715457,0.007293148735428822,0.12578854045914478,0.1999999999999999,12.421697214429082,0.23333333333333325,0.7666666666666667,1.3913130262194553,78.57023996791665,1.0914998442466544,0.8,0.0,0.9585309497750213,1
30.0,15335.0,0.2642973589827193,0.5561134659276166,0.5149114226714486,284.0,0.2642973589827193,0.4770133681121617,2.828569244368793,0.0008422471153036,30.0,1.0,30.0,0.0,0.3173010586226851,30.0,0.8,0.2,1.0,0.0,1.0,2.0,6.0,0.0073202932229037,30.0,7.0,0.4,1.5754581050750207,1.0,1.0,1.0,0.341403243725958,0.0333333333333333,0.0666666666666666,0.1333333333333333,0.4,0.2666666666666666,0.0333333333333333,0.1,0.5333333333333333,0.3,35619.0,778.0,0.0218422751902074,4668.0,4668.0,0.1310536511412448,0.0419158314382773,8.691384143553586,1.1390376254838188,0.1011526960136994,0.0132564301353757,0.6757882125300019,0.8528657663107474,0.901453301260158,1.0696864719357555,0.3242117874699981,0.0138150537989133,0.0008158791760614,0.0,0.6757882125300019,4098.196491007072,0.0212710996643518,0.3174979515162037,0.2962268518518518,352131.0,1493.0,1.0,0.0,1.0,0.0,0.0,0.0,0.0,0.0,1.0,1.0,0.0042398993556375,1,1,1,0,0.7714699001732236,0.8690931995128197,0.389604390827084,2.080985863382375,19.410575518533282,0.8,0.025137793260530637,0.7591279104000405,0.5974966099723938,0.2333333333333332,11.028206735525146,0.2888888888888888,0.7,1.2598782196543494,142.45282602698143,1.0156164557633633,0.4,0.0,0.9238233000577413,1
30.0,13342.0,0.2851146754609504,0.7678758806775596,0.7193124469095087,94.5,0.2851146754609504,0.5875430969869585,2.3681231027771124,0.0021659085986571,30.0,1.0,28.0,0.0,38.494819155046294,30.0,0.7666666666666667,0.2333333333333333,1.0,0.0,1.0,3.0,9.0,0.0075237754047332,30.0,7.0,0.3666666666666666,1.7764971200330193,1.0,1.0,1.0,0.9147548689874808,0.1,0.1,0.3666666666666666,0.0,0.1333333333333333,0.1,0.2,0.3666666666666666,0.2333333333333333,13851.0,197.0,0.0142227997978485,3131.0,3131.0,0.2260486607465165,0.0714027868023969,3.4737271043653584,0.7852313597406639,0.3456959592682257,0.0781441086180647,0.9999453606962412,1.0,1.0,0.0005909093046962,5.463930375867186e-05,0.0,0.0,1.0,0.0,3987.3598540005096,0.5022614079166667,1.6380252968055555,1.1357638888888888,40067.0,989.0,1.0,1.0,1.0,1.0,0.0,1.0,0.0,0.0,1.0,1.0,0.0246836548780792,1,1,1,0,0.4682165501544465,0.522367265623976,0.5022135611852295,1.692936452877237,15.655981197501655,0.7666666666666667,0.02583654846927386,0.025319776654103985,0.34394504127713516,0.5666666666666665,12.435479840231135,0.37777777777777777,0.7666666666666667,1.1501315747672518,103.71023734277315,0.9708180272183784,1.0,0.0,0.8227388500514822,1
30.0,5743.0,0.2552672819084102,0.7616228452028556,0.7624644494747228,15.5,0.2552672819084102,0.5801845725230715,2.2554587529823635,0.0009571515170851,30.0,1.0,1.0,0.0,1.5656210191203703,30.0,1.0,0.0,1.0,0.0,1.0,1.0,8.0,0.013784814904657,30.0,8.0,0.2666666666666666,1.94282921907226,0.0,1.0,1.0,84.04669260700389,0.0,0.1,0.1666666666666666,0.1333333333333333,0.2666666666666666,0.0333333333333333,0.1,0.3,0.3,31343.0,150.0,0.0047857575854257,2265.0,2265.0,0.0722649395399291,0.0169734869029767,14.401915118555571,1.0407535253016102,0.5973394827619066,0.0431667016066017,0.8729391273426299,0.9885514026170468,0.9950874720534364,0.4326314067500208,0.1270608726573701,0.0071812083857005,0.0,0.0,0.8759749469586369,2176.3077855055326,0.0420216166435185,0.1575540240509259,0.1155324074074074,52471.0,532.0,1.0,1.0,1.0,0.0,1.0,1.0,0.0,0.0,1.0,1.0,0.0101389338872901,1,1,1,0,0.8964329439106887,0.9117817773278676,0.5088658656915666,1.6797139276520232,9.626703677593646,1.0,0.04733687799878827,0.3897691796829964,0.609737359148283,0.2666666666666666,15.54263375257808,0.2222222222222222,0.7,1.3469124648987285,51.3871728675083,1.0051348261045767,0.8,0.0,0.9654776479702295,1
30.0,23603.0,0.1396432656865652,0.5011227386349193,0.4547882331342059,511.5,0.1396432656865652,0.362369190357158,3.0305034462212332,0.0002153919055721,30.0,1.0,1.0,0.0,0.0086089685532407,30.0,0.9333333333333332,0.0666666666666666,0.0,1.0,0.9333333333333332,1.0,2.0,0.0085739520511895,30.0,6.0,0.4,1.5405748954907177,0.0,1.0,1.0,929.365363929724,0.0,0.1,0.4,0.2666666666666666,0.0,0.0,0.1,0.6666666666666666,0.0,139281.0,1541.0,0.0110639642162247,31023.0,31023.0,0.2227367695522002,0.0278788923112269,39.806287188057865,8.866323816135145,0.0544006693015337,0.0121170293417011,0.5407817786620677,0.8505136510008524,0.9863834422114076,1.037852091101135,0.4592182213379324,0.0005654824981091,0.0076953607511152,0.0,0.1358697912105552,3498.9698822807177,0.0094424659027777,0.0095697807175925,0.0001273148148148,2560281.0,3883.0,1.0,0.0,1.0,0.0,0.0,1.0,0.0,0.0,1.0,1.0,0.0015166304011161,1,1,1,0,0.9998727013921838,0.9905833960642986,0.29721574941038553,2.60731404831651,21.42567880655222,0.0,0.029442841635653916,0.9914645131843419,0.42159717665215735,0.5,9.243449372944307,0.4222222222222222,1.0,1.4513604951375052,327.8382383276306,1.2673417202700492,0.6,0.0,0.9999575671307279,1
30.0,3336.0,0.2775779376498801,0.8447242206235012,0.7822142286171063,15.5,0.2775779376498801,0.7925659472422062,1.9862324981115056,0.001634966483187,11.0,1.0,5.0,0.0,15.08090994784722,30.0,0.9666666666666668,0.0333333333333333,1.0,0.0,1.0,3.0,15.0,0.0084010800153165,30.0,7.0,0.3666666666666666,1.5968694719976018,0.0,1.0,1.0,59.68362154320845,0.0,0.0666666666666666,0.3,0.3666666666666666,0.0,0.0,0.0666666666666666,0.6666666666666666,0.0,18349.0,423.0,0.023053027412938,4016.0,4016.0,0.218867513215979,0.0281759223935909,5.138380573368105,1.124624578050374,0.7199356534703967,0.1575705261505866,0.5062870573295055,0.726207093974764,0.8459586270780387,1.4266643811793367,0.4937129426704944,0.0149116003984219,0.0,0.0,0.5373662305263948,3570.969440180544,0.0729934212847222,0.0731323101736111,0.0001388888888888,25487.0,517.0,1.0,0.0,1.0,0.0,0.0,0.0,0.0,0.0,1.0,1.0,0.020284851100561,1,1,1,0,0.9998611303985557,0.9319118535600938,0.5298960831334932,1.4348981775925445,9.626703677593646,0.9666666666666668,0.028849201276452737,0.0621855357217439,0.432222757289115,0.3666666666666666,11.178086303983212,0.36666666666666653,1.0,1.2000002551574398,52.66168207350378,1.0143180721971137,0.4,0.0,0.9999537101328518,1
30.0,753.0,0.6215139442231076,0.8406374501992032,0.82182381584772,2.0,0.6215139442231076,0.7529880478087649,1.6393312921044774,0.0021088148460565,30.0,1.0,1.0,0.0,270.503430273044,30.0,1.0,0.0,1.0,0.0,1.0,1.0,30.0,0.0268029465810069,16.0,2.0,0.6875,0.6210863745552451,0.0,0.0,0.0,0.6696626448477297,0.0,0.0,0.0,0.0,0.6875,0.3125,0.0,0.0,1.0,14226.0,59.0,0.0041473358639111,472.0,472.0,0.0331786869112891,0.0234078447912273,12.709957268713511,0.4216996928745099,4.024328147100424,0.1335219236209335,0.6271507056617429,0.9554127650156864,0.9897657364512644,0.8306602397359658,0.372849294338257,0.0052965753199328,0.0,0.0,0.9554127650156864,1119.2799234480788,0.1090785406712963,100.18604613326389,100.0769675925926,3535.0,333.0,1.0,1.0,1.0,1.0,1.0,1.0,1.0,0.0,1.0,1.0,0.0942008486562942,0,1,0,0,0.009893450741722537,0.4557660924640102,0.7216688800354139,0.6204640348602604,3.7726205419764307,1.0,0.0920409756016766,0.00368319471689299,0.6193760248350689,0.0,1.2421727491104901,0.0,0.0,1.3618041785694592,34.822084281060846,0.8770858841997669,1.0,1.0,0.33663115024724083,0
30.0,5719.0,0.199860115404791,0.6140933729673019,0.60906335606458,90.0,0.199860115404791,0.5048085329603077,2.7111818490545474,0.0010073875083948,0.0,0.0,0.0,0.0,0.0,30.0,0.7666666666666667,0.2333333333333333,1.0,0.0,1.0,2.0,5.0,0.007762165562224,30.0,6.0,0.5666666666666667,1.3623799069021807,1.0,1.0,1.0,73.31768166775097,0.0666666666666666,0.1,0.0666666666666666,0.0,0.0666666666666666,0.0,0.1666666666666666,0.0666666666666666,0.0666666666666666,29780.0,491.0,0.0164875755540631,7591.0,7591.0,0.2549026192075218,0.0143720617864338,7.705243014767743,1.9640866260947596,1.0821614157491188,0.2758457792797703,0.9842465032528211,0.9972577878540484,1.0,0.0882992308897981,0.0157534967471788,0.0157534967471788,0.0,1.0,0.9842465032528211,3864.90081394103,0.0736032928819444,0.9567630151041666,0.8831597222222223,27519.0,428.0,1.0,1.0,1.0,1.0,0.0,0.0,0.0,0.0,1.0,1.0,0.015552890730041,1,1,1,0,0.5310224025076058,0.7212454179846063,0.40446173573468547,2.169324731819131,15.490233826609042,0.7666666666666667,0.026655177219772466,1.0,0.6713716437937953,0.2333333333333332,8.174279441413084,0.15555555555555547,0.9333333333333333,1.247138702159971,41.54683976351186,1.081673687386451,0.8,0.0,0.843674134169202,1
30.0,168517.0,0.2852175151468398,0.5070170961980097,0.4680214261271365,3621.0,0.2852175151468398,0.4227882053442679,2.8874731634988526,0.0002665529374133,30.0,1.0,2.0,0.0,0.1066142335416666,30.0,0.7333333333333333,0.0,0.0,0.0,0.7333333333333333,1.0,16.0,0.0051705496476592,30.0,6.0,0.4666666666666667,1.30968930610236,0.0,1.0,1.0,92.6508435802116,0.0,0.3333333333333333,0.4666666666666667,0.0,0.0666666666666666,0.0333333333333333,0.3333333333333333,0.4666666666666667,0.1,112548.0,1472.0,0.0130788641290827,14849.0,14849.0,0.1319348189217045,0.1097220741372569,19.397834058158512,2.5592497239364156,0.12603472371533,0.0166283684512291,0.903752567325222,0.970610147369732,0.9785929112757754,0.4360719378387973,0.096247432674778,0.0088110069401566,0.0677353036178077,0.0,0.9103258364852912,5802.091081962071,0.0115564991087962,0.1072740917013889,0.0957175925925925,892992.0,12349.0,1.0,1.0,1.0,0.0,0.0,0.0,0.0,0.0,1.0,1.0,0.0138287912993621,1,1,1,0,0.9126439209886977,0.9458471417848731,0.37661947063698814,2.0639152427525254,28.140775289964317,0.0,0.017755601330216874,0.903657272507283,0.3561626727386094,0.8,7.85813583661416,0.5333333333333333,0.9,1.342109019024716,1061.7184380115993,1.1084009153741896,0.6,0.0,0.9708813069962327,1
30.0,2979.0,0.1205102383350117,0.3927492447129909,0.3309947409645293,79.5,0.1205102383350117,0.2913729439409198,3.2018640379148424,0.0034056079010103,13.0,1.0,2.0,0.0,739.2957797018171,30.0,0.4333333333333333,0.5666666666666667,1.0,0.0,1.0,3.0,9.0,0.0116260163312773,29.0,7.0,0.3793103448275862,1.6090079531813255,1.0,1.0,1.0,165.45166402535656,0.0689655172413793,0.1034482758620689,0.1034482758620689,0.0344827586206896,0.0344827586206896,0.0,0.1724137931034483,0.1379310344827586,0.0344827586206896,8809.0,240.0,0.0272448632080826,2101.0,2101.0,0.2385060733340901,0.165739584515836,3.413785928740752,0.8142086770671267,0.1735250664828129,0.0413867822318526,0.7487787012109502,0.973286431104631,0.9961108864865822,0.6636309711928092,0.2512212987890498,0.002567075717981,0.0,0.0,0.2245077298936807,2580.41956453441,0.0668677751504629,0.2029904603356481,0.1361226851851852,50765.0,1460.0,1.0,0.0,1.0,0.0,1.0,1.0,0.0,0.0,1.0,1.0,0.0287599724219442,1,1,1,0,0.8801866321655241,0.8842925324899225,0.22575248964977052,2.8160066395894217,15.069219021303809,0.4333333333333333,0.039923591320741594,0.001350811428916681,0.26843573551429034,0.27586206896551707,11.263055672269278,0.19540229885057467,0.9655172413793104,1.1561972211378488,160.7284703962041,0.9738002962017105,0.6,0.0,0.9600622107218414,1
30.0,1261.0,0.3965107057890563,0.8675654242664552,0.7950039651070577,6.0,0.3965107057890563,0.7692307692307693,1.925903179014076,0.0028214050597197,30.0,1.0,14.0,0.0666666666666666,4.91288856369213,30.0,1.0,0.0,1.0,0.0,1.0,1.0,18.0,0.0091985061717016,30.0,8.0,0.3,1.7632015710368425,0.0,1.0,1.0,6.513021016553929,0.0,0.1666666666666666,0.2666666666666666,0.1,0.3,0.0333333333333333,0.1666666666666666,0.3666666666666666,0.3333333333333333,10633.0,98.0,0.0092165898617511,940.0,940.0,0.0884040252045518,0.0057368569547634,3.2602572041234517,0.2882198600466514,2.2069323370693232,0.195101701951017,0.9975064343450124,1.0,1.0,0.0174369904082964,0.0024935656549875,0.0024935656549875,0.0,1.0,0.0,3261.3991271134378,0.3108400764004629,2.61156924306713,2.3007291666666667,4818.0,61.0,1.0,0.0,1.0,0.0,1.0,1.0,0.0,0.0,1.0,1.0,0.0126608551266085,1,1,1,0,0.30296336036860544,0.519878757378503,0.595757335448057,1.1622619502218177,6.68223055293373,1.0,0.03158755249400094,0.16912207785217911,0.4874530365656901,0.43333333333333324,14.10561256829474,0.32222222222222213,0.6666666666666667,1.1460087130432495,6.579080982897063,0.84629161533769,0.6,0.0,0.7676544534562018,1
30.0,20749.0,0.2379873728854402,0.6167044194900959,0.6011615017591208,285.0,0.2379873728854402,0.482673863800665,2.703027667510348,0.0003050423500462,30.0,1.0,2.0,0.0,2.6966926387615744,30.0,0.7,0.3,1.0,0.0,1.0,2.0,5.0,0.0069955966474797,30.0,9.0,0.3333333333333333,1.951848439223888,1.0,1.0,1.0,18.476409075680568,0.1333333333333333,0.0666666666666666,0.1,0.0666666666666666,0.3333333333333333,0.1,0.2,0.1666666666666666,0.4333333333333333,98347.0,1307.0,0.0132896783836822,32641.0,32641.0,0.3318962449286709,0.0156385044790385,22.933198116322934,7.611442339012853,0.1326450238053491,0.0440243853094695,0.5823098714053283,0.9971813713890264,0.999788602854177,0.6971842991670477,0.4176901285946717,0.0,0.0028186286109735,0.0,0.0,4288.411912672407,0.024829339074074,0.7809867464814815,0.7561574074074074,741430.0,1538.0,1.0,1.0,1.0,0.0,0.0,1.0,0.0,0.0,1.0,1.0,0.0020743697989021,1,1,1,0,0.5694250388843487,0.7686293561739759,0.4195744373222805,2.059741214082901,19.422603507028146,0.7,0.024022789375184476,0.2705120759877427,0.3978410230474884,0.29999999999999993,17.56663595301499,0.22222222222222218,0.5666666666666667,1.3744712790175706,133.78255172487042,1.2426092266261066,0.8,0.0,0.8564750129614497,1
30.0,1850.0,0.5540540540540541,0.8735135135135135,0.840072072072072,5.0,0.5540540540540541,0.78,1.6835724079831589,0.0027932960893854,8.0,1.0,2.0,0.0,37.32420953853009,30.0,0.5,0.5,1.0,0.0,1.0,1.0,5.0,0.0125656265099548,30.0,6.0,0.7666666666666667,0.9048988587084812,1.0,1.0,1.0,11.71361300789494,0.0333333333333333,0.0666666666666666,0.0666666666666666,0.0333333333333333,0.7666666666666667,0.0333333333333333,0.1,0.1,0.8,10740.0,122.0,0.0113594040968342,1090.0,1090.0,0.1014897579143389,0.0157355679702048,4.49849429056385,0.456551096528361,0.6071226681741096,0.0616167326172979,0.718685179992251,0.9282894046780646,0.9691266784970428,0.8337667487378704,0.2813148200077489,0.0032606671390254,0.0027544155201976,0.0,0.718685179992251,2387.4655175343405,0.2364434602662037,1.9307490158217593,1.6943055555555555,17690.0,169.0,1.0,1.0,1.0,1.0,1.0,0.0,0.0,0.0,1.0,1.0,0.0095534200113058,1,1,1,0,0.3711531522243415,0.5749905074582501,0.697063063063063,0.7507822900465438,6.152879090844238,0.5,0.04315020065152413,0.026093167009605976,0.30888994747508747,0.1666666666666665,5.429393152250887,0.12222222222222216,0.19999999999999996,1.1932166476310007,18.207629186496526,0.8992167836975749,0.8,0.0,0.7903843840747805,1
30.0,39818.0,0.120071324526596,0.3919332964990707,0.3397090093257655,937.0,0.120071324526596,0.2705058013963534,3.1988804992273785,0.0023320895522388,0.0,0.0,0.0,0.0,0.0,30.0,0.9333333333333332,0.0666666666666666,1.0,0.0,1.0,2.0,19.0,0.015608548508968,30.0,4.0,0.5666666666666667,1.1493692870187884,0.0,1.0,1.0,589.6269335759782,0.0,0.5666666666666667,0.1,0.0,0.0,0.0,0.5666666666666667,0.1,0.0,12864.0,163.0,0.0126710199004975,2547.0,2547.0,0.1979944029850746,0.2184390547263681,6.6929456006455075,1.325165768411389,0.021138459869955,0.0041852967419757,0.98414586738885,0.9965054618911968,0.9990843054586336,0.0932472185761897,0.01585413261115,0.0004963215895452,2.0871814643022796e-05,1.0,0.9965054618911968,1922.0236898493636,0.0434352197337962,0.0435046641782407,6.944444444444444e-05,608559.0,2810.0,1.0,1.0,1.0,1.0,0.0,0.0,0.0,0.0,1.0,1.0,0.0046174651923642,1,1,1,0,0.9999305603777515,0.9583409745686986,0.22989016692618075,2.8147866806828485,23.50134975558325,0.9333333333333332,0.05359955586038182,1.0,0.8103048697041287,0.6666666666666666,4.5974771480751535,0.4444444444444444,1.0,1.251262638870104,296.96904329828635,1.0371440904179392,0.8,0.0,0.9999768534592505,1
30.0,18031.0,0.1426986855970273,0.4399645055737341,0.4552881149132048,395.5,0.1426986855970273,0.3278243025899839,3.0496038726909727,0.0004546556741028,30.0,1.0,1.0,0.0,0.7107899884606481,30.0,0.1,0.1,0.0,0.0,0.1333333333333333,1.0,2.0,0.0052259863554138,30.0,7.0,0.4333333333333333,1.6343595735990168,1.0,1.0,1.0,0.0360786775739338,0.1,0.1666666666666666,0.4333333333333333,0.1333333333333333,0.0666666666666666,0.0,0.2666666666666666,0.5666666666666667,0.0666666666666666,65984.0,2118.0,0.0320986905916585,26989.0,26989.0,0.4090233996120271,0.0307953443258971,11.494382789187634,4.701471524875501,0.3616156080451581,0.1479092453554009,0.925887382278072,0.9793305339136212,0.9897798273163756,0.3375697355487759,0.0741126177219279,0.0055649979489657,0.0012536459879431,0.0,0.0134174481733042,5740.543116504259,0.0291465968518518,0.100743819074074,0.0715972222222222,182470.0,2032.0,1.0,1.0,1.0,1.0,0.0,1.0,0.0,0.0,1.0,1.0,0.0111360771633693,1,1,1,0,0.9331864428747328,0.9400777328758317,0.29899340025511606,2.6144294084663664,20.544432973631064,0.0,0.017945970275304955,0.5845252817382863,0.25037442710586616,0.6999999999999998,11.440517015193118,0.5111111111111111,0.9333333333333333,1.2820727709847697,183.10953785647877,1.1787922261687047,1.0,0.0,0.9777288142915777,1
30.0,5603.0,0.2853828306264501,0.6111011957879707,0.5652150633589148,80.5,0.2853828306264501,0.4904515438158129,2.7293239217436556,0.0013156740636786,30.0,1.0,30.0,0.0,1672.2002658810763,30.0,0.6333333333333333,0.3666666666666666,1.0,0.0,1.0,1.0,3.0,0.0099751277196066,30.0,6.0,0.3,1.615182949059759,0.0,1.0,1.0,47.23892837616184,0.0,0.2333333333333333,0.2,0.3,0.0666666666666666,0.0333333333333333,0.2333333333333333,0.5,0.1,22802.0,183.0,0.0080256117884396,7167.0,7167.0,0.3143145338128234,0.1822647136216121,7.581762075415705,2.383058012214032,0.123081739618588,0.0386863796090878,0.8108734279830373,0.9474872402410596,0.9766940629439722,0.669159979322829,0.1891265720169626,0.0109348800834761,0.0002774910092555,0.0,0.8108734279830373,3007.4802891791205,0.0726039939351851,0.1277544568981481,0.0551504629629629,185259.0,4156.0,1.0,1.0,1.0,1.0,1.0,1.0,0.0,0.0,1.0,1.0,0.0224334580236317,1,1,1,0,0.94773213404267,0.9095141876435373,0.42529894699268245,1.9504217352599673,15.111614463546259,0.6333333333333333,0.03425446095223416,0.0005976570888682106,0.3173085864579708,0.43333333333333335,9.691097694358554,0.38888888888888884,0.9,1.2528396240759387,414.165026436438,1.1083534322505422,1.0,0.0,0.9825773780142234,1
30.0,44230.0,0.1558670585575401,0.5767126384806692,0.5805200090436355,609.0,0.1558670585575401,0.3870676011756726,2.8136928891765542,0.0013174073423502,17.0,1.0,17.0,0.9411764705882352,208.965015035625,30.0,0.8333333333333334,0.1666666666666666,0.0,1.0,1.0,1.0,5.0,0.0054007229281816,30.0,6.0,0.4,1.3431672069049003,0.0,1.0,1.0,53.48299768900627,0.0,0.4,0.3666666666666666,0.0,0.1333333333333333,0.0333333333333333,0.4,0.3666666666666666,0.1666666666666666,22772.0,577.0,0.0253381345512032,8326.0,8326.0,0.365624451080274,0.0655629720709643,4.09950875068507,1.4988806366680087,0.0467957873105574,0.0171096840482918,0.9363842514326132,0.9782582158975224,0.9871559537252432,0.3110586047380141,0.0636157485673867,0.0019922017047678,0.0010749922230416,0.0,0.0423420013719681,5554.811901745614,0.0409758196875,0.4456054493171296,0.4046296296296296,486625.0,1493.0,1.0,1.0,1.0,1.0,0.0,0.0,0.0,0.0,1.0,1.0,0.0030680708964808,1,1,1,0,0.7119314436387607,0.8261943941855976,0.36819353380058784,2.375130854856338,22.023735995403353,0.0,0.018546013430345166,0.004762698203938065,0.05897702807101312,0.7666666666666666,8.059003241429401,0.5111111111111111,0.8333333333333334,1.1635842625792234,148.80402274499642,1.0469081561489508,0.8,0.0,0.9039771478795869,1
30.0,2329.0,0.6556462000858738,0.8995276942893946,0.8638757692858163,5.5,0.6556462000858738,0.8574495491627308,1.3746780694280178,0.0010716964955524,30.0,1.0,30.0,0.0,1119.5812953536922,30.0,0.0,1.0,0.0,1.0,1.0,1.0,1.0,0.0085849535657021,30.0,9.0,0.3,1.8753701822050517,1.0,1.0,1.0,23.79793787930259,0.0333333333333333,0.1,0.1,0.3,0.2666666666666666,0.0,0.1333333333333333,0.4,0.2666666666666666,27993.0,174.0,0.0062158396742042,3497.0,3497.0,0.1249240881648983,0.0140035008752188,8.010620172156658,1.0007194206420116,0.8211498973305955,0.1025814021707245,0.987663325214185,0.9970239379653334,1.0,0.0732981863267399,0.012336674785815,0.0,0.0,1.0,0.0,3494.4859945399885,0.3845825029513888,0.2191774103587963,0.1654050925925926,34090.0,392.0,1.0,0.0,1.0,0.0,0.0,1.0,0.0,0.0,1.0,1.0,0.0114989733059548,1,1,1,0,0.8580707312470828,0.7712322724786792,0.7597609846858451,0.4733756168661529,6.427744724807507,0.0,0.029480620695720147,0.0008923939781489635,0.09152337515476829,0.2333333333333333,16.878331639845467,0.25555555555555554,0.7333333333333334,1.2549455524919444,38.28220151652829,1.0000530563489354,0.6,0.0,0.9526902437490277,0
30.0,6099.0,0.2977537301196917,0.6391211674044925,0.6451604088101874,61.5,0.2977537301196917,0.4933595671421544,2.590052762161455,0.0013249712922886,30.0,1.0,8.0,0.0,10.932482068101852,30.0,0.9666666666666668,0.0,0.0,0.0,0.9666666666666668,1.0,9.0,0.0089382212964266,30.0,8.0,0.3333333333333333,1.802489236169977,1.0,1.0,1.0,97.41797271394744,0.1666666666666666,0.3333333333333333,0.1333333333333333,0.1666666666666666,0.1,0.0,0.5,0.3,0.1,22642.0,304.0,0.0134263757618584,1092.0,1092.0,0.0482289550393074,0.0159879869269499,6.745973553123051,0.3253512551899289,0.3830615145158015,0.0184746565608716,0.6509761191959725,0.9232838655524302,0.9505874633647572,0.9536714486084732,0.3490238808040274,0.0125044028897845,0.0,0.0,0.6509761191959725,3356.3724821966784,0.0603872892708333,0.3555840485300925,0.2951967592592592,59108.0,362.0,1.0,0.0,1.0,1.0,0.0,0.0,0.0,0.0,1.0,1.0,0.0061243824862962,1,1,1,0,0.772083463652205,0.8403705392361307,0.4714570694649396,1.818854891021071,14.200109044268151,0.0,0.03069373756278558,0.08380486090762457,0.12291477731638588,0.6333333333333332,14.419913889359815,0.4777777777777777,0.9,1.2350467427846232,36.10034127739369,0.8617439351303873,0.6,0.0,0.9240278212174017,1
30.0,8441.0,0.1656201871816135,0.61142044781424,0.5976977451328831,111.5,0.1656201871816135,0.4328870986849899,2.765896735012338,0.0002208139201095,30.0,1.0,10.0,0.0,0.071358791261574,30.0,0.9,0.1,0.0,1.0,1.0,1.0,2.0,0.0231334128403928,30.0,7.0,0.3333333333333333,1.7462934027564485,0.0,1.0,1.0,398.58526833769025,0.0,0.1,0.3333333333333333,0.1333333333333333,0.2333333333333333,0.0666666666666666,0.1,0.4666666666666667,0.3,135861.0,866.0,0.0063741618271615,22457.0,22457.0,0.1652939401299858,0.0040997784500334,104.764286730287,17.316901738556723,0.2474217229064645,0.040897311452959,0.9931812694638346,0.9980746260310952,0.9991443778607344,0.0469173135082726,0.0068187305361654,0.0060495101752766,0.0007564231163556,1.0,0.0,1296.8255140259027,0.0049700444212962,0.0726783777546296,0.0677083333333333,549107.0,557.0,1.0,0.0,1.0,0.0,0.0,1.0,0.0,0.0,1.0,1.0,0.001014374247642,1,1,1,0,0.9365853658536586,0.9636502082068257,0.3816589661572483,2.3078084000345807,16.218560930509025,0.0,0.07943984368998126,0.933394123571296,0.5569529311669642,0.43333333333333335,12.22405381929514,0.3333333333333333,0.7,1.648631518993965,47.125931793236646,1.3975590382940293,0.6,0.0,0.9788617886178862,1
30.0,1505.0,0.8132890365448505,0.9136212624584718,0.86828349944629,5.0,0.8132890365448505,0.892358803986711,0.9931107176986724,0.0002621300689402,30.0,1.0,30.0,0.0,1.7183857236689817,30.0,0.0,0.0,0.0,0.0,0.0,0.0,0.0,0.0244362982157606,30.0,4.0,0.5333333333333333,1.1860306216828334,0.0,1.0,1.0,82.94930875576036,0.0,0.1666666666666666,0.1,0.0,0.5333333333333333,0.2,0.1666666666666666,0.1,0.7333333333333333,114447.0,348.0,0.0030407087997064,8811.0,8811.0,0.0769876012477391,0.0166539970466678,93.22203406330532,7.176940785968903,1.816215444187006,0.1398260703970546,0.9043764774093526,0.9685084466982724,0.9986950688581748,0.3825261770947052,0.0956235225906474,0.0001452103826993,0.0302336520090739,0.0,0.0,1227.681858068264,0.0104344571527777,1.721545568263889,1.711111111111111,63014.0,1906.0,1.0,0.0,1.0,0.0,0.0,1.0,0.0,0.0,1.0,1.0,0.030247246643603,1,1,1,0,0.3688524590163934,0.6785557840549096,0.8407862679955702,0.1854246589191541,6.152879090844238,0.0,0.0839139353979051,0.3678653810211704,0.3822881432711786,0.2666666666666666,4.744122486731333,0.17777777777777773,0.2666666666666667,1.6371998354453043,163.6349858398768,1.276808766001084,0.6,0.0,0.7896174863387978,0
30.0,2251.0,0.727232341181697,0.8916037316748112,0.8563749444691247,9.0,0.727232341181697,0.8547312305641936,1.279916935046843,0.0009844780625471,0.0,0.0,0.0,0.0,0.0,30.0,0.9666666666666668,0.0333333333333333,0.0,1.0,0.9666666666666668,1.0,2.0,0.0185945708354612,30.0,4.0,0.6666666666666666,0.953271014705891,0.0,1.0,1.0,23.679883062305866,0.0,0.2,0.0666666666666666,0.0,0.6666666666666666,0.0666666666666666,0.2,0.0666666666666666,0.7333333333333333,30473.0,85.0,0.0027893545105503,1073.0,1073.0,0.0352114987037705,0.0121090801693302,18.887745235633687,0.665065816881664,3.4711242738352888,0.1222234878687777,0.9944890330325272,0.999889224678046,0.9999949456126864,0.0347213705577957,0.0055109669674729,0.0001057209346404,5.054387313487843e-06,1.0,0.0,1613.374154399271,0.0303233807523148,2.81795069556713,2.7876273148148147,8779.0,369.0,1.0,0.0,1.0,0.0,0.0,1.0,0.0,0.0,1.0,1.0,0.0420321221095796,1,1,1,0,0.26401752783031984,0.6162448406088804,0.7918036428254108,0.34911994585462536,7.907047746579794,0.0,0.06385351832186645,1.0,0.5309239949197665,0.2666666666666666,3.813084058823564,0.17777777777777773,0.2666666666666667,1.3976146299059562,35.73978251031039,0.9447463350385791,0.6,0.0,0.7546725092767733,0
30.0,2127.0,0.8960977903149977,0.9402914903620122,0.90222535652719,5.0,0.8960977903149977,0.921485660554772,0.6533150552235256,0.001636929120969,0.0,0.0,0.0,0.0,0.0,30.0,0.9666666666666668,0.0333333333333333,1.0,0.0,1.0,2.0,3.0,0.0238346028606429,30.0,7.0,0.4333333333333333,1.6427819582395404,1.0,1.0,1.0,23.32697361316102,0.0666666666666666,0.1333333333333333,0.1333333333333333,0.0,0.4333333333333333,0.1333333333333333,0.2,0.1333333333333333,0.5666666666666667,18327.0,46.0,0.0025099579854858,521.0,521.0,0.0284280024008293,0.0170240628580782,14.560558887566769,0.4139276030131656,0.1796976114837039,0.005108444130682,0.9991907651881672,0.9998767882727202,1.0,0.006915414023961,0.0008092348118327,0.0,0.0001232117272798,1.0,0.0,1258.6742129903123,0.0020139162384259,4.1811805829050925,4.179166666666666,101988.0,312.0,1.0,1.0,1.0,1.0,0.0,1.0,0.0,0.0,1.0,1.0,0.003059183433345,1,1,1,0,0.1930812550281577,0.5954981680676399,0.8991615734210938,0.06788087785820361,6.152879090844238,0.9666666666666668,0.08184772124743278,1.0,0.9088281365447856,0.3333333333333332,11.499473707676783,0.22222222222222218,0.43333333333333335,1.3749310233093883,31.784241316184225,0.8764974482128419,1.0,0.0,0.7310270850093858,0
30.0,787.0,0.3138500635324015,0.9275730622617536,0.8437526471833967,1.0,0.3138500635324015,0.8564167725540025,1.6943777081700857,0.0016755096341803,30.0,1.0,1.0,0.0,577.4161809412732,30.0,1.0,0.0,1.0,0.0,1.0,1.0,1.0,0.0174891586721605,29.0,9.0,0.4137931034482758,1.824939978393922,0.0,1.0,1.0,26.928905368370145,0.0,0.1034482758620689,0.4137931034482758,0.1034482758620689,0.1379310344827586,0.0344827586206896,0.1034482758620689,0.5172413793103449,0.1724137931034483,17905.0,129.0,0.0072046914269757,846.0,846.0,0.0472493716838871,0.0071488411058363,10.438112867501175,0.4931942745549285,2.261017805278444,0.106831670665488,0.9971013492529072,0.9993302360016189,1.0,0.0213996192774925,0.0028986507470927,0.0006697639983812,0.0,1.0,0.0,1715.3483801492014,0.0980329269791666,0.0275120936458333,0.0705208333333333,7919.0,128.0,1.0,1.0,1.0,1.0,0.0,1.0,0.0,0.0,1.0,1.0,0.0161636570274024,1,1,1,0,0.9341247445752652,0.9419720282540085,0.5788013553578991,1.1625971568130193,2.3802585488678076,1.0,0.06005754709740958,0.0017288589651359189,0.5197538891034176,0.5172413793103448,16.424459805545297,0.37931034482758613,0.8275862068965517,1.3147402599948046,13.070705910249565,0.9051040397927115,1.0,0.0,0.9780415815250884,1
30.0,25299.0,0.2104035732637653,0.6448476224356694,0.5968575833036878,340.0,0.2104035732637653,0.5210087355231432,2.6999217576045336,0.0006164721354594,8.0,1.0,7.0,0.875,35.667204977951386,30.0,0.6333333333333333,0.3666666666666666,0.0,1.0,1.0,2.0,6.0,0.0052320583760385,29.0,7.0,0.2758620689655172,1.7416024765561198,1.0,1.0,1.0,421.60524987380114,0.0344827586206896,0.1724137931034483,0.2413793103448276,0.1034482758620689,0.0344827586206896,0.0,0.2068965517241379,0.3448275862068966,0.0344827586206896,48664.0,1113.0,0.0228711162255466,19907.0,19907.0,0.4090703600197271,0.0697024494492848,8.487096293718075,3.4718195363933444,0.1240776530700703,0.0507564902117764,0.9099727021120266,0.9724682639899892,0.9869509536335156,0.3834714892305677,0.0900272978879733,0.0005910162836047,0.0124288194483345,0.0,0.0145119002780713,5733.880978258391,0.0097514065393518,0.0098324250578703,8.101851851851852e-05,392206.0,3392.0,1.0,1.0,1.0,0.0,0.0,0.0,0.0,0.0,1.0,1.0,0.0086485163409024,1,1,1,0,0.99991898804495,0.9903030376495559,0.4036305782837265,2.1318485722719545,20.026609805052733,0.0,0.017966821516435545,0.027272326881782154,0.06468796499657613,0.4482758620689655,12.191217335892839,0.3333333333333333,0.9655172413793104,1.247064482620321,314.286061015705,1.1437842500570656,0.6,0.0,0.9999729960149834,1
30.0,59287.0,0.2831143420986051,0.7152832830131395,0.6872293532590055,535.0,0.2831143420986051,0.629918869229342,2.408798977410025,0.00143314383987,0.0,0.0,0.0,0.0,0.0,30.0,0.0,0.2666666666666666,0.0,0.0,0.0,0.0,0.0,0.0052486779598683,30.0,3.0,0.5,1.0114042647073516,0.0,0.0,0.0,36.22844044391021,0.0,0.0,0.0,0.3333333333333333,0.5,0.1666666666666666,0.0,0.3333333333333333,0.6666666666666666,20933.0,567.0,0.0270864185735441,5639.0,5639.0,0.2693832704342426,0.0,3.662352524464156,0.9865765005232588,0.0281609612906176,0.0075860918510386,0.8294598411564033,0.9051696894804014,0.954197315370223,0.7376484918172171,0.1705401588435967,0.0141736990532394,0.0,0.0,0.8312044862764583,5715.725031871528,0.0022309456018518,0.2481800196759259,0.245949074074074,743334.0,0.0,0.0,0.0,1.0,0.0,0.0,0.0,0.0,0.0,1.0,0.0,0.0,1,1,1,0,0.8026010218300047,0.8994702531149115,0.4851718476788053,1.726833439672793,21.579636300385133,0.0,0.01802389295465094,1.0,0.3891071266476002,0.0,3.0342127941220545,0.1111111111111111,0.33333333333333337,1.1500121003781925,0.0,0.9984179374791686,0.0,0.0,0.9342003406100016,0
30.0,10929.0,0.4300484948302681,0.8978863573977491,0.8538231616189342,25.0,0.4300484948302681,0.8346600786897246,1.602349469679201,0.0008978541286325,30.0,1.0,1.0,0.0,13.574358447071758,30.0,1.0,0.0,1.0,0.0,1.0,1.0,1.0,0.0097824188663402,30.0,6.0,0.3,1.598111309981074,0.0,1.0,1.0,0.2909710079720667,0.0,0.2666666666666666,0.3,0.0666666666666666,0.1333333333333333,0.0,0.2666666666666666,0.3666666666666666,0.1333333333333333,33413.0,148.0,0.004429413701254,1389.0,1389.0,0.0415706461556879,0.0123903869751294,10.89533205270085,0.4529259935115518,0.0749175442884144,0.0031143707244667,0.9725949554621316,0.9925800495495364,0.9987173491534448,0.1450331811106112,0.0274050445378684,0.0012815423078103,0.0,1.0,0.9725949554621316,3066.7261756998264,0.0242196813078703,0.4705159776041666,0.4462962962962963,445997.0,414.0,1.0,0.0,1.0,0.0,0.0,1.0,0.0,0.0,1.0,1.0,0.0009282573649598,1,1,1,0,0.6914212548015365,0.8281932270561903,0.6419358282246012,0.9132614920515824,11.188261822543122,1.0,0.033592701215926335,0.06861365483987512,0.4601550344084931,0.5666666666666667,9.588667859886444,0.3999999999999999,0.8666666666666667,1.2973853684194896,39.74375738953875,0.9013629289615753,0.6,0.0,0.8971404182671788,1
30.0,34370.0,0.3001163805644457,0.5668024439918533,0.5011385898554941,542.5,0.3001163805644457,0.4601105615362234,2.807700656942758,0.0004076474664709,30.0,1.0,12.0,0.0,0.0671826469097222,30.0,0.9666666666666668,0.0,0.0,0.0,0.9666666666666668,2.0,4.0,0.00662503160442,30.0,8.0,0.3666666666666666,1.7590555152408678,0.0,1.0,1.0,971.8785151856018,0.0,0.1,0.3666666666666666,0.1333333333333333,0.0333333333333333,0.0,0.1,0.5,0.0333333333333333,73593.0,1245.0,0.0169173698585463,13838.0,13838.0,0.188034188034188,0.049977579389344,16.251865028802886,3.0559062447321668,0.0449182331050789,0.0084461634898439,0.491318449689398,0.9336829667775104,0.975906144180958,0.9849019292522394,0.5086815503106019,0.0028120390683224,0.0032519743303433,0.0,0.4423645170881124,4528.280284642337,0.0028193645601851,0.0008170497453703,0.0020023148148148,1638377.0,3678.0,1.0,1.0,1.0,0.0,1.0,1.0,0.0,0.0,1.0,1.0,0.0022449045610381,1,1,1,0,0.998001686438035,0.998186089594328,0.4006274852099699,1.9650636980726812,21.627353425798724,0.0,0.022750273758887978,0.9370467210048203,0.3827481858734769,0.46666666666666656,14.072444121926942,0.35555555555555546,0.9666666666666667,1.3311476801909634,328.20768996409925,1.13264853566568,0.8,0.0,0.9993338954793449,1
30.0,2623.0,0.1345787266488753,0.3945863515059092,0.4131274621934171,63.5,0.1345787266488753,0.2706824247045368,3.115884022307707,0.0027619222979193,3.0,1.0,3.0,0.0,393.34596874497686,30.0,0.9,0.1,1.0,0.0,1.0,2.0,5.0,0.0116526948436991,30.0,6.0,0.5333333333333333,1.396733859264827,1.0,1.0,1.0,104.71458005090292,0.1333333333333333,0.0666666666666666,0.0333333333333333,0.1333333333333333,0.0,0.0,0.2,0.1666666666666666,0.0,10862.0,101.0,0.0092984717363284,1031.0,1031.0,0.0949180629718283,0.0170318541705026,4.219052379741989,0.4004642794617926,0.0439579117766086,0.0041723998381222,0.984418427559115,0.992383763195904,0.9985505365316584,0.0948078970851317,0.0155815724408849,0.007616236804096,0.0,1.0,0.0,2574.511767499676,0.1002049996759259,0.1153901848611111,0.0151851851851851,247100.0,185.0,1.0,1.0,1.0,1.0,1.0,1.0,0.0,0.0,1.0,1.0,0.000748684743019,1,1,1,0,0.9850419554906968,0.9027343834132102,0.2738530944211462,2.69655231819996,14.308275063908367,0.9,0.040015204991032755,0.0025358443581470942,0.42466979473701033,0.2333333333333332,8.380403155588962,0.19999999999999993,1.0,1.1832048556978123,19.90720487921421,0.883509618834307,1.0,0.0,0.9950139851635657,1
30.0,23431.0,0.2195382185992915,0.6485852076309163,0.6457214800904783,344.5,0.2195382185992915,0.5326277154197431,2.616416000281665,0.0018532246108228,0.0,0.0,0.0,0.0,0.0,30.0,0.9,0.1,1.0,0.0,1.0,1.0,3.0,0.0081112182825624,22.0,4.0,0.4545454545454545,1.082534885763483,0.0,0.0,1.0,114.29945880938064,0.0,0.0454545454545454,0.0,0.4090909090909091,0.0909090909090909,0.0,0.0454545454545454,0.4090909090909091,0.0909090909090909,16188.0,134.0,0.0082777365950086,1285.0,1285.0,0.0793797874969113,0.0359525574499629,4.376813385270696,0.3474305164364247,0.0151111351740889,0.0011995186989562,0.9689728130674896,0.980435887185185,0.9906312422713068,0.1808525859443228,0.0310271869325105,0.006020143047454,5.360283353071168e-05,1.0,0.9720873059556394,3698.581267853797,0.0065687797222222,0.0575641500925925,0.0509953703703703,1071263.0,582.0,1.0,1.0,1.0,1.0,0.0,0.0,0.0,0.0,1.0,1.0,0.0005432839554805,1,1,1,0,0.9514789771600997,0.969521602480994,0.4326298493448849,2.0420126924651445,20.071629947085142,0.9,0.027853819795105268,1.0,0.7195252116458463,0.0454545454545454,4.330139543053932,0.16666666666666666,0.9090909090909091,1.1796248845025081,60.04898462341817,0.8713581134660239,0.8,0.0,0.9838263257200333,1
30.0,7304.0,0.1221248630887185,0.4282584884994523,0.3944322745527564,176.0,0.1221248630887185,0.2990142387732749,3.1343378617990116,0.0003792811358205,0.0,0.0,0.0,0.0,0.0,30.0,0.3,0.7,0.0,1.0,1.0,1.0,5.0,0.0253919857600425,30.0,7.0,0.4,1.575088139361554,0.0,1.0,1.0,493.8083444465613,0.0,0.4,0.1666666666666666,0.0333333333333333,0.1,0.0333333333333333,0.4,0.2,0.1333333333333333,79097.0,538.0,0.0068017750357156,16443.0,16443.0,0.207883990543257,0.0607355525494013,66.94766325540282,13.917347395079313,0.3961545011068706,0.0823541785617694,0.8846162167249415,0.9464307143458603,0.9838525947732176,0.4889779636608394,0.1153837832750584,0.0103701483917136,0.0,0.0,0.039931808202762,1181.4751426345024,0.0015199493171296,0.0273995789467592,0.0258796296296296,199662.0,4804.0,1.0,1.0,1.0,0.0,0.0,1.0,0.0,0.0,1.0,1.0,0.0240606625196582,1,1,1,0,0.9747732298388917,0.9859067470509442,0.25827856882073746,2.7515572795530208,17.77483195015774,0.0,0.08719575419645499,1.0,0.6031550630046567,0.5666666666666667,11.025616975530877,0.3888888888888889,0.8666666666666667,1.593853516339037,425.9453237808485,1.3718806203218126,0.8,0.0,0.991591076612964,1
30.0,3651.0,0.5579293344289236,0.8033415502602027,0.799205697069296,18.0,0.5579293344289236,0.7052862229526157,1.846673283763696,0.0028910089621277,18.0,1.0,1.0,0.0,19.033590710057872,30.0,0.5666666666666667,0.2333333333333333,0.0,0.0,0.7,3.0,11.0,0.0077079703114136,30.0,6.0,0.3666666666666666,1.5431406775449723,0.0,1.0,1.0,1.2854649718234212,0.0,0.1,0.2666666666666666,0.1666666666666666,0.3666666666666666,0.0666666666666666,0.1,0.4333333333333333,0.4333333333333333,10377.0,136.0,0.0131059072949792,847.0,847.0,0.0816228196974077,0.0153223474992772,2.6661869307179793,0.2176216951255785,0.1446332250825818,0.0118053716531701,0.99783204341161,0.9994582631521052,1.0,0.0166826269449249,0.0021679565883899,0.0,0.0,1.0,0.0,3892.075188062685,1.1609403775,3.503116303425926,2.342175925925926,71747.0,159.0,1.0,1.0,1.0,0.0,0.0,1.0,0.0,0.0,1.0,1.0,0.0022161205346565,1,1,1,0,0.29920627225000346,0.34241496616641875,0.6785675157491098,0.8163600876457424,10.111165778844862,0.0,0.02646907142194569,0.049916164030342776,0.09854558366351157,0.3666666666666666,9.258844065269834,0.3,0.5666666666666667,1.1185686329840303,17.193941295430147,0.8156172901014114,0.8,0.0,0.7664020907500011,1
30.0,20109.0,0.330150678800537,0.7717439952260182,0.7421138130521987,154.0,0.330150678800537,0.6716892933512357,2.2503529299113874,0.0003811459789099,0.0,0.0,0.0,0.0,0.0,30.0,1.0,0.0,1.0,0.0,1.0,1.0,9.0,0.0063759636904797,26.0,8.0,0.3076923076923077,1.811427391082605,0.0,1.0,1.0,71.77684762117775,0.0,0.3076923076923077,0.2307692307692307,0.1153846153846153,0.0769230769230769,0.0384615384615384,0.3076923076923077,0.3461538461538461,0.1153846153846153,78710.0,1337.0,0.0169864057934188,6426.0,6426.0,0.0816414686825054,0.0037479354592809,16.728403402588743,1.3657314225007655,0.2924684995336705,0.0238775578452975,0.5502799955821533,0.8308209468386851,0.9157511379152256,1.246629007770431,0.4497200044178466,0.0259924078723579,0.0024238674015496,0.0,0.9282923966960304,4705.171085613576,0.1530763543171296,0.3316411691319444,0.1785648148148148,269123.0,295.0,1.0,1.0,1.0,0.0,0.0,1.0,0.0,0.0,1.0,1.0,0.0010961530601249,1,1,1,0,0.848489609930471,0.8090991547811457,0.5361322459263679,1.5073973825603655,17.319057318279697,1.0,0.02189497772936918,1.0,0.7344192862350822,0.5384615384615384,14.49141912866084,0.39743589743589736,0.8846153846153847,1.333067080945455,26.167472433858425,1.0368247087139102,0.8,0.0,0.9494965366434903,1
30.0,58121.0,0.1038695136009359,0.3649283391545224,0.3383613495982518,1293.5,0.1038695136009359,0.242408079695807,3.2119996872792607,0.0009329228472805,30.0,1.0,1.0,0.0,0.1776305137384259,30.0,0.5666666666666667,0.4333333333333333,1.0,0.0,1.0,2.0,3.0,0.0066931489108998,30.0,6.0,0.4,1.4533668715299597,1.0,1.0,1.0,5.830392269331732,0.3,0.4,0.1,0.0,0.0333333333333333,0.0,0.7,0.1,0.0333333333333333,32157.0,656.0,0.0203999129272009,4123.0,4123.0,0.1282146966445874,0.257704387847125,7.174386317593538,0.9198617653213346,0.009673611499676,0.0012402991638885,0.912912689722166,0.9462488843991548,0.9759062176393164,0.4388977824519698,0.0870873102778339,0.0080297585964375,0.0010654091309671,0.0,0.9146428360848315,4482.19521167184,0.0803621348032407,0.0008135236921296,0.0795486111111111,3324198.0,8287.0,1.0,1.0,0.0,1.0,0.0,1.0,0.0,0.0,1.0,1.0,0.0024929321297949,1,1,1,0,0.9263130809559037,0.9624013476805857,0.22111543159959385,2.878370842075206,24.60753953930252,0.5666666666666667,0.022984187717743607,0.8491627792706117,0.543066259423831,0.8,8.720201229179757,0.5333333333333333,0.9666666666666667,1.2343040637269875,798.4840436310301,0.9900413483488042,1.0,0.0,0.9754376936519679,1
30.0,20433.0,0.1566583467919542,0.5193559438163755,0.4956704024535472,346.0,0.1566583467919542,0.3644594528458865,2.97068410873954,0.0018180716320223,30.0,1.0,30.0,0.0,0.3383785566666666,30.0,0.7333333333333333,0.2666666666666666,1.0,0.0,1.0,2.0,5.0,0.0074966707076148,30.0,9.0,0.3,1.9108502273004595,1.0,1.0,1.0,112.07679335841225,0.0333333333333333,0.1666666666666666,0.1,0.1333333333333333,0.0333333333333333,0.0,0.2,0.2333333333333333,0.0333333333333333,16501.0,506.0,0.0306648081934428,2085.0,2085.0,0.1263559784255499,0.1015089994545785,4.123418778211748,0.5210186141792312,0.0259712256259079,0.0032816196248723,0.8212060419413056,0.9416917585365884,0.9671991889150112,0.6608322509626082,0.1787939580586944,0.0056170569448894,0.0002246082831112,0.0,0.8212303483347088,4001.77641108066,0.300137932511574,0.3390846917708333,0.0389467592592592,635357.0,1675.0,1.0,1.0,1.0,0.0,0.0,0.0,0.0,0.0,1.0,1.0,0.002636313127895,1,1,1,0,0.9625132289867989,0.7579639583976593,0.3261643746227507,2.5053016474232734,20.08650644921541,0.7333333333333333,0.02574347128618783,0.7471727599182222,0.5731635698158105,0.29999999999999993,17.197652045704135,0.24444444444444444,0.9666666666666667,1.170734745211402,172.48060398178984,0.9213996155820592,0.6,0.0,0.9875044096622663,1
30.0,12493.0,0.3103337869206756,0.6531657728327863,0.6248592545158622,178.5,0.3103337869206756,0.5188505563115344,2.6037831895303154,0.0006311139160618,30.0,1.0,1.0,0.0,0.0145581275,30.0,1.0,0.0,1.0,0.0,1.0,1.0,4.0,0.021810371054253,26.0,6.0,0.2692307692307692,1.704362479788614,0.0,1.0,0.0,20.208162787978015,0.0,0.0,0.1153846153846153,0.2307692307692307,0.1153846153846153,0.0,0.0,0.3461538461538461,0.1153846153846153,47535.0,101.0,0.0021247501840748,2092.0,2092.0,0.0440096770800462,0.041758704112759,34.55853293546394,1.520909874849912,0.3398269945667715,0.0149556762939662,0.9645985777594558,0.99014357003163,0.9985392444703204,0.1796640813546782,0.0354014222405441,0.0010020342986356,0.0004134632917166,1.0,0.9645985777594558,1375.492417044919,0.0145582486226851,0.0145813967708333,2.3148148148148147e-05,139880.0,1985.0,1.0,1.0,1.0,0.0,0.0,1.0,0.0,0.0,1.0,1.0,0.0141907349156419,1,1,1,0,0.9999768523876763,0.9856394087024067,0.4675965207182689,1.7957412920029774,17.82299525306193,1.0,0.07489653512537801,0.9856507704138421,0.8936461666550058,0.1153846153846153,10.226174878731685,0.1538461538461538,0.8846153846153847,1.489929820870702,184.3212261036052,1.0578766639010047,0.8,0.0,0.9999922841292254,1
30.0,29683.0,0.242899976417478,0.5640939258161237,0.5515671147345842,386.0,0.242899976417478,0.4431492773641478,2.8190601218277336,0.0009381743127873,30.0,1.0,1.0,0.0,1139.0043494542017,30.0,0.7333333333333333,0.2333333333333333,0.0,0.0,0.9666666666666668,1.0,5.0,0.0052511919861048,30.0,10.0,0.2666666666666666,2.0549978302404694,1.0,1.0,1.0,56.12576328439652,0.0666666666666666,0.2666666666666666,0.2,0.1,0.0333333333333333,0.0666666666666666,0.3333333333333333,0.3,0.1,31977.0,599.0,0.0187322137786534,12339.0,12339.0,0.385871094849423,0.074084498233105,5.597245537989187,2.1598152638849353,0.1827800260648878,0.0705295287742643,0.6064567322073221,0.946083502592576,0.9837055340723572,0.8804962097256799,0.3935432677926778,0.0055291117064363,0.0002188304184563,0.0,0.3772488018650351,5712.9886088417825,0.0413981936342592,0.155275508449074,0.1138773148148148,174948.0,2369.0,1.0,1.0,1.0,1.0,0.0,0.0,0.0,0.0,1.0,1.0,0.013541166518051,1,1,1,0,0.8977649393696941,0.9129209396914951,0.3972335455760311,2.1343104847163246,20.461154154752606,0.0,0.018032526088578825,0.0008771896357051345,0.05609290454475659,0.5333333333333332,20.549978302404696,0.38888888888888884,0.9,1.1990505376260683,228.38570230834426,1.0889801498695428,0.8,0.0,0.9659216464565646,1
30.0,6594.0,0.2673642705489839,0.7158022444646649,0.7315640481245576,29.0,0.2673642705489839,0.5611161662117076,2.3647510650382353,0.0022174587922241,0.0,0.0,0.0,0.0,0.0,30.0,0.9666666666666668,0.0333333333333333,1.0,0.0,1.0,1.0,6.0,0.0055097987598127,28.0,7.0,0.25,1.8267694392644045,0.0,1.0,1.0,6.743940990516332,0.0,0.0714285714285714,0.25,0.1428571428571428,0.1071428571428571,0.0714285714285714,0.0714285714285714,0.3928571428571428,0.1785714285714285,13529.0,327.0,0.0241703008352428,1392.0,1392.0,0.1028900879591987,0.0099046492719343,2.4847355807168756,0.2556546624553101,0.6483442756505488,0.0667081995495279,0.997167072897366,0.9992994293853762,1.0,0.0210327034555181,0.002832927102634,0.0,0.0021323564880102,1.0,0.0,5444.8449584508335,1.343037154537037,3.919460765648149,2.576423611111111,20867.0,134.0,1.0,0.0,1.0,1.0,0.0,1.0,0.0,0.0,1.0,1.0,0.006421622657785,1,1,1,0,0.2796089358355744,0.31503539359302996,0.4994641593367707,1.7325011215043549,11.679668288556224,0.9666666666666668,0.01892057844048494,1.0,0.7141040852201015,0.3214285714285714,12.787386074850831,0.26190476190476186,0.8214285714285715,1.1057648409480547,14.08648406242842,0.8414960086063246,0.8,0.0,0.7598696452785249,1
30.0,30171.0,0.1220708627489973,0.4061847469424282,0.3849181885475012,770.0,0.1220708627489973,0.2932948858175069,3.154814103347233,0.0012357884330202,30.0,1.0,14.0,0.0,22.02992010537037,30.0,0.8666666666666667,0.1333333333333333,1.0,0.0,1.0,1.0,3.0,0.0079084240349394,27.0,6.0,0.3333333333333333,1.497784839857926,0.0,1.0,1.0,698.6522911051213,0.0,0.2222222222222222,0.037037037037037,0.074074074074074,0.0,0.037037037037037,0.2222222222222222,0.1111111111111111,0.037037037037037,24276.0,309.0,0.0127286208601087,3751.0,3751.0,0.1545147470753007,0.0407810182896688,6.39949672907302,0.9888166185019318,0.0474571632439618,0.007332831575552,0.8797091359105568,0.9813330790642284,0.9895358688955253,0.4487587990329951,0.1202908640894431,0.013039279649112,0.0025466780419521,0.0,0.9813330790642284,3793.423299847048,0.0723276248263889,0.0369456803819444,0.0353819444444444,511535.0,990.0,1.0,1.0,1.0,0.0,0.0,1.0,0.0,0.0,1.0,1.0,0.0019353514422278,1,1,1,0,0.9658271571816628,0.94846074201463,0.25349452564824926,2.769703223938932,22.828076814221145,0.8666666666666667,0.027157426943624687,0.043421774605584024,0.38739974857011367,0.2592592592592592,8.986709039147556,0.19753086419753085,0.962962962962963,1.22516798152498,98.04616105907365,0.9986037925833674,0.8,0.0,0.9886090523938876,1
30.0,22056.0,0.095620239390642,0.3956746463547334,0.4326774271551201,638.0,0.095620239390642,0.2670475154153064,3.091664239545149,0.0019441384226556,30.0,1.0,30.0,0.0,470.0344914787384,30.0,0.2666666666666666,0.0,1.0,0.0,0.2666666666666666,1.0,2.0,0.0102484854388867,30.0,4.0,0.8,0.7026832764796582,1.0,0.0,1.0,126.19893860460589,0.0333333333333333,0.1,0.0,0.8,0.0,0.0,0.1333333333333333,0.8,0.0,15431.0,156.0,0.0101095197978096,2112.0,2112.0,0.1368673449549608,0.1708897673514354,5.271479293582068,0.72149337489763,0.0107510999480942,0.001471474505241,0.8033063915923007,0.9785984069153132,0.9873160529907354,0.6025643924044966,0.1966936084076993,0.001786551935178,0.0059266748222963,0.0,0.0,2927.261806434954,0.0241906942129629,0.0242601386574074,6.944444444444444e-05,1435295.0,2637.0,1.0,1.0,1.0,0.0,0.0,1.0,0.0,0.0,1.0,1.0,0.0018372529689018,1,1,1,0,0.9999305603777515,0.9763475745698376,0.264148833272881,2.7960385648443546,22.183229238529055,0.07111111111111108,0.035193167862489265,0.002122986783538203,0.13331439126443542,0.1333333333333333,2.810733105918633,0.35555555555555557,1.0,1.208166819333217,273.4286301553535,0.9590803037762936,0.8,0.0,0.9999768534592505,1
30.0,27845.0,0.6216196803734961,0.8173101095349254,0.791413180104148,172.5,0.6216196803734961,0.755683246543365,1.7220141579838093,0.0008643540394145,0.0,0.0,0.0,0.0,0.0,30.0,1.0,0.0,1.0,0.0,1.0,2.0,25.0,0.0061559713980378,30.0,8.0,0.3333333333333333,1.804796618471375,1.0,1.0,1.0,0.927423062707324,0.0333333333333333,0.2,0.3333333333333333,0.1666666666666666,0.1,0.0666666666666666,0.2333333333333333,0.5,0.1666666666666666,34708.0,927.0,0.0267085398179094,11881.0,11881.0,0.3423130114094733,0.0030252391379509,7.1220485094366115,2.4379698726695973,0.3455148178750261,0.1182742177933959,0.9929678247920216,0.9989975204807316,0.9994240880479364,0.0458620801100784,0.0070321752079783,0.0004265675672049,0.0003519258656668,1.0,0.0,4873.316989245775,0.1780887828124999,0.5798480420717593,0.4017592592592592,100453.0,105.0,1.0,0.0,1.0,0.0,0.0,1.0,0.0,0.0,1.0,1.0,0.0010452649497775,1,1,1,0,0.7133892595283705,0.7409023647067985,0.706516430238822,0.6515762674992787,17.706247900347602,1.0,0.021139527012038344,1.0,0.7320815919160172,0.5666666666666667,14.438372947771,0.4333333333333333,0.8333333333333334,1.2311384442180004,10.043277631788428,1.104904118694006,0.6,0.0,0.9044630865094568,1
30.0,16410.0,0.1153564899451553,0.3301645338208409,0.248832013000203,453.0,0.1153564899451553,0.2293723339427178,3.2811149195667997,0.008303349017437,30.0,1.0,13.0,0.0,0.0776831232986111,30.0,0.0666666666666666,0.3,0.0,1.0,0.0666666666666666,1.0,2.0,0.0079586727777673,30.0,5.0,0.5666666666666667,1.156824870434741,0.0,1.0,1.0,392.54884143571104,0.0,0.1333333333333333,0.2333333333333333,0.5666666666666667,0.0,0.0,0.1333333333333333,0.8,0.0,3613.0,524.0,0.1450318295045668,1425.0,1425.0,0.394409078328259,0.2338776639911431,0.9584894915357782,0.3780369569439479,0.0040194330074103,0.0015853008678548,0.767701116028972,0.896680601091035,0.9423650733600808,0.889890300076262,0.232298883971028,0.0061031835566107,0.0046720449911787,0.0,0.9128046234063748,3769.472729557789,0.1739101133449074,0.0028800207523148,0.1710300925925925,898883.0,845.0,1.0,0.0,1.0,0.0,1.0,1.0,0.0,0.0,1.0,1.0,0.000940055602342,1,1,1,0,0.8539490200341976,0.9244911140302408,0.18209425147267916,2.902617019338893,21.009467493870417,0.0,0.027329980483537165,0.9279165446510512,0.3938764056788609,0.3666666666666666,5.784124352173706,0.4333333333333333,1.0,0.9948209795174507,103.14223147329486,0.8818984620435677,0.6,0.0,0.9513163400113992,1
30.0,1269.0,0.2687155240346729,0.5634357762017337,0.5772786971368531,15.5,0.2687155240346729,0.438140267927502,2.7560003489499914,0.0007490262658543,30.0,1.0,2.0,0.0,0.3970491436226852,29.0,0.9655172413793104,0.0,0.0,0.0,0.9655172413793104,1.0,13.0,0.008568375880426,30.0,8.0,0.3333333333333333,1.8594288151492289,0.0,1.0,1.0,47.636550760861574,0.0,0.1333333333333333,0.3333333333333333,0.1,0.1,0.0333333333333333,0.1333333333333333,0.4333333333333333,0.1333333333333333,40052.0,491.0,0.0122590632178168,4381.0,4381.0,0.1093828023569359,0.0073903924897633,11.833813474580152,1.2944156804188467,0.1452864957413775,0.0158918440488109,0.6042851176255026,0.8192149453377123,0.9556331520591802,1.124980431273707,0.3957148823744973,0.0045787736292083,0.0,0.0,0.6171687577880819,3384.5387275009257,0.060301575,0.3972228712962963,0.3369212962962963,275676.0,296.0,1.0,1.0,1.0,1.0,1.0,1.0,0.0,0.0,1.0,1.0,0.0010737242269911,1,1,1,0,0.7479871872565147,0.8294166675038273,0.422997110585763,2.015420270942153,9.626703677593646,0.0,0.02914273760960208,0.7157944332630289,0.32877849714167057,0.4666666666666666,14.875430521193831,0.3444444444444444,0.8666666666666667,1.3039527349959517,27.92990650297392,1.0317065330613109,1.0,0.0,0.9159957290855049,1
30.0,54727.0,0.1638861987684324,0.4561916421510406,0.4162326944043464,1118.5,0.1638861987684324,0.3376761013759204,3.083598145726406,0.0005134876078323,30.0,1.0,28.0,1.0,52.359548934363424,30.0,0.5333333333333333,0.4666666666666667,1.0,0.0,1.0,2.0,3.0,0.0045391863938589,30.0,8.0,0.3333333333333333,1.767009191074569,1.0,1.0,1.0,0.0194811262159319,0.1,0.3333333333333333,0.2666666666666666,0.0666666666666666,0.0333333333333333,0.0333333333333333,0.4333333333333333,0.3333333333333333,0.0666666666666666,58424.0,2306.0,0.0394700807887169,22218.0,22218.0,0.3802889223606737,0.0264617280569628,8.839914195827182,3.3617214432919407,0.2091770973562856,0.0795477329361556,0.972431583526328,0.984872225479988,0.9957371578053,0.1575277957859009,0.027568416473672,0.0001443131805351,0.0122974917364845,1.0,0.0,6609.113924056945,0.0812272976851851,0.3053592421296296,0.2241319444444444,279304.0,1546.0,1.0,0.0,1.0,0.0,0.0,1.0,0.0,0.0,1.0,1.0,0.0055351874659868,1,1,1,0,0.816905403488867,0.845473774874615,0.2900594465863894,2.5782389670939185,24.108779122686677,0.5333333333333333,0.015587507995284536,0.01874078810580054,0.2322592617678947,0.6999999999999998,14.136073528596553,0.48888888888888876,0.9333333333333333,1.2477110074268372,140.85919714494898,1.1378041940289463,0.6,0.0,0.9389684678296223,1
30.0,1926.0,0.3935617860851506,0.8956386292834891,0.814987885081343,7.5,0.3935617860851506,0.8691588785046729,1.726224842926742,0.0004682013265704,0.0,0.0,0.0,0.0,0.0,30.0,0.4333333333333333,0.5666666666666667,1.0,0.0,1.0,1.0,6.0,0.008021383039047,30.0,4.0,0.8333333333333334,0.6089396320718438,1.0,0.0,1.0,19.561673609853287,0.1,0.0333333333333333,0.0,0.0,0.8333333333333334,0.0333333333333333,0.1333333333333333,0.0,0.8666666666666667,64075.0,449.0,0.0070074131876706,3460.0,3460.0,0.0539992196644557,0.0052594615684744,17.13233727423125,0.9251328438367556,4.380298058517911,0.2365326770576975,0.960213417321354,0.987822352576764,0.997146768898354,0.1984005577135733,0.0397865826786459,0.0304621663570559,0.0,1.0,0.960213417321354,3740.00342001228,0.015838993761574,14.11977417894676,14.103935185185184,14628.0,337.0,1.0,0.0,1.0,1.0,0.0,0.0,0.0,0.0,1.0,1.0,0.0230380092972381,1,1,1,0,0.06620791123235606,0.5252732611322448,0.6042748355832468,1.046848710559935,7.348959822197811,0.4333333333333333,0.027545326718361574,1.0,0.5630150438350763,0.1333333333333333,2.435758528287375,0.08888888888888886,0.1333333333333333,1.345243561466114,30.448619775259218,0.9905117289936942,0.6,0.0,0.6887359704107854,0
30.0,3708.0,0.3875404530744336,0.8918554476806904,0.8280834232290541,8.0,0.3875404530744336,0.7535059331175836,1.8574655183547837,0.0026768983670919,0.0,0.0,0.0,0.0,0.0,30.0,1.0,0.0,1.0,0.0,1.0,1.0,13.0,0.0100156194628638,30.0,8.0,0.2666666666666666,1.7777389580164913,1.0,1.0,1.0,5.116341500003948,0.2,0.2666666666666666,0.1,0.0666666666666666,0.2666666666666666,0.0333333333333333,0.4666666666666667,0.1666666666666666,0.3,11207.0,71.0,0.006335326135451,1265.0,1265.0,0.1128758811457125,0.0239136254126885,3.741501577343855,0.4223252873507608,0.2646968516025414,0.0298778903611327,0.9734495928972894,0.9957924452793953,1.0,0.1341445248751672,0.0265504071027106,0.0,0.0042075547206047,1.0,0.0,2995.3214686534607,0.2237487460532407,0.3066769867939815,0.0829282407407407,42339.0,268.0,1.0,1.0,1.0,0.0,0.0,1.0,0.0,0.0,1.0,1.0,0.0063298613571411,1,1,1,0,0.923422219847165,0.7912306415564712,0.6078119381517438,1.1376224898014333,7.545241083952861,1.0,0.03439350908046668,1.0,0.7730951985955202,0.5666666666666667,14.22191166413193,0.39999999999999997,0.7,1.1647508579029355,28.741847845749305,0.8923415793558724,0.8,0.0,0.9744740732823883,1
30.0,5152.0,0.4190605590062112,0.8156055900621118,0.7913561076604554,23.0,0.4190605590062112,0.7203027950310559,2.023862413797885,0.0002824034415566,4.0,1.0,2.0,0.0,2146.619156201227,30.0,0.4,0.5333333333333333,1.0,0.0,0.9333333333333332,2.0,3.0,0.0120551171051257,30.0,6.0,0.6666666666666666,1.1381102628552096,1.0,1.0,1.0,91.6613621896881,0.1,0.1,0.0333333333333333,0.0333333333333333,0.6666666666666666,0.0,0.2,0.0666666666666666,0.6666666666666666,106231.0,547.0,0.0051491560843821,3576.0,3576.0,0.0336624902335476,0.0131882407206935,42.687571506487195,1.436969958930992,1.0253858553488866,0.0345170413412997,0.834017164424965,0.8996760888036339,0.9333399056867288,0.7314890325195149,0.1659828355750349,0.0172563265167446,0.001058538782037,0.0,0.8410434557879737,2488.5697697770947,0.0103832030208333,0.0113322770949074,0.000949074074074,103601.0,1401.0,1.0,1.0,1.0,0.0,0.0,1.0,0.0,0.0,1.0,1.0,0.0135230354919354,1,1,1,0,0.9990518258134641,0.9892591021924553,0.6052083333333333,1.1757414993200834,10.913396188579853,0.3733333333333333,0.04139711788757167,0.0004656319055045262,0.252700410153836,0.2333333333333333,6.828661577131257,0.16666666666666663,0.33333333333333337,1.4799214626116433,121.05365242499684,1.0462916371853472,0.8,0.0,0.9996839419378213,1
30.0,1232.0,0.3693181818181818,0.8035714285714286,0.7514069264069263,8.0,0.3693181818181818,0.7248376623376623,2.1274783617212685,0.0024366471734892,30.0,1.0,10.0,0.6666666666666666,54.44006494803241,30.0,0.9666666666666668,0.0333333333333333,1.0,0.0,1.0,2.0,14.0,0.0104106752053711,30.0,8.0,0.4,1.7254141436400363,0.0,1.0,1.0,8.483951845717765,0.0,0.0333333333333333,0.2,0.0333333333333333,0.4,0.1333333333333333,0.0333333333333333,0.2333333333333333,0.5333333333333333,12312.0,102.0,0.0082846003898635,1171.0,1171.0,0.0951104613385315,0.0048732943469785,4.272541104284303,0.4063633555163189,1.5985458322513633,0.1520384315762139,0.9981496469043591,1.0,1.0,0.0134917627188722,0.0018503530956407,0.0018503530956407,0.0,1.0,0.0,2881.657472477951,0.1220442372106481,1.300481737210648,1.1784375,7702.0,60.0,1.0,0.0,1.0,0.0,1.0,1.0,0.0,0.0,1.0,1.0,0.0077901843676967,1,1,1,0,0.4590446133983646,0.6629610103210829,0.5603625541125541,1.3417619213128453,7.545241083952861,0.9666666666666668,0.03575012544529513,0.018037496906566853,0.43886121639729164,0.2333333333333333,13.80331314912029,0.16666666666666663,0.4666666666666667,1.1822053381556454,6.370501422184926,0.8869877379741531,0.6,0.0,0.8196815377994549,1
30.0,18553.0,0.1994286638279523,0.4597100199428663,0.5095977290285487,342.0,0.1994286638279523,0.3405379183959467,2.931490190285997,0.0013446282102998,30.0,1.0,14.0,0.2666666666666666,0.1346660277083333,30.0,0.0,0.1666666666666666,0.0,0.0,0.0,0.0,0.0,0.0104637790647331,30.0,9.0,0.3333333333333333,1.9169652296395845,1.0,1.0,1.0,402.48447204968943,0.0333333333333333,0.2,0.3333333333333333,0.1,0.1,0.0,0.2333333333333333,0.4333333333333333,0.1,22311.0,193.0,0.0086504414862623,2294.0,2294.0,0.1028192371475953,0.0379633364707991,7.781912490442074,0.8001303058165979,0.1031679606397884,0.0106076510110561,0.7879306013064598,0.989937242134864,0.9944336452687268,0.5737233202867772,0.2120693986935403,0.000905269706565,0.002622661481543,0.0,0.0,2867.0330110592013,0.0168536517939814,0.0159045777199074,0.000949074074074,216259.0,847.0,1.0,0.0,1.0,0.0,0.0,1.0,0.0,0.0,1.0,1.0,0.0039166000027744,1,1,1,0,0.9990518258134641,0.9838850518148117,0.3545131964282505,2.3468670186125107,20.046691658801187,0.0,0.035932483418853016,0.8813165949981633,0.40496298871933883,0.5666666666666667,17.25268706675626,0.41111111111111115,0.9,1.257626109439416,84.59104732058873,0.9719605926712962,0.6,0.0,0.9996839419378213,1
30.0,11271.0,0.2225179664626031,0.7563658947741992,0.7385768787152869,62.5,0.2225179664626031,0.5617070357554786,2.349041538628166,0.0006537371976465,30.0,1.0,1.0,0.0,7.353665933923612,30.0,0.4666666666666667,0.5333333333333333,0.0,1.0,1.0,1.0,3.0,0.0119455979355102,30.0,7.0,0.2333333333333333,1.878211001018208,1.0,1.0,1.0,63.55433503334641,0.2333333333333333,0.2,0.0666666666666666,0.0,0.1333333333333333,0.1,0.4333333333333333,0.0666666666666666,0.2333333333333333,45890.0,255.0,0.0055567661799956,2187.0,2187.0,0.0476574417084332,0.0563085639572891,18.272782975352207,0.8708340894986987,0.2726241185311923,0.0129925680372132,0.9895436671299574,0.9985099500372926,0.9994085458367964,0.0638891261477828,0.0104563328700425,0.0013255902601407,0.0,1.0,0.0,2511.385379025475,0.0997887476967592,6.306629025474537,6.206840277777777,168327.0,2584.0,1.0,1.0,1.0,0.0,1.0,1.0,0.0,0.0,1.0,1.0,0.0153510726146132,1,1,1,0,0.13875706432449883,0.5230637751185905,0.480547422588945,1.826337592316442,14.254617922163176,0.0,0.04102103046046621,0.11970792319322644,0.16683961745440176,0.4999999999999999,13.147477007127456,0.33333333333333326,0.7666666666666667,1.3709918584896312,240.72984445791818,0.9822920062264845,0.8,0.0,0.7129190214414995,1
30.0,7938.0,0.925422020660116,0.9486016628873772,0.9152431342907532,19.5,0.925422020660116,0.9405391786344168,0.5033473807950731,0.0011474469305794,30.0,1.0,1.0,0.0,0.0408386699884259,30.0,0.0,0.0,0.0,0.0,0.0,0.0,0.0,0.0099338397656436,30.0,6.0,0.5,1.449348942438267,1.0,1.0,1.0,43.36115897418739,0.1,0.1666666666666666,0.1,0.0,0.5,0.1,0.2666666666666666,0.1,0.6,26145.0,109.0,0.0041690571811053,1434.0,1434.0,0.0548479632816982,0.0660164467393383,8.657341355758478,0.4748375407977684,0.08306645316253,0.0045560257729993,0.9890152367608734,0.9941112787047964,0.9982539742599664,0.0743670309250601,0.0109847632391265,0.0041820647220169,0.0,1.0,0.9890152367608734,3019.980260075787,0.0247045202314814,15.168153594305554,15.143449074074072,314748.0,1726.0,1.0,1.0,1.0,0.0,1.0,1.0,0.0,0.0,1.0,1.0,0.0054837520810299,1,1,1,0,0.06194463125020614,0.5188705302748611,0.9203325774754346,0.037538630565719676,10.372100411128246,0.0,0.03411267864662585,0.9607636887771664,0.42581408289290895,0.3666666666666666,8.696093654629603,0.24444444444444438,0.4,1.2692629627527663,169.6906287984349,0.9070653390281896,0.8,0.0,0.6873148770834021,0
30.0,26470.0,0.1184737438609746,0.4056290139780884,0.3702178566931116,645.0,0.1184737438609746,0.3038911975821685,3.1619066892048884,0.0034940600978336,0.0,0.0,0.0,0.0,0.0,30.0,0.1666666666666666,0.8,0.0,0.0,0.9333333333333332,1.0,6.0,0.007987485431624,30.0,6.0,0.2333333333333333,1.693968588379993,0.0,1.0,1.0,117.5350292477214,0.0,0.1666666666666666,0.2,0.2333333333333333,0.0,0.0,0.1666666666666666,0.4333333333333333,0.0,8586.0,258.0,0.0300489168413696,4555.0,4555.0,0.5305147915210808,0.4627300256231074,2.2860183305307973,1.212766538034915,0.0084964894832935,0.0045075133468905,0.6468349418641008,0.8412159754241244,0.9305701127959756,1.141373571095319,0.3531650581358991,0.0065945826890462,0.0036315190827444,0.0,0.7363197239634125,3755.8753948400818,0.0632420623032407,0.137825395636574,0.0745833333333333,1010535.0,3973.0,1.0,1.0,1.0,0.0,0.0,0.0,0.0,0.0,1.0,1.0,0.0039315807963108,1,1,1,0,0.9305932531989144,0.9096945343426092,0.24434580027704308,2.787303765995726,22.22064269877829,0.0,0.027428922768208328,1.0,0.41821039475153715,0.3666666666666666,10.163811530279958,0.32222222222222213,1.0,1.1003929713298448,438.61756826867656,1.0233965561207998,0.6,0.0,0.9768644177329714,1
30.0,16814.0,0.0793386463661234,0.3316878791483287,0.2999643154514093,436.0,0.0793386463661234,0.2177946948971095,3.2577208783136573,0.0007070469007777,24.0,1.0,11.0,0.0,3158.05623330441,30.0,0.0,0.0,0.0,0.0,0.0,0.0,0.0,0.0086228436288262,30.0,6.0,0.3333333333333333,1.5359601308879207,0.0,1.0,1.0,0.2156199877399406,0.0,0.0333333333333333,0.2,0.1333333333333333,0.0,0.0,0.0333333333333333,0.3333333333333333,0.0,42430.0,479.0,0.0112891821824181,7525.0,7525.0,0.177350930945086,0.083950035352345,12.195575172369962,2.162896610230591,0.0578246589530779,0.0102552570969104,0.764264380140798,0.938133970030208,0.9596557155683176,0.7851387111795598,0.235735619859202,0.0044280961325294,0.0001046411177156,0.0,0.1961161702805738,3479.130701028866,0.0214533436805555,0.0094626029398148,0.0119907407407407,733770.0,3562.0,1.0,1.0,1.0,0.0,0.0,0.0,0.0,0.0,1.0,1.0,0.0048543821633481,1,1,1,0,0.9881513335468228,0.9848116672023538,0.18965148090876632,2.9992577135895933,20.87841279608275,0.0,0.029610734687665435,0.0003165502372061254,0.09173405673477723,0.2333333333333333,9.215760785327525,0.19999999999999996,1.0,1.3066201836302915,334.28323743746273,1.0945427231446687,0.6,0.0,0.9960504445156076,1
30.0,11563.0,0.1453774971893107,0.5342904090633919,0.4992966069935713,218.5,0.1453774971893107,0.3759404998702759,2.9615567465469477,0.0004693807303564,0.0,0.0,0.0,0.0,0.0,30.0,0.6333333333333333,0.3666666666666666,1.0,0.0,1.0,1.0,8.0,0.0061093840688984,30.0,7.0,0.3666666666666666,1.741613910448716,0.0,1.0,1.0,0.4993320085880482,0.0,0.1,0.0666666666666666,0.2,0.3666666666666666,0.1,0.1,0.2666666666666666,0.4666666666666667,63914.0,1098.0,0.0171793347310448,10375.0,10375.0,0.162327502581594,0.0119222705510529,13.015839112652412,2.1128286571606973,0.2280134708962997,0.0370128572855573,0.8739641451039901,0.9874347187151524,0.9922054023528012,0.4426623511356222,0.1260358548960098,0.0031685568977357,0.0016589205927421,0.0,0.8739641451039901,4910.47864417191,0.0705075978356481,0.2434242645023148,0.1729166666666666,280308.0,762.0,1.0,1.0,1.0,1.0,0.0,1.0,0.0,0.0,1.0,1.0,0.0027184382893103,1,1,1,0,0.852575488454707,0.8691835103496278,0.32233705209144103,2.5310130389498346,18.513834581329714,0.6333333333333333,0.020979546719882506,1.0,0.6093643208288518,0.1666666666666666,12.191297373141012,0.17777777777777773,0.5333333333333333,1.3018724877351204,68.8638677430393,1.087971508212393,1.0,0.0,0.9508584961515689,1
30.0,21756.0,0.2205828277256848,0.4730189373046516,0.4428632714346998,544.0,0.2205828277256848,0.3909726052583195,2.9963825792992984,0.0006624271330153,0.0,0.0,0.0,0.0,0.0,30.0,0.0333333333333333,0.6,1.0,0.0,0.0333333333333333,1.0,1.0,0.0074253867708044,30.0,6.0,0.2333333333333333,1.6839825670037945,1.0,1.0,1.0,344.040350411468,0.0666666666666666,0.2333333333333333,0.2333333333333333,0.0666666666666666,0.0,0.0,0.3,0.3,0.0,45288.0,776.0,0.0171347818406641,17000.0,17000.0,0.3753753753753753,0.0378025083907436,11.209363869206328,4.207719170122496,0.0768885991361747,0.0288620867628283,0.9079080704041036,0.9780768751978384,0.985166267202247,0.3999445982821054,0.0920919295958964,0.0064194557132628,0.0028967857758927,0.0,0.0027138674418312,4040.1935852090737,0.0223699312962962,0.0227171535185185,0.0003472222222222,589008.0,1712.0,1.0,1.0,1.0,0.0,0.0,1.0,0.0,0.0,1.0,1.0,0.0029065819139977,1,1,1,0,0.9996528982992016,0.9779534927892998,0.3317230495801923,2.335432037009478,21.636817797075356,0.0011111111111111087,0.025498683159295592,1.0,0.4126077611063277,0.5333333333333332,10.103895402022767,0.37777777777777777,1.0,1.2909584220553854,159.68928558179834,1.1729757665031542,0.8,0.0,0.9998842994330671,1
30.0,2116.0,0.2098298676748582,0.5789224952741021,0.5421865154379331,32.0,0.2098298676748582,0.4201323251417769,2.8417316782913393,0.0007098743522396,30.0,1.0,2.0,0.0333333333333333,4.518226644733796,30.0,1.0,0.0,1.0,0.0,1.0,1.0,4.0,0.0130765955813305,30.0,7.0,0.5,1.5327493463612984,1.0,1.0,0.0,17.915028026789603,0.1,0.0,0.0333333333333333,0.0333333333333333,0.5,0.1,0.1,0.0666666666666666,0.6,42261.0,355.0,0.0084001798348359,4817.0,4817.0,0.1139821584912803,0.030595584581529,18.42100019542041,2.099665363842316,0.1712344308392962,0.0195176700350888,0.7409249766103728,0.9113303259106648,0.9915966159573472,0.7749650986702251,0.2590750233896272,0.0042195303752278,0.0,0.0,0.1745455355777246,2294.175101787396,0.0202522503587962,0.8235392873958334,0.8032870370370371,246802.0,1293.0,1.0,1.0,1.0,0.0,1.0,1.0,0.0,0.0,1.0,1.0,0.0052390175120136,1,1,1,0,0.554542887217273,0.76426694427282,0.37600819155639564,2.2454514962680148,12.006962226461454,1.0,0.04490486190451594,0.18121763827049928,0.5326944591605738,0.1333333333333333,10.72924542452909,0.09999999999999998,0.4,1.3763591666668327,121.38971659932123,1.095763556407655,0.8,0.0,0.851514295739091,1
30.0,64018.0,0.4254740854134775,0.8416695304445625,0.7775281951951012,392.5,0.4254740854134775,0.7931987878409198,1.867045904676686,0.0009662769349695,0.0,0.0,0.0,0.0,0.0,30.0,0.4666666666666667,0.2333333333333333,0.0,0.0,0.7,2.0,3.0,0.0050204054628317,29.0,6.0,0.3448275862068966,1.500264845360913,1.0,1.0,1.0,83.55063523291874,0.0344827586206896,0.3448275862068966,0.3103448275862069,0.0,0.0344827586206896,0.0,0.3793103448275862,0.3103448275862069,0.0344827586206896,31047.0,1043.0,0.0335942281057751,9819.0,9819.0,0.3162624408155377,0.0158147325023351,5.195617613484592,1.6431787079848363,0.0950239954947234,0.0300525207512058,0.9811985633728204,0.9967585609540268,0.9983536588654892,0.1060685588921221,0.0188014366271795,0.000324436317449,0.0021133216197855,1.0,0.0,5975.612970224374,0.3084910577083333,0.6665003169675926,0.3580092592592592,326728.0,491.0,1.0,1.0,0.0,0.0,0.0,1.0,0.0,0.0,1.0,1.0,0.0015027790700521,1,1,1,0,0.7363720042273209,0.6821494851203418,0.6015011403042894,1.0726662559593942,20.518351932783954,0.0,0.01724000812069139,1.0,0.3866814447584849,0.689655172413793,9.001589072165478,0.4597701149425288,0.9655172413793104,1.1894612926182704,47.47039051143625,1.057085160518412,0.8,0.0,0.912124001409107,1
30.0,969.0,0.4272445820433436,0.8059855521155831,0.7553835569315444,7.0,0.4272445820433436,0.7275541795665634,2.0385104545688657,0.0005169383464865,30.0,1.0,22.0,0.0,2.690567933368055,30.0,0.5666666666666667,0.4333333333333333,1.0,0.0,1.0,2.0,2.0,0.0115659101303778,30.0,2.0,0.9333333333333332,0.2449300267946353,0.0,0.0,0.0,13.767973526396585,0.0,0.0,0.0,0.0,0.9333333333333332,0.0666666666666666,0.0,0.0,1.0,58034.0,178.0,0.0030671675224868,2053.0,2053.0,0.0353758141778957,8.61563910810904e-05,22.37386761687829,0.7914937832555248,7.356318925085562,0.2602357713271644,0.9788424070466044,1.0,1.0,0.1025107007966136,0.0211575929533955,0.0,0.0,1.0,0.0,2593.829595841655,0.2676513972106482,2.6930449157291667,2.4253935185185185,7889.0,5.0,1.0,1.0,1.0,1.0,1.0,1.0,0.0,0.0,1.0,1.0,0.0006337938902268,1,1,1,0,0.29193726052021596,0.529819838768118,0.5913140694874439,1.1675679074156042,7.140775646603422,0.5666666666666667,0.039717187395942495,0.2709610060171385,0.40211154097042817,0.0,0.4898600535892706,0.0,0.0,1.395226905536359,0.45583831324754504,0.9702204112857313,1.0,0.0,0.763979086840072,1
30.0,5797.0,0.5685699499741246,0.8688977057098499,0.8294807659134034,21.0,0.5685699499741246,0.8069691219596343,1.6774210994392038,0.0029726516052318,0.0,0.0,0.0,0.0,0.0,30.0,0.5666666666666667,0.4333333333333333,1.0,0.0,1.0,1.0,4.0,0.0150845941426619,29.0,7.0,0.4482758620689655,1.6258088601863634,1.0,1.0,1.0,44.56380613606047,0.1379310344827586,0.4482758620689655,0.1379310344827586,0.0689655172413793,0.0689655172413793,0.0344827586206896,0.5862068965517241,0.2068965517241379,0.1034482758620689,10092.0,46.0,0.0045580657946888,777.0,777.0,0.0769916765755053,0.0361672611969877,5.074457469591496,0.3906909882949457,0.731039478449837,0.0562839550887359,0.96772264481416,0.9883668793393844,0.994186852373772,0.1750126779590028,0.0322773551858401,0.0313039469760291,0.0,1.0,0.96772264481416,1988.784034531088,0.1031433273842592,0.3607127718287037,0.2575694444444444,13805.0,365.0,1.0,1.0,1.0,0.0,0.0,1.0,0.0,0.0,1.0,1.0,0.0264396957624049,1,1,1,0,0.7951847147827047,0.8207047371006685,0.699025357943764,0.7236898688455147,10.614600233352832,0.5666666666666667,0.051800303270752544,1.0,0.6825149744876966,0.7241379310344827,11.380662021304543,0.5057471264367815,0.896551724137931,1.2136983823684289,39.589581235736084,0.876313560089859,0.8,0.0,0.9317282382609017,1
30.0,13538.0,0.0603486482493721,0.2833505687693898,0.2241443837100505,391.0,0.0603486482493721,0.1739547939134288,3.3229918433938077,0.0019306261664199,30.0,1.0,1.0,0.0,0.0374815896064814,30.0,0.0,0.9666666666666668,0.0,1.0,0.0,0.0,0.0,0.0070279727686539,30.0,6.0,0.2666666666666666,1.6561811609831871,0.0,1.0,1.0,57.05606550881595,0.0,0.1,0.2666666666666666,0.2,0.0,0.0333333333333333,0.1,0.4666666666666667,0.0333333333333333,15539.0,959.0,0.0617156831198918,9214.0,9214.0,0.5929596499131218,0.0084947551322478,3.6402556284037697,2.1585247030125707,0.0255285941940889,0.0151374262761011,0.913422734517688,0.9405156363438918,0.9591771280890676,0.4540147478033462,0.0865772654823121,0.0048733975913287,0.0029165313563564,0.0,0.9575343654749192,4268.656266430995,0.0556645791435185,0.0430372643287037,0.0126273148148148,608690.0,132.0,0.0,1.0,1.0,0.0,1.0,0.0,0.0,0.0,1.0,1.0,0.0002168591565493,1,1,1,0,0.9875301459578699,0.9530045493768355,0.1422465159797113,3.122453777501302,20.505236752470882,0.0,0.02413396856102754,0.9638725255638528,0.3959718765102538,0.3666666666666666,9.937086965899123,0.31111111111111106,0.9666666666666667,1.1545123890537854,13.677094497216265,1.091998682572384,0.4,0.0,0.9958433819859566,1
30.0,60621.0,0.4055855231685389,0.6975965424522855,0.6883593694154391,674.0,0.4055855231685389,0.6003530129822998,2.359437202774306,0.000784724038713,0.0,0.0,0.0,0.0,0.0,30.0,1.0,0.0,1.0,0.0,1.0,2.0,10.0,0.0104145681792605,30.0,8.0,0.2333333333333333,1.8574952127000863,1.0,1.0,1.0,0.9854651494356008,0.1333333333333333,0.2,0.2333333333333333,0.0333333333333333,0.2333333333333333,0.0333333333333333,0.3333333333333333,0.2666666666666666,0.2666666666666666,38230.0,265.0,0.0069317290086319,3236.0,3236.0,0.0846455663091812,0.0157206382422181,13.27163138310435,1.1233847542695703,0.0865433373175413,0.0073255097975297,0.8823184292695146,0.9465092802109804,0.9751345070373688,0.513655685187848,0.1176815707304853,0.0016709474951255,0.0,0.0,0.9533927976530177,2880.5803066196413,0.066452452974537,0.3383621751967592,0.2719097222222222,441744.0,601.0,1.0,1.0,1.0,0.0,0.0,1.0,0.0,0.0,1.0,1.0,0.0013605164982433,1,1,1,0,0.78621932243182,0.8424351084184922,0.5469724462919889,1.4024836305037751,22.371440021353266,1.0,0.03576349386781872,1.0,0.7773345296082884,0.5666666666666667,14.85996170160069,0.38888888888888884,0.7333333333333334,1.3244812628023972,56.959255354392845,1.0145562040169098,0.8,0.0,0.9287397741439399,1
30.0,1213.0,0.5490519373454246,0.9010717230008244,0.8472382522671063,4.0,0.5490519373454246,0.8557295960428689,1.5655049007432575,0.0009750706926252,30.0,1.0,1.0,0.0,0.2719288363773148,30.0,1.0,0.0,1.0,0.0,1.0,1.0,29.0,0.0147911890966458,30.0,8.0,0.2333333333333333,1.9046718259619873,0.0,1.0,1.0,30.415752355695325,0.0,0.1666666666666666,0.2,0.1333333333333333,0.2333333333333333,0.0,0.1666666666666666,0.3333333333333333,0.2333333333333333,30767.0,346.0,0.0112458153216108,4778.0,4778.0,0.1552962589787759,0.0162511782104202,15.16935049788344,2.355743383459131,3.5134178371588445,0.5456206463400708,0.999014386498824,0.9999449234820657,0.9999980787261186,0.0080285002967009,0.0009856135011758,0.0009836922272943,0.0,1.0,0.0,2028.234498423102,0.0026118490277777,0.2424382379166667,0.2398263888888888,8757.0,500.0,1.0,0.0,1.0,0.0,0.0,1.0,0.0,0.0,1.0,1.0,0.0570971793993376,1,1,1,0,0.8065645391659899,0.9011319685789575,0.6981450948062654,0.7059614020664154,5.526789197711985,1.0,0.05079275409700189,0.7862075073698166,0.7525774577227237,0.3666666666666666,15.237374607695898,0.2888888888888888,0.7666666666666667,1.3569271572323927,48.382896192238455,1.1124068431710825,0.6,0.0,0.9355215130553299,1
30.0,7534.0,0.3140430050438014,0.6625962304220866,0.7180780461906024,40.5,0.3140430050438014,0.520440668967348,2.3831987555851004,0.0009098905098419,0.0,0.0,0.0,0.0,0.0,30.0,1.0,0.0,1.0,0.0,1.0,2.0,4.0,0.014797424294093,30.0,6.0,0.4,1.6132455324718271,0.0,1.0,1.0,80.15090138841647,0.0,0.1,0.1333333333333333,0.4,0.1666666666666666,0.0,0.1,0.5333333333333333,0.1666666666666666,32971.0,268.0,0.008128355221255,2766.0,2766.0,0.0838919050074307,0.0018197810196839,16.262862546684733,1.3643225199153797,0.3961765377359624,0.0332360044699181,0.99381701909347,0.9968079611135312,0.9990766786046306,0.0446032320618024,0.0061829809065298,0.0004778469721462,0.0026666887175333,1.0,0.0,2027.3798603229052,0.0363881006828703,0.2387029154976852,0.2023148148148148,83223.0,60.0,1.0,0.0,1.0,0.0,0.0,1.0,0.0,0.0,1.0,1.0,0.000720954543816,1,1,1,0,0.8317289179822872,0.8860927885822635,0.516060525617202,1.6347718567645073,12.793983556965076,1.0,0.05081416568525301,1.0,0.823907878734279,0.2333333333333333,9.679473194830962,0.28888888888888886,0.8333333333333334,1.3660867640994498,5.767337531753655,1.0407109225547209,0.6,0.0,0.943909639327429,1
30.0,1196.0,0.4331103678929766,0.9523411371237458,0.8696209587513934,2.0,0.4331103678929766,0.8921404682274248,1.5235329950641092,0.0015873015873015,30.0,1.0,30.0,0.0,1985.259230267384,0.0,0.0,0.0,0.0,0.0,0.0,0.0,0.0,0.0,30.0,5.0,0.7333333333333333,0.9321520629245869,1.0,1.0,1.0,9.20029815781067,0.0333333333333333,0.1,0.0666666666666666,0.0,0.7333333333333333,0.0666666666666666,0.1333333333333333,0.0666666666666666,0.8,18900.0,82.0,0.0043386243386243,1179.0,1179.0,0.0623809523809523,0.043015873015873,8.763574632091437,0.5466801318114182,0.8738672091732939,0.054512668762715,0.9552973204970036,0.9903805345597404,0.9999155977207792,0.2063744233370142,0.0447026795029962,0.0,0.0351676163419573,1.0,0.0,2156.6541956301967,0.0700521116782407,91.48097803760416,91.41092592592592,21628.0,813.0,1.0,0.0,1.0,0.0,0.0,1.0,0.0,0.0,1.0,1.0,0.0375901609025337,0,1,0,0,0.010821231255723731,0.47267347977245183,0.651365663322185,0.8636750590748044,3.7726205419764307,0.0,0.0,0.0005034589567975893,0.0001678196522658631,0.1999999999999999,4.660760314622935,0.13333333333333328,0.19999999999999996,1.2826184658071664,82.56346783428253,0.9213297341393047,0.6,0.0,0.33694041041857453,0
30.0,18346.0,0.1276027471928486,0.4527417420691159,0.3828918201969546,405.0,0.1276027471928486,0.3377302954322468,3.1222195298215953,0.001154601085325,0.0,0.0,0.0,0.0,0.0,30.0,0.0,0.6333333333333333,0.0,1.0,0.0,0.0,0.0,0.0068955115752765,30.0,5.0,0.3666666666666666,1.4681626582624647,0.0,1.0,1.0,84.25158459288153,0.0,0.0666666666666666,0.1666666666666666,0.1333333333333333,0.0,0.0,0.0666666666666666,0.3,0.0,25983.0,912.0,0.0350998729938806,13927.0,13927.0,0.5360043105107185,0.0137782396182119,5.972202575346997,3.2011263236292047,0.0475761487544288,0.025501020809873,0.8743538350280038,0.955054805080731,0.9830110642866892,0.5214671009065224,0.1256461649719962,0.0046483917839295,0.0021079037464616,0.0,0.8743607551347989,4350.65617276956,0.0794135103009259,0.0796681399305555,0.0002546296296296,546135.0,358.0,0.0,0.0,1.0,0.0,0.0,0.0,0.0,0.0,1.0,1.0,0.0006555155776502,1,1,1,0,0.9997454351901137,0.9263197747072416,0.25524728369490157,2.7238157404771957,20.62573989569128,0.0,0.023679098517878715,1.0,0.40660680149735384,0.2333333333333332,7.340813291312323,0.19999999999999993,1.0,1.2132465035441276,35.21806984197418,1.1388206911720007,0.2,0.0,0.9999151450633712,0
30.0,8607.0,0.1742767514813523,0.4002556059021726,0.3863095929669649,214.0,0.1742767514813523,0.2952248170094109,3.1212176554214435,0.0010640561821664,30.0,1.0,30.0,0.0,1968.615880668125,30.0,1.0,0.0,1.0,0.0,1.0,1.0,4.0,0.0101632320500799,30.0,6.0,0.3333333333333333,1.5326859473619514,0.0,1.0,1.0,93.08004452903364,0.0,0.0666666666666666,0.0666666666666666,0.3333333333333333,0.0333333333333333,0.0,0.0666666666666666,0.4,0.0333333333333333,28194.0,374.0,0.0132652337376746,3997.0,3997.0,0.1417677520039724,0.0566077888912534,9.551405480665142,1.3540812834723193,0.0519255207470025,0.0073613643479381,0.9660121143487992,0.9803825984013408,0.9854609867696632,0.2096145749183518,0.0339878856512006,0.0073907531109137,0.0051850067013445,1.0,0.9660121143487992,2951.8168877076737,0.0649664113773148,0.2394571521180555,0.1744907407407407,542970.0,1596.0,1.0,1.0,1.0,1.0,0.0,0.0,0.0,0.0,1.0,1.0,0.0029393889165147,1,1,1,0,0.8514328511175056,0.8729007835823319,0.2802931722241586,2.577261981768351,18.44270226851173,1.0,0.034900408816187715,0.0005077132093699327,0.4414996720731657,0.1333333333333332,9.196115684171708,0.19999999999999996,0.9666666666666667,1.2823285986326043,155.7544242429367,1.037880314388875,0.8,0.0,0.9504776170391684,1
30.0,88361.0,0.6537499575604622,0.7422844920270255,0.6924944262740349,940.0,0.6537499575604622,0.7064881565396498,1.782991909340802,0.0001538429980923,0.0,0.0,0.0,0.0,0.0,30.0,0.5333333333333333,0.4666666666666667,1.0,0.0,1.0,1.0,9.0,0.0078269850154315,30.0,4.0,0.4666666666666667,1.2625126928404595,0.0,1.0,0.0,0.3007506234309798,0.0,0.0,0.4666666666666667,0.2333333333333333,0.0,0.0,0.0,0.7,0.0,195004.0,7387.0,0.0378812742302722,75269.0,75269.0,0.3859869541137617,0.0252148673873356,50.876446198307434,19.637644504217363,0.1479046512404015,0.0570892658315408,0.5584427129034552,0.8119368058689058,0.8745974156168848,1.331878627066362,0.4415572870965449,0.0037394479222528,0.0459403901819188,0.0,0.5843188208533484,3832.893501139734,0.0018460471412037,0.000491880474537,0.0013541666666666,1318444.0,4917.0,1.0,1.0,1.0,0.0,0.0,0.0,0.0,0.0,1.0,1.0,0.0037293961669968,1,1,1,0,0.9986476646208261,0.9988328579111123,0.6731221919172485,0.6173610242786053,23.512315131173548,0.5333333333333333,0.026877766392688743,1.0,0.5942826540905729,0.4666666666666667,5.050050771361838,0.38888888888888884,1.0,1.4761188320840932,403.66871469188965,1.3607582602338637,0.6,0.0,0.9995492215402754,1
30.0,9126.0,0.4758930528161297,0.7617795310103003,0.7462926437285411,71.5,0.4758930528161297,0.643655489809336,2.120087022372426,0.0004929184055732,30.0,1.0,1.0,0.0,82.10091684271991,30.0,0.0,0.0,0.0,0.0,0.0,0.0,0.0,0.0072654361459483,30.0,2.0,0.7,0.6108643020548935,0.0,0.0,0.0,15.532398113580662,0.0,0.0,0.0,0.0,0.7,0.3,0.0,0.0,1.0,60862.0,648.0,0.0106470375603825,7473.0,7473.0,0.1227859748283,0.0013308796950478,14.739632490490289,1.8098201439557344,0.4858737216895651,0.0596584785611074,0.989577078358217,0.9978126665294724,0.9991101532304872,0.0652586569456571,0.010422921641783,0.0095809463756935,9.822106114114626e-05,1.0,0.989577078358217,4129.139585932998,0.048312784849537,11.201611395960647,11.153298611111111,125263.0,81.0,1.0,0.0,1.0,0.0,1.0,1.0,1.0,0.0,1.0,1.0,0.0006466394705539,1,1,1,0,0.08228218790623258,0.5179350787398832,0.6110928482723355,1.1111523370597538,14.70978144273392,0.0,0.024949414760190337,0.012033561577817964,0.08121556837972911,0.0,1.221728604109787,0.0,0.0,1.3230810045325594,7.352687065111685,1.0712052679640152,0.6,1.0,0.6940940626354108,0
30.0,3458.0,0.1639676113360323,0.6555812608444187,0.6885097358781569,23.0,0.1639676113360323,0.4583574320416426,2.523225517082895,0.0034774545033035,1.0,1.0,1.0,0.0,1866.9904673154515,30.0,1.0,0.0,1.0,0.0,1.0,1.0,1.0,0.0115790758068921,30.0,8.0,0.5,1.5766517760972298,1.0,1.0,1.0,5.397750937109538,0.0666666666666666,0.0333333333333333,0.1,0.0666666666666666,0.5,0.1666666666666666,0.1,0.1666666666666666,0.6666666666666666,8627.0,80.0,0.0092732120088095,959.0,959.0,0.1111626289556045,0.0164599513156369,3.329756232868605,0.3701444566269841,0.0834090689355119,0.0092719713816107,0.9663816292604284,0.9842574903519364,0.9902316125774724,0.1945137598714081,0.0336183707395716,0.0214778293850337,0.0017417448895529,1.0,0.0,2590.8803517014585,0.369830868125,1.2451896644212963,0.8753587962962963,103430.0,142.0,1.0,1.0,1.0,0.0,0.0,1.0,0.0,0.0,1.0,1.0,0.0013729092139611,1,1,1,0,0.5332312952459715,0.5877069003775862,0.4262386736070946,2.109498256184688,10.913396188579853,1.0,0.03976239816063099,0.0005353346376746407,0.4565539967982137,0.1999999999999999,12.613214208777839,0.1555555555555555,0.33333333333333337,1.152946962276429,15.66850214710075,0.8735973230160304,0.8,0.0,0.8444104317486572,1
30.0,3590.0,0.2922005571030641,0.7426183844011142,0.7146889507892293,35.5,0.2922005571030641,0.5988857938718662,2.3760934056665164,0.0009110510492271,2.0,1.0,1.0,0.0,1307.2662037003704,30.0,0.2666666666666666,0.7333333333333333,0.0,1.0,1.0,1.0,3.0,0.0103559700486875,30.0,6.0,0.6,1.297295830625819,1.0,1.0,1.0,18.049636500376035,0.0666666666666666,0.1333333333333333,0.0666666666666666,0.0666666666666666,0.6,0.0,0.2,0.1333333333333333,0.6,32929.0,281.0,0.0085335114944274,2650.0,2650.0,0.0804761760150627,0.0034316256187555,11.367057924441095,0.914777354300735,0.0557703674723383,0.0044881859091286,0.895102628479924,0.979781666177258,0.9862952038293769,0.4150643416803167,0.1048973715200761,0.0867111842232272,0.006129461958725,0.0,0.895102628479924,2896.879757077894,0.0334029112268518,0.0334607815972222,5.787037037037037e-05,590439.0,113.0,1.0,1.0,1.0,1.0,0.0,1.0,0.0,0.0,1.0,1.0,0.0001913830217854,1,1,1,0,0.9999421329784156,0.9676496851300278,0.5034447539461467,1.6817975888018433,12.35312427339826,0.0,0.03556226863722429,0.0007643704294825826,0.11029997437441581,0.2666666666666665,7.783774983754915,0.19999999999999996,0.4,1.3048213052512734,10.863149964774724,0.9887874371167834,1.0,0.0,0.9999807109928053,1
30.0,8694.0,0.2678858983206809,0.7425810904071773,0.7143853998926462,68.5,0.2678858983206809,0.5695882217621349,2.402099922655072,0.0009642271719217,30.0,1.0,30.0,0.0,888.2572491823149,30.0,0.4666666666666667,0.1666666666666666,0.0,0.0,0.6,1.0,4.0,0.0115699771410615,30.0,8.0,0.4666666666666667,1.6354653726650663,1.0,1.0,1.0,84.06032106372628,0.0333333333333333,0.1,0.4666666666666667,0.1666666666666666,0.1,0.0,0.1333333333333333,0.6333333333333333,0.1,31113.0,255.0,0.0081959309613344,3719.0,3719.0,0.1195320284125606,0.0321087648249927,11.999223292994923,1.434291499586929,0.2326814493512321,0.0278128856149272,0.9976170701988488,0.9992438022239232,1.0,0.0182605814485411,0.0023829298011511,0.0023829298011511,0.0,1.0,0.0,2592.9178280310534,0.0669021051273148,0.1953048829050926,0.1284027777777777,133715.0,999.0,1.0,0.0,1.0,0.0,0.0,1.0,0.0,0.0,1.0,1.0,0.0074711139363571,1,1,1,0,0.8862083820542803,0.8869498778854374,0.4911356491066635,1.75861122701858,14.56466179836848,0.0,0.03973115345859082,0.0011245339871218533,0.12332037849972678,0.6,13.08372298132053,0.45555555555555555,0.9,1.315990971872963,96.56453393212237,1.0458153681421447,0.6,0.0,0.9620694606847602,1
30.0,58011.0,0.4847701298029684,0.6771646756649601,0.6504036590761522,844.5,0.4847701298029684,0.6073330919997931,2.2837236955959703,0.0004938027751715,14.0,1.0,5.0,0.0,317.7990493212616,30.0,0.4,0.6,1.0,0.0,1.0,1.0,7.0,0.0046186858911903,30.0,5.0,0.4,1.38740807239908,0.0,0.0,1.0,53.32784692932825,0.0,0.3,0.0,0.0,0.4,0.1666666666666666,0.3,0.0,0.5666666666666667,60753.0,2467.0,0.0406070482116109,27863.0,27863.0,0.458627557486873,0.0060573140421049,9.353300798249656,4.289681499541261,0.1990915972747918,0.0913088929742979,0.5043340220106131,0.8887573128494518,0.9324209023227672,1.1432267850653874,0.4956659779893869,0.3975494233112812,0.0004944533428624,0.0,0.5079931284852459,6495.354026305289,0.0591999164004629,0.5955193608449074,0.5363194444444445,305151.0,368.0,0.0,0.0,1.0,0.0,0.0,0.0,0.0,0.0,1.0,1.0,0.0012059603278376,1,1,1,0,0.6509062966143832,0.785432000338832,0.5675868944395603,1.176642663247797,23.144827089223885,0.4,0.015860508251883565,0.0031367722147511035,0.18345826066803816,0.3,6.9370403619954,0.19999999999999998,0.43333333333333335,1.2546303259544704,33.410236787411826,1.1658407091963279,0.2,0.0,0.8836354322047945,1
30.0,24657.0,0.4360627813602628,0.6906355193251409,0.6765881223722809,259.5,0.4360627813602628,0.6051019994322099,2.328221039298382,0.0003059788262652,30.0,1.0,1.0,0.0,1.559016135347222,30.0,0.7333333333333333,0.2666666666666666,0.0,1.0,0.9666666666666668,2.0,6.0,0.0074265495763703,30.0,7.0,0.4,1.4991433188544754,1.0,1.0,1.0,766.1838604788649,0.2333333333333333,0.4,0.2333333333333333,0.0333333333333333,0.0,0.0,0.6333333333333333,0.2666666666666666,0.0,98046.0,243.0,0.0024784284927483,54614.0,54614.0,0.5570242539216286,0.0139628337719029,24.271449325493684,13.519785952129736,0.3724883082148325,0.2074850219778967,0.994176116456402,0.9983876139991464,0.9988417305651844,0.0414402752035873,0.005823883543598,0.0003961334639345,0.0008613908880188,1.0,0.0,4039.5609954318984,0.0187269133796296,0.0188079318981481,8.101851851851852e-05,263219.0,1369.0,1.0,1.0,1.0,1.0,1.0,1.0,0.0,0.0,1.0,1.0,0.005200992329581,1,1,1,0,0.99991898804495,0.9815783066470863,0.5563254518662719,1.312970497280448,19.101907048970673,0.0,0.025502676218730192,0.39077518355089,0.20917480818868847,0.8666666666666666,10.494003231981328,0.5888888888888889,1.0,1.3839917659361984,119.11388766560047,1.313530401854483,1.0,0.0,0.9999729960149834,1
30.0,4657.0,0.2767876315224393,0.7794717629375134,0.7651921838093192,26.0,0.2767876315224393,0.6553575263044878,2.219742704641778,0.0001749475157452,30.0,1.0,3.0,0.9333333333333332,0.2352135578356481,30.0,0.1666666666666666,0.8333333333333334,0.0,1.0,1.0,1.0,4.0,0.0284524603209001,29.0,4.0,0.5172413793103449,1.192015196524259,0.0,1.0,1.0,1.451628882177397,0.0,0.2413793103448276,0.1379310344827586,0.0,0.5172413793103449,0.1034482758620689,0.2413793103448276,0.1379310344827586,0.6206896551724138,171480.0,971.0,0.0056624679262887,16146.0,16146.0,0.0941567529741077,0.0189818054583624,162.63426319426526,15.31311414470846,2.034211962324136,0.1915347932335286,0.6738582153688037,0.940481151622392,0.9717133525215552,0.8796626598840099,0.3261417846311962,0.005614311046644,0.0012318559921424,0.0,0.9509702012991288,1054.390364119097,0.0237437487268518,0.2345423598379629,0.2107986111111111,84298.0,3255.0,1.0,0.0,1.0,0.0,0.0,0.0,0.0,0.0,1.0,1.0,0.0386130157299105,1,1,1,0,0.825901178629807,0.8934118497425496,0.5209899076658793,1.6053453788347665,11.317861625929291,0.0,0.09770538467809228,0.8095766061313387,0.572201983177328,0.3793103448275862,4.768060786097036,0.2528735632183908,0.3793103448275862,1.7309920356392194,270.07455108160303,1.391645560487875,0.4,0.0,0.941967059543269,1
30.0,25195.0,0.0765231196666005,0.3158563206985513,0.2996295561288615,823.0,0.0765231196666005,0.2058741813851954,3.2597877125213284,0.0002998620634508,0.0,0.0,0.0,0.0,0.0,30.0,0.0,0.0,0.0,0.0,0.0,0.0,0.0,0.0070633509064689,29.0,7.0,0.3103448275862069,1.6430571908101044,0.0,1.0,1.0,6.4057758336379935,0.0,0.1379310344827586,0.3103448275862069,0.0344827586206896,0.0344827586206896,0.0344827586206896,0.1379310344827586,0.3448275862068966,0.0689655172413793,100046.0,2952.0,0.0295064270435599,27187.0,27187.0,0.2717449973012414,0.0115147032365112,23.555333492953036,6.401044036472364,0.15894294347728,0.0431919497462848,0.8741756384198928,0.9410042929569374,0.9619837223615166,0.5454677403283151,0.1258243615801072,0.0004100879938908,0.0311436617752178,0.0,0.0,4247.275888829306,0.1240716996759259,0.0996619774537037,0.0244097222222222,629446.0,1152.0,1.0,1.0,1.0,0.0,0.0,1.0,0.0,0.0,1.0,1.0,0.0018301808256784,1,1,1,0,0.976171914720537,0.8994966594582662,0.18807633789773098,3.0103385873083446,23.05637568844038,0.0,0.024255456633602762,1.0,0.4083903051223628,0.4482758620689655,11.50140033567073,0.3103448275862069,0.9310344827586207,1.378106412546679,100.05736487144941,1.2221588665731453,0.8,0.0,0.9920573049068456,1
30.0,13734.0,0.601135867190913,0.8220474734236202,0.8117567108392796,68.5,0.601135867190913,0.736784622105723,1.728462062001495,0.000330906684315,30.0,1.0,1.0,0.0,1.5515083367476854,30.0,0.1666666666666666,0.0,1.0,0.0,0.1666666666666666,1.0,2.0,0.0161448376969636,30.0,6.0,0.2666666666666666,1.6241387702120396,1.0,0.0,1.0,1708.635464733026,0.0666666666666666,0.0333333333333333,0.0,0.2333333333333333,0.2666666666666666,0.0,0.1,0.2333333333333333,0.2666666666666666,90660.0,592.0,0.0065298919038164,4518.0,4518.0,0.0498345466578424,0.0761305978380763,48.789699520224005,2.4314125571627185,0.1653212056449186,0.0082387073362424,0.4647373806753347,0.7872185739243943,0.918749581159595,1.289510927450675,0.535262619324665,0.0018661338951757,0.0007870703305,0.0,0.6133456933714762,1858.179101062419,0.0035570809375,0.0030015253819444,0.0005555555555555,548387.0,6902.0,1.0,0.0,1.0,0.0,0.0,1.0,0.0,0.0,1.0,1.0,0.0125860022210592,1,1,1,0,0.9994447529150473,0.9967314919260452,0.7064462890150963,0.6894215214536326,14.56466179836848,0.027777777777777755,0.05544116606986244,0.3919250372799736,0.3114601095739452,0.0999999999999999,9.744832621272238,0.1444444444444444,0.7333333333333334,1.5162371844890838,604.6492345713718,1.1179021636656683,0.6,0.0,0.9998149176383491,0
30.0,23895.0,0.2522703494454907,0.6256539024900607,0.5876027062844387,306.0,0.2522703494454907,0.4917765222849968,2.712833701104289,0.0011883070585439,0.0,0.0,0.0,0.0,0.0,30.0,0.0,0.1,0.0,0.0,0.0,0.0,0.0,0.0053162659937688,30.0,7.0,0.4333333333333333,1.5904571438630857,0.0,1.0,1.0,2.588815756619358,0.0,0.1,0.4333333333333333,0.1333333333333333,0.0333333333333333,0.0666666666666666,0.1,0.5666666666666667,0.1,25246.0,840.0,0.0332725976392299,9468.0,9468.0,0.3750297076764636,0.1426760674958409,4.473815042622942,1.6778135476334473,0.1472104305639781,0.055208284741335,0.8707107177990968,0.9367000189643716,0.966681219352826,0.5586148689857322,0.1292892822009031,0.0002055095127309,0.0685354223206926,0.0,0.8708524929198888,5643.058499056331,0.1064620192939814,0.2727351674421296,0.1662731481481481,171496.0,3602.0,1.0,0.0,0.0,0.0,0.0,0.0,0.0,0.0,1.0,1.0,0.0210034053272379,1,1,1,0,0.8574320703411865,0.844745499594969,0.4199365278649647,2.028466195339206,19.665921887249013,0.0,0.01825598939824157,1.0,0.38982533436811706,0.5333333333333333,11.1332000070416,0.39999999999999997,0.9,1.1734005396372122,355.35079013097055,1.0598762051899226,0.4,0.0,0.9524773567803955,0
30.0,5243.0,0.3341598321571619,0.6103375929811177,0.5867315150359209,70.5,0.3341598321571619,0.4890329963761205,2.646053339656392,0.0002718893591567,0.0,0.0,0.0,0.0,0.0,30.0,0.0,0.3,0.0,0.0,0.0,0.0,0.0,0.0258082439829602,30.0,5.0,0.5,1.3271943098938588,0.0,1.0,1.0,599.7223507635354,0.0,0.2333333333333333,0.0666666666666666,0.0,0.5,0.1,0.2333333333333333,0.0666666666666666,0.6,110339.0,711.0,0.0064437778120156,18245.0,18245.0,0.1653540452605153,0.0147635922022131,94.92186109452832,15.695713715636984,0.274800510056684,0.0454393759775256,0.5709444063133465,0.7027563451924279,0.7793860860916174,1.6202912163237544,0.4290555936866534,0.0106954700255639,0.0350127456426334,0.0,0.7027563451924279,1162.4192648428357,0.0041259539467592,0.1113481761689814,0.1072222222222222,401524.0,1629.0,1.0,1.0,1.0,1.0,0.0,1.0,0.0,0.0,1.0,1.0,0.004057042667437,1,1,1,0,0.9031610637230307,0.947849508931865,0.4604456735965414,1.7618485997979143,14.66208640929253,0.0,0.0886251796077161,1.0,0.6075783292572042,0.29999999999999993,6.635971549469294,0.19999999999999996,0.4,1.6446683243398883,140.29410516448536,1.389763749288177,1.0,0.0,0.9677203545743436,1
30.0,4110.0,0.3170316301703163,0.624330900243309,0.6587834549878344,43.0,0.3170316301703163,0.4807785888077859,2.5477245388918837,0.00570559147965,0.0,0.0,0.0,0.0,0.0,30.0,0.6666666666666666,0.3333333333333333,0.0,1.0,1.0,2.0,7.0,0.0130239181264825,30.0,6.0,0.3333333333333333,1.5873815430391518,0.0,1.0,1.0,0.4980602168637194,0.0,0.1,0.1333333333333333,0.0666666666666666,0.0,0.0,0.1,0.2,0.0,5258.0,169.0,0.0321414986686953,700.0,700.0,0.1331304678585013,0.0319513122860403,2.2826587169681676,0.3038914229512585,0.025851303381614,0.0034415961139463,0.9626341203163316,0.9888176267202072,0.9923637344609308,0.2004336201348731,0.0373658796836683,0.0035971516257979,0.0023865211033856,1.0,0.9626341203163316,2303.4542836915507,0.450857765625,0.3981494322916667,0.0527083333333333,203394.0,168.0,1.0,1.0,1.0,0.0,0.0,1.0,0.0,0.0,1.0,1.0,0.0008259830673471,1,1,1,0,0.9499307342172967,0.7022392853217372,0.48790754257907537,1.7400152751020723,12.994858782220637,0.0,0.04472396819860307,1.0,0.4717288156400046,0.2333333333333333,9.52428925823491,0.17777777777777778,1.0,1.106503891822703,19.60853846548222,0.8462456337507197,0.8,0.0,0.983310244739099,0
30.0,55398.0,0.4856493014188238,0.6292826455828731,0.5906518887565133,735.5,0.4856493014188238,0.5620600021661432,2.3599647034031364,0.0002457545894669,4.0,1.0,3.0,0.0,3294.0019342796986,30.0,0.4666666666666667,0.5333333333333333,0.0,1.0,1.0,1.0,4.0,0.0068949811980161,30.0,4.0,0.5333333333333333,0.99704531773754,1.0,1.0,1.0,0.3517995524327916,0.0666666666666666,0.3666666666666666,0.5333333333333333,0.0,0.0,0.0,0.4333333333333333,0.5333333333333333,0.0,122073.0,3166.0,0.025935301008413,42970.0,42970.0,0.3520024903131732,0.0216837466106346,28.0563679928476,9.875911402625162,0.0831512932170728,0.0292694622851705,0.9750641028746552,0.9968295651549216,0.9984385583291968,0.1306111415901389,0.0249358971253446,0.0227908529500197,0.000174875618666,1.0,0.9751099849471886,4350.990834901389,0.0081265680555555,0.0572006421296296,0.049074074074074,1468083.0,2647.0,1.0,1.0,1.0,0.0,0.0,0.0,0.0,0.0,1.0,1.0,0.0018030315724655,1,1,1,0,0.9532215357458076,0.9689165913319855,0.5381505950876686,1.2138494938223214,22.67087184126213,0.0,0.023677277209152952,0.0003034899584113914,0.07336899555918276,0.9666666666666666,3.98818127095016,0.6444444444444444,1.0,1.3978894953338554,226.00012894082974,1.273274446131247,0.6,0.0,0.9844071785819359,1
30.0,6136.0,0.3468057366362451,0.6300521512385919,0.6027596697088222,86.5,0.3468057366362451,0.5250977835723598,2.604576453854516,0.00429307384087,0.0,0.0,0.0,0.0,0.0,30.0,1.0,0.0,1.0,0.0,1.0,1.0,28.0,0.0117032725332349,30.0,5.0,0.3333333333333333,1.5162111437943708,0.0,1.0,1.0,1.6668842447927552,0.0,0.3333333333333333,0.2666666666666666,0.0,0.1,0.0,0.3333333333333333,0.2666666666666666,0.1,6988.0,90.0,0.0128792215226101,2063.0,2063.0,0.295220377790498,0.1004579278763594,2.726082282074857,0.8047950412021222,0.0993079142211548,0.0293177199539556,0.9490190700788664,0.9931878422484436,0.996478959586311,0.2282265568170133,0.0509809299211336,0.0058461669449481,0.0451347629761855,0.0,0.9490190700788664,2563.3855756031944,0.0415362513425925,1.220367269861111,1.1788310185185185,70367.0,702.0,1.0,1.0,1.0,1.0,0.0,1.0,0.0,0.0,1.0,1.0,0.0099762672843804,1,1,1,0,0.45896170538270714,0.705248073737324,0.4747827031725337,1.7012943981500814,15.355550399489895,1.0,0.04018888812973111,1.0,0.7910286314052231,0.5999999999999999,7.581055718971854,0.3999999999999999,0.9,1.127674656094931,79.30328100684622,0.9722972347431721,1.0,0.0,0.8196539017942358,1
30.0,2911.0,0.458948814840261,0.8856063208519409,0.8141646627733883,9.0,0.458948814840261,0.734111989007214,1.8636509420629008,0.0037156304186276,30.0,1.0,30.0,0.0,2256.2899814382986,30.0,0.0,0.7,0.0,0.0,0.0,0.0,0.0,0.0106980025506924,30.0,6.0,0.4333333333333333,1.5335175648838335,1.0,1.0,1.0,22.618787905231468,0.1666666666666666,0.4333333333333333,0.0333333333333333,0.1,0.1666666666666666,0.1,0.6,0.1333333333333333,0.2666666666666666,8074.0,81.0,0.0100322021302947,1281.0,1281.0,0.1586574188754025,0.1169185038394847,2.879189086476364,0.456804708914568,0.0027593645464375,0.000437793656674,0.8531812268359087,0.9821253350784784,0.9953857688428964,0.4869162957434801,0.1468187731640912,0.0134456239424755,0.0,0.0,0.0003632995551895,2804.261810263785,0.3511968378587963,1.3432454489699075,0.9920486111111112,2926036.0,944.0,1.0,0.0,1.0,0.0,0.0,1.0,0.0,0.0,1.0,1.0,0.0003226207743171,1,1,1,0,0.5019957818409998,0.5834215792100901,0.6365567388068246,1.0083305509271967,7.907047746579794,0.0,0.036736803872627156,0.00044300909861958484,0.11382737870435544,0.6333333333333332,9.201105389303,0.4555555555555555,0.7333333333333334,1.1331198610182756,104.92936656852409,0.9013261275245414,0.6,0.0,0.8339985939469999,0
30.0,14356.0,0.3498885483421566,0.9256060183895236,0.8369415807560137,31.5,0.3498885483421566,0.7799526330454165,1.796923172083657,0.000893442134731,25.0,1.0,19.0,0.0,47.885328299976855,30.0,0.5333333333333333,0.4666666666666667,0.0,1.0,1.0,2.0,5.0,0.0069210954381976,30.0,2.0,0.8666666666666667,0.3926744672275521,0.0,0.0,0.0,5.39466153285811,0.0,0.0,0.0,0.0,0.8666666666666667,0.1333333333333333,0.0,0.0,1.0,33578.0,560.0,0.01667758651498,4683.0,4683.0,0.1394663172315206,0.0060754065161713,7.746551420793303,1.0803829979026456,0.1648331688830636,0.0229886750217221,0.541237611408365,0.8529456629476098,0.9577916841328088,1.117102413720747,0.458762388591635,0.0004445003419896,0.0009180244093506,0.0,0.0012932123843573,4334.573951087824,0.0249811804166666,48.33518951375,48.310208333333335,203709.0,204.0,1.0,0.0,1.0,0.0,0.0,1.0,0.0,0.0,1.0,1.0,0.0010014285083133,0,1,1,0,0.02027977641546502,0.4979485884005994,0.5934150645490851,1.168200331920923,11.954533922519493,0.0,0.023766953175791077,0.020456035272253117,0.08036400725352431,0.0,0.7853489344551042,0.0,0.0,1.2444006418121498,19.574623940122503,1.009202303859656,0.6,0.0,0.340093258805155,0
30.0,13962.0,0.1294943417848446,0.4353244520842286,0.4400993171942891,287.0,0.1294943417848446,0.3192236069331041,3.0776338272871673,0.0010035458620458,30.0,1.0,30.0,0.0,0.7923931118171297,30.0,0.7666666666666667,0.2333333333333333,0.0,1.0,1.0,2.0,5.0,0.0065569755524821,30.0,7.0,0.5666666666666667,1.3888407318459604,0.0,1.0,1.0,0.4935582273033669,0.0,0.5666666666666667,0.0666666666666666,0.0666666666666666,0.0666666666666666,0.0333333333333333,0.5666666666666667,0.1333333333333333,0.1,29894.0,865.0,0.0289355723556566,4589.0,4589.0,0.1535090653642871,0.0460962065966414,6.533807572196676,1.0029986936780138,0.0609601416027374,0.0093579343619108,0.763268774636707,0.8844975118231181,0.9389777905071868,0.8805885095394606,0.236731225363293,0.022658326239211,0.0005739350737138,0.0,0.763268774636707,4575.280136287871,0.0338862878703703,0.7101941582407407,0.6763078703703703,490386.0,1378.0,1.0,1.0,1.0,0.0,0.0,0.0,0.0,0.0,1.0,1.0,0.0028100312814803,1,1,1,0,0.5965491289968446,0.7759766434314028,0.28479682948956686,2.679097660567843,19.446533828291898,0.0,0.02251657014734545,0.5579133245977492,0.2556472060713344,0.6333333333333333,9.721885122921723,0.4444444444444444,0.9,1.2226382005385712,133.7157004324008,1.0003292330130609,0.6,0.0,0.8655163763322816,1
30.0,11877.0,0.4101204007746064,0.7416014144986107,0.7364626308551541,72.5,0.4101204007746064,0.6416603519407258,2.2223392277712906,0.0022243642025654,0.0,0.0,0.0,0.0,0.0,30.0,0.8,0.2,0.0,1.0,1.0,1.0,4.0,0.008361204911706,30.0,6.0,0.3666666666666666,1.4847008608293923,0.0,1.0,1.0,85.66329565734681,0.0,0.1666666666666666,0.1,0.0333333333333333,0.0333333333333333,0.0,0.1666666666666666,0.1333333333333333,0.0333333333333333,13487.0,263.0,0.0195002595091569,2820.0,2820.0,0.2090902350411507,0.0103803662786386,3.7589190214726407,0.7859532617003668,0.1781002812735219,0.0372390296723757,0.9455069252551522,0.9701816221950365,0.988470791469953,0.2796927137101103,0.0544930747448477,0.0327719841561796,0.0022785268815758,0.0,0.9455069252551522,3587.999614404537,0.1459685712037037,0.1462810712037037,0.0003125,75727.0,140.0,1.0,1.0,1.0,0.0,0.0,1.0,0.0,0.0,1.0,1.0,0.0018487461539477,1,1,1,0,0.999687597625742,0.8725053328269661,0.5732915158148802,1.3109125730205995,14.756823098976081,0.0,0.02871227068087676,1.0,0.4221816334518311,0.2666666666666666,8.908205164976355,0.18888888888888886,0.9666666666666667,1.1616984221394562,14.722033782941223,0.9705517480156703,0.8,0.0,0.9998958658752474,0
30.0,1429.0,0.390482855143457,0.7991602519244226,0.7322369955679962,10.5,0.390482855143457,0.6822953114065781,2.175013934138267,0.0030972537683254,0.0,0.0,0.0,0.0,0.0,30.0,0.9333333333333332,0.0666666666666666,1.0,0.0,1.0,2.0,18.0,0.0148247001635702,30.0,6.0,0.4333333333333333,1.5419399495243575,1.0,1.0,1.0,6.435546462808152,0.1,0.1333333333333333,0.1666666666666666,0.0,0.4333333333333333,0.1333333333333333,0.2333333333333333,0.1666666666666666,0.5666666666666667,9686.0,96.0,0.0099112120586413,1353.0,1353.0,0.1396861449514763,0.0098079702663638,4.786401526144726,0.6685939773770198,1.3760477340531323,0.1922148032390964,0.9962851328436142,0.9984134053331848,0.999977908734798,0.0271458470742926,0.0037148671563858,0.0037148671563858,0.0,1.0,0.0,2023.6496972934144,0.2605422008217593,8.70704683045139,8.44650462962963,7039.0,95.0,1.0,1.0,1.0,1.0,0.0,0.0,0.0,0.0,1.0,1.0,0.0134962352606904,1,1,1,0,0.10585926109255579,0.44816368077017227,0.5613599253557265,1.3257082831591538,8.38698846837008,0.9333333333333332,0.05090783067202893,1.0,0.8019754968715377,0.3999999999999999,9.251639697146146,0.2666666666666666,0.43333333333333335,1.205538101090818,10.350229924865285,0.9470914033634227,0.8,0.0,0.7019530870308519,1
30.0,12615.0,0.1109789932619896,0.4697582243361078,0.4296974501255117,257.5,0.1109789932619896,0.319778042013476,3.0848605319207905,0.000187173616007,24.0,1.0,19.0,0.9583333333333334,0.2488175193171296,30.0,0.8666666666666667,0.1333333333333333,1.0,0.0,1.0,2.0,11.0,0.0109274963886544,29.0,9.0,0.3103448275862069,1.875747595479956,1.0,1.0,1.0,151.28607656080183,0.0344827586206896,0.2068965517241379,0.1034482758620689,0.3103448275862069,0.1724137931034483,0.0344827586206896,0.2413793103448276,0.4137931034482758,0.2068965517241379,160279.0,1195.0,0.0074557490376156,33115.0,33115.0,0.2066084764691569,0.0146182594101535,58.38160645590493,12.062134763676411,0.3333603717153565,0.0688750785153016,0.9992739146924748,0.9999107990042722,0.9999583838663172,0.00633261102619,0.0007260853075252,0.0007120333013051,0.0,1.0,0.0,2745.368100044398,0.0763523592129629,0.0450097666203703,0.0313425925925925,480798.0,2343.0,1.0,1.0,1.0,1.0,0.0,0.0,0.0,0.0,1.0,1.0,0.0048731483908002,1,1,1,0,0.9696099115679849,0.9429963217359544,0.27033822169375066,2.7425058157345754,19.07544073526873,0.8666666666666667,0.037524882775696856,0.800757504224327,0.6719264261383855,0.3448275862068964,16.881728359319606,0.33333333333333326,0.7931034482758621,1.5135228790962671,195.49962751570774,1.3143783549767625,0.8,0.0,0.9898699705226616,1
30.0,8114.0,0.3756470298249938,0.6973132856790732,0.6744803220770683,78.5,0.3756470298249938,0.5783830416563963,2.4251655210483047,0.0021707670043415,30.0,1.0,1.0,0.0,447.60339883956016,30.0,1.0,0.0,1.0,0.0,1.0,1.0,2.0,0.0072478396134491,30.0,7.0,0.4,1.612278731247256,1.0,1.0,1.0,61.87043490714661,0.1,0.1333333333333333,0.4,0.2333333333333333,0.0,0.0,0.2333333333333333,0.6333333333333333,0.0,13820.0,202.0,0.0146164978292329,1867.0,1867.0,0.1350940665701881,0.0899421128798842,3.3388381152622353,0.4510572186103179,0.1071666744211293,0.0144775818483537,0.998592185327572,0.9996340092692544,1.0,0.0114568504376449,0.001407814672428,0.0003659907307455,0.0,1.0,0.0,4139.164440614514,0.3644753367361111,0.3652855219212963,0.0008101851851851,128958.0,1243.0,1.0,1.0,1.0,1.0,1.0,1.0,0.0,0.0,1.0,1.0,0.009638797127747,1,1,1,0,0.9991904706834741,0.7326649767997471,0.5250636759510311,1.5141592962325254,15.026293622317455,1.0,0.02488898849274478,0.002229140489320374,0.4110937760990558,0.6333333333333333,11.285951118730791,0.5,1.0,1.1447053546767354,130.376257793252,0.9044141837780941,1.0,0.0,0.9997301568944913,1
30.0,56084.0,0.3639362384993937,0.9164289280365168,0.8575125407127404,112.0,0.3639362384993937,0.8389736823336424,1.6740048986379867,0.0003723747579564,6.0,1.0,6.0,0.0,2597.415855052153,30.0,0.9,0.1,0.0,1.0,1.0,2.0,3.0,0.0060651114438193,30.0,5.0,0.5,1.3546219360622094,1.0,1.0,1.0,111.67119038386971,0.5,0.1666666666666666,0.0666666666666666,0.1666666666666666,0.1,0.0,0.6666666666666666,0.2333333333333333,0.1,80564.0,3301.0,0.0409736358671366,41912.0,41912.0,0.5202323618489648,0.0058959336676431,16.287654611995315,8.473365027778508,0.3749429887839158,0.1950574766137664,0.9936389391685808,0.9959457959562046,0.997356123774557,0.0497063656344978,0.006361060831419,0.0004008863897538,0.0015063977270641,1.0,0.9936389391685808,4946.322961631355,0.0091769091319444,0.1505542239467592,0.1413773148148148,214870.0,475.0,1.0,0.0,1.0,1.0,0.0,0.0,0.0,0.0,1.0,1.0,0.0022106389910178,1,1,1,0,0.8761344623028952,0.9300264435247164,0.610724389606067,1.064773852598119,16.233789280097124,0.0,0.020827515091851906,0.0003848498684518414,0.06457770744582143,0.7333333333333332,6.773109680311046,0.5444444444444444,0.9,1.3279745939426704,42.04723250923254,1.2511574637378555,0.6,0.0,0.9587114874342983,1
30.0,36843.0,0.0682626279076079,0.3052411584290095,0.287458495055596,1232.5,0.0682626279076079,0.1909996471514263,3.2683171005096727,0.0009523507190247,0.0,0.0,0.0,0.0,0.0,30.0,0.5,0.5,1.0,0.0,1.0,1.0,8.0,0.0065011004900263,30.0,8.0,0.2,1.8579285774129004,1.0,1.0,0.0,13.574376269979265,0.0333333333333333,0.0,0.2,0.1,0.2,0.0333333333333333,0.0333333333333333,0.3,0.2333333333333333,31501.0,703.0,0.0223167518491476,3707.0,3707.0,0.1176788038474969,0.0680613313863052,6.826372217877286,0.8033193172175835,0.1502501705166057,0.0176812603442766,0.95135201678383,0.9699881837044836,0.9822269476944916,0.2633524597080128,0.0486479832161698,0.0075543627903791,0.0007715770741631,1.0,0.95135201678383,4614.603334529606,0.1256724925694444,0.2248854555324074,0.0992129629629629,209657.0,2144.0,1.0,1.0,1.0,0.0,0.0,1.0,0.0,0.0,1.0,1.0,0.0102262266463795,1,1,1,0,0.9097418186412837,0.8523803615482749,0.17786056148160195,3.045213186393509,24.441784880622503,0.5,0.02232469589782243,1.0,0.5690823551794182,0.2333333333333333,14.863428619303203,0.18888888888888886,0.7666666666666667,1.2276042985787765,206.9936369361081,0.974024438660327,0.8,0.0,0.9699139395470945,1
30.0,1604.0,0.3703241895261845,0.885286783042394,0.80619285120532,6.0,0.3703241895261845,0.8061097256857855,1.8477006194627177,0.0007001657058837,0.0,0.0,0.0,0.0,0.0,30.0,1.0,0.0,1.0,0.0,1.0,4.0,20.0,0.0091378215500509,30.0,6.0,0.5,1.411561515041461,0.0,1.0,1.0,43.74609711228502,0.0,0.0666666666666666,0.0333333333333333,0.0,0.5,0.0666666666666666,0.0666666666666666,0.0333333333333333,0.5666666666666667,42847.0,152.0,0.0035475062431442,1060.0,1060.0,0.0247391882745583,0.0042476719490279,13.050941331834368,0.3228696947684652,17.474306688417617,0.432300163132137,0.9290586274151504,0.9938467505248908,1.0,0.2769894469194334,0.0709413725848495,0.0709413725848495,0.0,0.0,0.9290586274151504,3283.058203183241,0.016536516574074,3.6677749425,3.651238425925926,2452.0,182.0,1.0,0.0,1.0,0.0,0.0,1.0,0.0,0.0,1.0,1.0,0.0742251223491027,1,1,1,0,0.2149965038184275,0.5989836637520525,0.5882585203657522,1.1634523850731577,6.68223055293373,1.0,0.03137916227974342,1.0,0.7637674936505308,0.0999999999999999,8.469369090248767,0.0666666666666666,0.43333333333333335,1.317182945004664,17.064503613508265,0.8604232409152555,0.6,0.0,0.7383321679394759,0
30.0,5627.0,0.6897103252177004,0.9445530478052248,0.9014335643623006,7.5,0.6897103252177004,0.9235827261418162,1.0692660412086226,0.0004348519329168,0.0,0.0,0.0,0.0,0.0,30.0,0.6333333333333333,0.3666666666666666,1.0,0.0,1.0,2.0,9.0,0.0048723752973248,28.0,4.0,0.5714285714285714,1.1163670752893369,0.0,1.0,1.0,37.092916283348664,0.0,0.0714285714285714,0.2142857142857142,0.0,0.1428571428571428,0.5714285714285714,0.0714285714285714,0.2142857142857142,0.7142857142857143,68989.0,1670.0,0.0242067575990375,23245.0,23245.0,0.3369377726883996,0.0030294684659873,11.204676646238031,3.775278792877169,7.062755937755938,2.3797092547092547,1.0,1.0,1.0,-0.0,0.0,0.0,0.0,1.0,0.0,6157.161172680914,0.0984990698032407,1.5794597179513887,1.480960648148148,9768.0,209.0,1.0,0.0,1.0,1.0,0.0,1.0,0.0,0.0,1.0,1.0,0.0213963963963963,1,1,1,0,0.40306967413869516,0.6490055628344584,0.7955719447900005,0.33178221218238046,7.348959822197811,0.6333333333333333,0.016731674426462874,1.0,0.5962195495014427,0.2857142857142856,4.4654683011573475,0.19047619047619038,0.2857142857142857,1.2768857643495408,18.758329876683316,1.1522162241723186,0.8,0.0,0.8010232247128983,0
30.0,3286.0,0.4083992696287279,0.7541083384053561,0.7304118482450801,28.5,0.4083992696287279,0.652160681679854,2.2377813804788618,0.0006068574896328,30.0,1.0,30.0,0.0,1112.6686677895486,30.0,1.0,0.0,1.0,0.0,1.0,1.0,10.0,0.012298088883295,30.0,5.0,0.6666666666666666,0.9994808267432208,1.0,0.0,0.0,21.355479756784813,0.0333333333333333,0.0,0.0,0.2,0.6666666666666666,0.0666666666666666,0.0333333333333333,0.2,0.7333333333333333,49435.0,213.0,0.0043086881763932,3819.0,3819.0,0.0772529584302619,0.003560230605846,20.26520079818969,1.5655467148434596,0.4525729875218574,0.0349626021916855,0.9672738951520832,0.9918425896713656,0.9988487928439946,0.1666450727819573,0.0327261048479167,0.0,0.0004673374475976,1.0,0.0,2439.4034132762386,0.0269317947569444,0.3235637392013888,0.2966319444444444,109231.0,176.0,1.0,0.0,1.0,0.0,0.0,1.0,0.0,0.0,1.0,1.0,0.0016112642015545,1,1,1,0,0.771228878236885,0.8646552323269175,0.569405558936904,1.323873099102528,11.621952859313504,1.0,0.04223147986485605,0.0008979331365987314,0.46431527965995884,0.0333333333333333,4.997404133716104,0.08888888888888886,0.2666666666666667,1.3856383649630972,16.28357974971672,1.0573921200218708,0.6,0.0,0.9237429594122949,1
30.0,26223.0,0.1777828623727262,0.5637417534225679,0.5370616125792878,506.5,0.1777828623727262,0.4203180414140258,2.8763712066875105,0.0002943947244465,30.0,1.0,30.0,0.0,77.32899707644675,30.0,0.9666666666666668,0.0,1.0,0.0,0.9666666666666668,2.0,8.0,0.0125119761400389,29.0,7.0,0.3793103448275862,1.6270509926214825,0.0,1.0,1.0,226.3210188781501,0.0,0.2758620689655172,0.1034482758620689,0.0,0.3793103448275862,0.0689655172413793,0.2758620689655172,0.1034482758620689,0.4482758620689655,101904.0,671.0,0.0065846286701208,12307.0,12307.0,0.1207705291254514,0.0097542785366619,42.50068055248423,5.132829678515303,0.0433059455581913,0.0052300819593407,0.6886806317437206,0.9599503461721944,0.9864802826223068,0.783907638122876,0.3113193682562793,0.003733408436443,0.006405401117528,0.0,0.0,2397.702781969792,0.0124463216435185,0.0395875253472222,0.0271412037037037,2353118.0,994.0,1.0,1.0,1.0,0.0,1.0,1.0,0.0,0.0,1.0,1.0,0.0004224182552681,1,1,1,0,0.9735759761113302,0.9748133268806312,0.357422237476007,2.365001700316112,21.39201199566765,0.9344444444444446,0.04296596596771703,0.012766664164281715,0.4486924921335824,0.3793103448275861,11.389356948350377,0.2528735632183907,0.5517241379310345,1.4816456215478313,86.19645849490487,1.210058271558697,0.8,0.0,0.9911919920371101,1
30.0,16373.0,0.108959872961583,0.4026751358944604,0.406777418107046,360.0,0.108959872961583,0.2727050632138276,3.1322476507683623,0.0021171489061397,4.0,1.0,3.0,0.0,1142.0961464925117,30.0,0.9333333333333332,0.0666666666666666,1.0,0.0,1.0,2.0,16.0,0.0099802033089629,30.0,7.0,0.2333333333333333,1.849072828059563,1.0,1.0,1.0,48.09529994618967,0.1,0.2333333333333333,0.2333333333333333,0.1,0.1,0.0,0.3333333333333333,0.3333333333333333,0.1,14170.0,123.0,0.0086803105151729,1328.0,1328.0,0.0937191249117854,0.0027522935779816,4.713982696266826,0.4417903331434259,0.6181834045894774,0.057935607713114,0.9998015872218958,1.0,1.0,0.0018898939627311,0.0001984127781042,0.0,0.0,1.0,0.0,3005.9507878252084,0.2178248622453703,0.2178943066898148,6.944444444444444e-05,22922.0,39.0,1.0,1.0,1.0,1.0,0.0,1.0,0.0,0.0,1.0,1.0,0.0017014222144664,1,1,1,0,0.9999305603777515,0.8211127239681212,0.2578686455343145,2.7909583446564246,20.222331557689724,0.9333333333333332,0.03427189046113892,0.0008748170511014411,0.41745490762162807,0.5666666666666667,12.94350979641694,0.41111111111111115,0.9,1.193524260854051,4.0799447801939355,0.8980108871458861,1.0,0.0,0.9999768534592505,1
30.0,6192.0,0.4683462532299741,0.8409237726098191,0.8293281653746769,12.0,0.4683462532299741,0.713016795865633,1.8364373569797257,0.0003163122212498,0.0,0.0,0.0,0.0,0.0,30.0,1.0,0.0,1.0,0.0,1.0,1.0,3.0,0.0095744883991785,30.0,7.0,0.3,1.7812400113400984,1.0,1.0,1.0,66.17478107687202,0.0333333333333333,0.3,0.1666666666666666,0.1666666666666666,0.1666666666666666,0.0,0.3333333333333333,0.3333333333333333,0.1666666666666666,94843.0,667.0,0.0070326750524551,5219.0,5219.0,0.0550277827567664,0.0009594804044578,30.269106774776304,1.6656418318437578,0.8342393216522412,0.0459063401590317,0.8238686762662252,0.9750340025427988,0.982726153868898,0.5713562764360596,0.1761313237337748,0.0,0.0132117896425297,0.0,0.1511653262765737,3133.3266852909956,0.1006204761805555,0.1008403835879629,0.0002199074074074,113688.0,91.0,1.0,0.0,1.0,0.0,0.0,1.0,0.0,0.0,1.0,1.0,0.0008004362817535,1,1,1,0,0.9997801409412282,0.9084876576760734,0.6488372093023255,0.9763488015467149,8.808003273675315,1.0,0.03287867065227044,1.0,0.7684076271806598,0.4999999999999999,12.468680079380688,0.38888888888888884,0.8333333333333334,1.4235146720744496,7.940670994578655,1.063320880178421,0.6,0.0,0.9999267136470761,0
30.0,11441.0,0.387990560265711,0.8044751332925444,0.7906855461352444,33.5,0.387990560265711,0.6590333012848527,2.0591239264851553,0.0018252616208323,30.0,1.0,28.0,0.9666666666666668,45.312620427534725,30.0,0.7333333333333333,0.2666666666666666,0.0,1.0,1.0,2.0,3.0,0.0065086516961874,30.0,8.0,0.3,1.7942771605834194,1.0,1.0,1.0,240.08892182289736,0.1333333333333333,0.3,0.2,0.2,0.0,0.0,0.4333333333333333,0.4,0.0,16436.0,209.0,0.0127159892917984,2266.0,2266.0,0.1378680944268678,0.0158189340472134,3.5658733092845485,0.4916201581186898,0.4101514735607516,0.0565468020861927,0.9821387421451184,0.9974641609304036,0.9994143959223816,0.0988567358094309,0.0178612578548815,0.0020989704239926,0.0,1.0,5.669287767377784e-05,4609.249565003542,0.1408150035416666,0.1173543553935185,0.0234606481481481,40073.0,260.0,1.0,0.0,1.0,0.0,1.0,1.0,0.0,0.0,1.0,1.0,0.0064881591096249,1,1,1,0,0.9770771370735183,0.885768770053828,0.5893380532004777,1.2602032805916492,12.15960901034651,0.0,0.022350626643158077,0.021592386497859654,0.07636005839176874,0.6333333333333333,14.354217284667355,0.4888888888888889,1.0,1.1506635518964037,26.78399382468284,0.9158345053314481,0.6,0.0,0.9923590456911727,1
30.0,148522.0,0.3095366343033355,0.510011984756467,0.4689769865743793,2953.5,0.3095366343033355,0.4197559957447381,2.851069258014137,0.0006353912951392,0.0,0.0,0.0,0.0,0.0,30.0,1.0,0.0,1.0,0.0,1.0,1.0,4.0,0.0082767881391086,30.0,7.0,0.3333333333333333,1.7562794241326471,0.0,1.0,1.0,72.45890640724589,0.0,0.3333333333333333,0.1333333333333333,0.1,0.0333333333333333,0.0,0.3333333333333333,0.2333333333333333,0.0333333333333333,47215.0,686.0,0.014529280948851,8370.0,8370.0,0.1772741713438526,0.1285396590066716,13.026285066267189,2.309223890811318,0.0077500942190846,0.001373891530525,0.7042087420382785,0.8142315758181329,0.8953362471028865,1.100707877223596,0.2957912579617214,0.0467715847053464,0.0070124129426027,0.0,0.7260687914150183,3624.594407253334,0.0224512348148148,0.0019072533333333,0.0205439814814814,6092184.0,6069.0,1.0,1.0,1.0,1.0,0.0,1.0,0.0,0.0,1.0,1.0,0.0009961944681907,1,1,1,0,0.9798695775446556,0.9880690661296496,0.3892568104388574,1.9685588757227332,27.44128264679508,1.0,0.028422384563933357,1.0,0.7546179325866283,0.4666666666666666,12.29395596892853,0.3444444444444444,0.9666666666666667,1.3131312043102623,563.9030626221803,1.1020588447247968,1.0,0.0,0.9932898591815519,1
30.0,14003.0,0.1491823180746982,0.5747339855745197,0.6107715013449497,111.5,0.1491823180746982,0.392701563950582,2.7454200823701105,0.0014513085965845,30.0,1.0,1.0,0.0,5.145215815162037,30.0,0.5333333333333333,0.4666666666666667,1.0,0.0,1.0,1.0,4.0,0.0078391874253118,30.0,7.0,0.2666666666666666,1.729221763677763,0.0,1.0,1.0,80.64967796135535,0.0,0.1,0.1666666666666666,0.0,0.1333333333333333,0.0,0.1,0.1666666666666666,0.1333333333333333,20671.0,325.0,0.015722509796333,3893.0,3893.0,0.1883314788834599,0.0281553867737409,5.401461442287392,1.017265221557971,0.153200225305348,0.0288524249970354,0.9769751360894512,0.9939858162853324,0.9980326441959072,0.1287702571329761,0.0230248639105487,0.0216736080074789,0.0,1.0,0.9769751360894512,3826.9272529852087,0.0103548370601851,0.1496372444675926,0.1392824074074074,134928.0,582.0,1.0,1.0,1.0,0.0,1.0,1.0,0.0,0.0,1.0,1.0,0.0043134115972963,1,1,1,0,0.877745494442977,0.9297954429684814,0.37997690970982395,2.3358519503933084,16.218560930509025,0.5333333333333333,0.026919669312081583,0.16272821493635892,0.31532172499510347,0.2666666666666666,12.10455234574434,0.17777777777777773,0.8666666666666667,1.2043789060797383,58.571723053076425,1.0020426108126324,0.8,0.0,0.9592484981476591,1
30.0,2292.0,0.300174520069808,0.6308900523560209,0.6148632926119837,30.0,0.300174520069808,0.5113438045375218,2.638746205157949,0.0098103335513407,0.0,0.0,0.0,0.0,0.0,30.0,0.0,0.2666666666666666,0.0,1.0,0.0,0.0,0.0,0.0068840224265084,30.0,9.0,0.2333333333333333,2.045608644375375,1.0,1.0,1.0,16.53135025160562,0.1,0.1333333333333333,0.1,0.0666666666666666,0.0666666666666666,0.0666666666666666,0.2333333333333333,0.1666666666666666,0.1333333333333333,3058.0,93.0,0.0304120340091563,1535.0,1535.0,0.5019620667102681,0.2488554610856769,0.7017113526754253,0.3522324808230143,0.1886373450126457,0.0946887915612855,0.9964206095900064,0.998549918787351,1.0,0.0261503243928665,0.0035793904099936,0.0021293091973447,0.0,1.0,0.9964206095900064,4357.917238007384,0.4272843036805555,0.2652125444212963,0.1620717592592592,16211.0,761.0,1.0,0.0,1.0,0.0,0.0,0.0,0.0,0.0,1.0,1.0,0.0469434334710998,1,1,1,0,0.8605320558150654,0.7455061473367344,0.45751890634089587,1.8466618294386346,11.79226812056771,0.0,0.023639644928018632,1.0,0.4064847148664635,0.3333333333333333,18.410477799378373,0.24444444444444438,0.8666666666666667,0.957714057344151,94.8186959641799,0.8755076966741352,0.4,0.0,0.9535106852716885,0
30.0,10602.0,0.250518770043388,0.6129032258064516,0.6183676035968055,141.0,0.250518770043388,0.4695340501792114,2.689115005528879,0.0026071087164334,30.0,1.0,29.0,1.0,1.705058634814815,30.0,0.8,0.1,1.0,0.0,0.8666666666666667,1.0,5.0,0.0094661226577594,30.0,9.0,0.2,2.092785257637275,1.0,1.0,1.0,17.037051643562794,0.0666666666666666,0.0666666666666666,0.1333333333333333,0.1333333333333333,0.2,0.0,0.1333333333333333,0.2666666666666666,0.2,11507.0,103.0,0.0089510732597549,1749.0,1749.0,0.1519944381680716,0.0036499522030068,3.6308891140945825,0.5518749509473734,0.0459322771344518,0.0069814506568311,0.9942849653392646,0.9978821045127224,0.999032251003968,0.0411445211327806,0.0057150346607354,0.0005237413791126,0.0004440076169194,1.0,0.0,3169.196204588125,0.0670957918287037,1.6286004214583334,1.5615046296296295,250521.0,42.0,1.0,1.0,1.0,1.0,0.0,1.0,0.0,0.0,1.0,1.0,0.000167650616116,1,1,1,0,0.3903955465989499,0.6587767886910074,0.43444318682009675,2.0154412218385658,17.018246703444003,0.6933333333333334,0.032506544082832704,0.36967775379421997,0.4549264674950569,0.2666666666666665,18.835067318735476,0.22222222222222213,0.8,1.1598803395622044,4.491595394550593,0.9262586084908228,1.0,0.0,0.7967985155329833,1
30.0,23835.0,0.0975875812880218,0.3842248793790644,0.345641563527026,567.5,0.0975875812880218,0.2554226977134466,3.204727160050871,0.0006938501746189,30.0,1.0,1.0,0.0,0.0156542104050925,30.0,0.4666666666666667,0.5333333333333333,1.0,0.0,1.0,1.0,3.0,0.0067376157437512,30.0,6.0,0.3,1.6245721349248534,0.0,1.0,1.0,167.83216783216784,0.0,0.2666666666666666,0.1666666666666666,0.1333333333333333,0.0,0.0333333333333333,0.2666666666666666,0.3,0.0333333333333333,43237.0,1989.0,0.046002266577237,29167.0,29167.0,0.6745842681037074,0.0085806138261211,9.710476397085792,6.5505346132664455,0.078136097080536,0.0527093818615536,0.6760314266076329,0.8429425838913844,0.9093192601865518,1.0936830373916568,0.3239685733923671,0.0036033794516376,0.0008516519693716,0.0,0.0663916284511225,4452.613675233321,0.0010594925810185,0.0011636592476851,0.0001041666666666,553355.0,371.0,1.0,0.0,1.0,0.0,1.0,0.0,0.0,0.0,1.0,1.0,0.0006704556749283,1,1,1,0,0.9998958441828977,0.99888966101837,0.2216145724075239,2.8919855878134753,21.78178534752897,0.4666666666666667,0.023136886252779293,0.9845870668927283,0.5553468712273585,0.43333333333333324,9.747432809549121,0.3333333333333333,0.9666666666666667,1.2705143701043324,34.7558076033663,1.2236610278570172,0.4,0.0,0.9999652813942993,1
30.0,28910.0,0.2273953649256312,0.613628502248357,0.6069479995387985,310.0,0.2273953649256312,0.4758215150466966,2.710690856993897,0.0003019050206804,0.0,0.0,0.0,0.0,0.0,30.0,1.0,0.0,1.0,0.0,1.0,1.0,7.0,0.0067003424035902,29.0,9.0,0.2068965517241379,2.0026662876070236,1.0,1.0,1.0,304.8175182481752,0.0344827586206896,0.1724137931034483,0.1034482758620689,0.0689655172413793,0.1724137931034483,0.0344827586206896,0.2068965517241379,0.1724137931034483,0.2068965517241379,99369.0,998.0,0.010043373687971,6880.0,6880.0,0.0692368847427266,0.0194628103332025,22.19354414341203,1.5366118578900338,0.2612601716862322,0.0180888403949046,0.4030946207538413,0.7214684741790965,0.9919226066772728,1.1357278687225028,0.5969053792461587,0.0015274818195542,0.0,0.0,0.2705955420622724,4477.383123476794,0.0081003286458333,0.0742114397569444,0.0661111111111111,380345.0,1934.0,1.0,1.0,1.0,1.0,0.0,1.0,0.0,0.0,1.0,1.0,0.005084857169149,1,1,1,0,0.937988535695675,0.961440092695921,0.41717168223221485,2.094292320367198,19.710375416818025,1.0,0.023008890079597995,1.0,0.7378662173363814,0.3103448275862068,18.023996588463213,0.2298850574712643,0.7931034482758621,1.3686542417348098,168.077370319444,1.0510605879284083,1.0,0.0,0.9793295118985584,1
30.0,4224.0,0.2211174242424242,0.7310606060606061,0.7020359848484847,31.5,0.2211174242424242,0.5490056818181818,2.4495284741140835,0.0125052105043768,30.0,1.0,2.0,0.0,0.0737439803703703,30.0,1.0,0.0,1.0,0.0,1.0,1.0,26.0,0.0113829951055943,25.0,9.0,0.4,1.7886689560987936,1.0,1.0,1.0,24.719332578020392,0.08,0.4,0.04,0.04,0.04,0.04,0.48,0.08,0.08,2399.0,70.0,0.0291788245102125,973.0,973.0,0.405585660691955,0.0754481033764068,0.9102601752773576,0.3691884745914418,0.0754806028379951,0.0306138501714753,0.9966668027650336,0.999775505069799,0.9999010928698874,0.0233160321551526,0.0033331972349662,0.000224494930201,0.0,1.0,0.9966668027650336,2635.5102256077776,0.8520774596296296,0.034334404074074,0.8177430555555556,31783.0,181.0,1.0,1.0,1.0,0.0,1.0,1.0,0.0,0.0,1.0,1.0,0.0056948683258345,1,1,1,0,0.5501327577314664,0.7533697682089436,0.46157670454545446,1.9078950473095018,11.954533922519493,1.0,0.039089059541327874,0.9313207042660825,0.7647321830334484,0.52,16.098020604889143,0.36000000000000004,0.92,0.9880208755971417,23.255144602911074,0.8735426357122371,0.8,0.0,0.8500442525771555,1
30.0,2868.0,0.3605299860529986,0.7360529986052998,0.7032543003254299,22.0,0.3605299860529986,0.5857740585774058,2.3518453040859155,0.0005108034938958,30.0,1.0,30.0,0.0,308.7101700414352,30.0,1.0,0.0,1.0,0.0,1.0,1.0,19.0,0.0102162474230876,30.0,4.0,0.8,0.7026832764796582,1.0,1.0,0.0,33.838120104438644,0.0666666666666666,0.0,0.1,0.0,0.8,0.0333333333333333,0.0666666666666666,0.1,0.8333333333333334,58731.0,208.0,0.0035415708910115,1546.0,1546.0,0.0263234067187686,0.006095588360491,20.000347580178655,0.5264772838697825,1.6784601754736932,0.0441827898602497,0.975076761856734,0.9918382967004472,0.9983887610269726,0.1367226918716082,0.0249232381432661,0.0065504643265253,0.0,1.0,0.975076761856734,2936.4989664776735,0.0443599961921296,3.4902627739699077,3.445902777777778,34991.0,358.0,1.0,0.0,1.0,0.0,0.0,1.0,0.0,0.0,1.0,1.0,0.0102312023091652,1,1,1,0,0.2249261960919073,0.5901141722394867,0.5318921431892143,1.5039345494050103,10.767247017237887,1.0,0.035082462928737165,0.0032288251944268182,0.44297006430330826,0.1666666666666666,2.810733105918633,0.11111111111111106,0.16666666666666663,1.3750582935802198,32.602538617569664,0.9196582634615089,0.6,0.0,0.741642065363969,1
,,,,,,,,,,,,,,,,,,,,,,,,,,,,,,,,,,,,,,,,,,,,,,,,,,,,,,,,,,,,,,,,,,,,,,,,,,,,,,0,0,0,0,,,,,,,,,,,,,,,,,,,,0
,,,,,,,,,,,,,,,,,,,,,,,,,,,,,,,,,,,,,,,,,,,,,,,,,,,,,,,,,,,,,,,,,,,,,,,,,,,,,,0,0,0,0,,,,,,,,,,,,,,,,,,,,0
30.0,7724.0,0.1631279129984464,0.6035732780942517,0.622035214914552,84.0,0.1631279129984464,0.4447177628171931,2.713175224785323,0.0016194331983805,13.0,1.0,3.0,0.0,31.44038187454861,30.0,0.2666666666666666,0.1666666666666666,0.0,0.0,0.2666666666666666,1.0,5.0,0.0065804414396332,30.0,10.0,0.2,2.1276684672215787,1.0,1.0,1.0,0.3784128878786847,0.0333333333333333,0.1333333333333333,0.1333333333333333,0.1666666666666666,0.1333333333333333,0.0666666666666666,0.1666666666666666,0.3,0.2,18525.0,275.0,0.0148448043184885,2806.0,2806.0,0.1514709851551957,0.041025641025641,4.063422588973518,0.6154906226536946,0.0461374085346111,0.0069884787232452,0.9965858161641116,0.9999778909668224,1.0,0.0229337479570044,0.0034141838358883,0.0,0.0,1.0,0.0,4558.964664382176,0.2390741043981481,0.3272106784722222,0.088136574074074,401518.0,760.0,1.0,0.0,1.0,0.0,0.0,0.0,0.0,0.0,1.0,1.0,0.0018928167603943,1,1,1,0,0.9190022868691167,0.7802570566659294,0.39258156395649924,2.2705806127670023,15.256007568777605,0.0,0.022597151703564224,0.030825777694822976,0.08020071161732573,0.29999999999999993,21.276684672215787,0.2555555555555555,0.8,1.166361169218827,77.33849398352243,0.9423856168917728,0.4,0.0,0.9730007622897056,1
30.0,1038.0,0.3323699421965317,0.8574181117533719,0.7926782273603081,5.0,0.3323699421965317,0.7581888246628131,1.9718066008888588,0.0008400537634408,0.0,0.0,0.0,0.0,0.0,30.0,0.8,0.2,1.0,0.0,1.0,2.0,7.0,0.0064069380517756,30.0,4.0,0.6666666666666666,0.903787019142592,1.0,0.0,1.0,1.6053750334453132,0.0666666666666666,0.0333333333333333,0.0,0.0,0.6666666666666666,0.2333333333333333,0.1,0.0,0.9,35712.0,801.0,0.0224294354838709,3215.0,3215.0,0.0900257616487455,0.0010640681003584,7.626819056833693,0.6866101945486202,8.35759419611514,0.7523987830564006,1.0,1.0,1.0,-0.0,0.0,0.0,0.0,1.0,0.0,4682.423921835011,0.6282158164930556,37.56323896464121,36.93502314814815,4273.0,38.0,1.0,0.0,1.0,1.0,0.0,1.0,0.0,0.0,1.0,1.0,0.0088930493798268,0,1,1,0,0.026360864367860982,0.3200503142130314,0.5625240847784199,1.3164373549286892,6.152879090844238,0.8,0.022001343289726402,1.0,0.6680817610471209,0.0999999999999999,3.615148076570368,0.06666666666666664,0.09999999999999998,1.2403303654643694,3.62482315398699,0.9555011034607164,0.8,0.0,0.34212028812262035,0
30.0,6658.0,0.2888254731150496,0.7264944427756083,0.7098528086512466,57.5,0.2888254731150496,0.6419345148693302,2.330389720978349,0.0010571942065757,0.0,0.0,0.0,0.0,0.0,30.0,0.8666666666666667,0.1333333333333333,1.0,0.0,1.0,3.0,6.0,0.006694214336668,30.0,7.0,0.3666666666666666,1.736999145845919,1.0,1.0,0.0,11.324117924610734,0.0666666666666666,0.0,0.1666666666666666,0.0666666666666666,0.3666666666666666,0.1,0.0666666666666666,0.2333333333333333,0.4666666666666667,28377.0,886.0,0.0312224689008704,8872.0,8872.0,0.3126475666913345,0.016139831553723,6.3320573410543135,1.9797023198306327,0.7728362111226101,0.2416253608584345,0.4468426178450865,0.6475088703912797,0.8288321995043124,1.5380516649414395,0.5531573821549135,0.006287354374296,0.0,0.0,0.4839617245967167,4481.481842448067,0.0422475406597222,1.8760554110300929,1.8338078703703704,36718.0,458.0,1.0,1.0,1.0,1.0,0.0,1.0,0.0,0.0,1.0,1.0,0.0124734462661365,1,1,1,0,0.35288207448915826,0.6535817059594243,0.49933914088314807,1.6573138072743288,13.972985808760368,0.8666666666666667,0.022987846376198936,1.0,0.693356654486779,0.2333333333333332,12.158994020921433,0.1777777777777777,0.5333333333333333,1.2194553034701994,44.668243061401945,1.0811846354413541,1.0,0.0,0.7842940248297193,1
30.0,4523.0,0.2228609330090648,0.6276807428697767,0.6434446164050407,47.0,0.2228609330090648,0.5016581914658412,2.616295915528476,0.0008921402444464,1.0,1.0,1.0,1.0,14.973806548668982,30.0,1.0,0.0,1.0,0.0,1.0,1.0,13.0,0.0207391334498082,30.0,8.0,0.2333333333333333,1.8080112171367877,0.0,1.0,1.0,46.90383988997865,0.0,0.1333333333333333,0.0666666666666666,0.0333333333333333,0.2333333333333333,0.0333333333333333,0.1333333333333333,0.1,0.2666666666666666,33627.0,215.0,0.006393671751866,6986.0,6986.0,0.2077497249234246,0.0335742111993338,23.246494683890063,4.829452876012013,0.3463737214548376,0.0719590453529454,0.9995838640699476,0.9998932241642082,1.0,0.0038924310917438,0.0004161359300522,0.0004161359300522,0.0,1.0,0.0,1446.540670117627,0.105392339849537,0.4518622472569444,0.3464699074074074,97083.0,1129.0,1.0,1.0,1.0,1.0,0.0,1.0,0.0,0.0,1.0,1.0,0.0116292244780239,1,1,1,0,0.7426827695878283,0.7967133740355477,0.4331527747070527,2.033225766765995,13.293654737447662,1.0,0.07121791889875125,0.06260248594805506,0.5745801606241457,0.1999999999999999,14.464089737094302,0.1444444444444444,0.7333333333333334,1.4320785483974285,108.3169544056424,1.2161895075676386,1.0,0.0,0.9142275898626094,1
30.0,2463.0,0.3479496548924076,0.8034916768168899,0.7705914196778996,12.0,0.3479496548924076,0.6987413723101908,2.1205522298671324,0.001715462031107,30.0,1.0,12.0,1.0,28.293962904768517,30.0,0.7666666666666667,0.0666666666666666,1.0,0.0,0.8333333333333334,2.0,5.0,0.0068107493225642,30.0,8.0,0.3,1.7942771605834194,1.0,1.0,1.0,2.734759938299089,0.2,0.1333333333333333,0.3,0.2,0.0666666666666666,0.0333333333333333,0.3333333333333333,0.5,0.1,17488.0,182.0,0.0104071363220494,1702.0,1702.0,0.097323879231473,0.0069190301921317,3.970212805100118,0.3863965115668116,3.8931433659839714,0.3788958147818344,0.9997938394221506,1.0,1.0,0.0019557942951246,0.0002061605778493,0.0002061605778493,0.0,1.0,0.0,4404.801671374815,0.0014977637037037,0.001555634074074,5.787037037037037e-05,4492.0,121.0,1.0,0.0,1.0,0.0,0.0,1.0,0.0,0.0,1.0,1.0,0.0269367764915405,1,1,1,0,0.9999421329784156,0.9984756292010105,0.5592705372851536,1.3827068133035383,8.808003273675315,0.638888888888889,0.02338802602664134,0.03413672650746814,0.2967146346042808,0.6333333333333333,14.354217284667355,0.4888888888888889,0.9,1.1642758461333282,12.38570427079284,0.886691859676908,0.6,0.0,0.9999807109928053,1
30.0,33171.0,0.1526936179192668,0.4443941997527961,0.3640057077969711,739.0,0.1526936179192668,0.3530794971511259,3.1238156480648853,0.0003010083780665,30.0,1.0,1.0,0.0,8.488145833333333e-05,30.0,0.0,0.0,0.0,0.0,0.0,0.0,0.0,0.0084442303057445,30.0,6.0,0.3666666666666666,1.493123245469916,0.0,1.0,1.0,5944.954128440367,0.0,0.1333333333333333,0.3666666666666666,0.1333333333333333,0.0,0.0,0.1333333333333333,0.5,0.0,99665.0,1770.0,0.0177594943059248,27674.0,27674.0,0.2776701951537651,0.1866954296894596,28.053140447400946,7.789520982705801,0.0755376081260625,0.0209745423898124,0.6271308239225087,0.9234802340504276,0.9508503673544906,1.0106394701769874,0.3728691760774913,0.0036159039992095,5.2855185063530015e-06,0.0,0.3099059092808939,3552.7216706449767,0.0017979597916666,0.0006752746064814,0.0011226851851851,1319409.0,18607.0,1.0,1.0,1.0,1.0,0.0,0.0,0.0,0.0,1.0,1.0,0.0141025262068092,1,1,1,0,0.9988785738233696,0.9987652240737919,0.25834966285811894,2.646828935049039,22.68715220391408,0.0,0.028997378821652306,0.999915125745917,0.42303559108820243,0.4999999999999999,8.958739472819495,0.37777777777777777,1.0,1.4077219620503454,1616.6532750038727,1.2510083985751979,0.8,0.0,0.9996261912744565,1
30.0,7284.0,0.1283635365183965,0.472542559033498,0.4407834523155773,136.5,0.1283635365183965,0.3485722130697419,3.0615778699842116,0.0014963339817447,1.0,1.0,1.0,0.0,2392.259135314317,30.0,0.8333333333333334,0.1666666666666666,0.0,1.0,1.0,1.0,2.0,0.0125364563664213,30.0,9.0,0.4,1.750908167359245,0.0,1.0,1.0,23.81368000367495,0.0,0.0666666666666666,0.0333333333333333,0.1,0.0333333333333333,0.0333333333333333,0.0666666666666666,0.1333333333333333,0.0666666666666666,20049.0,112.0,0.0055863135318469,1544.0,1544.0,0.0770113222604618,0.035263604169784,8.37811378967941,0.6452096209918206,0.1470353122364416,0.0113233838143082,0.9938318376333084,0.9958528654830516,0.9972033449652894,0.0474089866751914,0.0061681623666914,0.0034076468117663,0.0004178503108313,1.0,0.9938318376333084,2393.020732654294,0.076288209849537,0.0143437654050925,0.0619444444444444,136355.0,707.0,1.0,1.0,1.0,1.0,0.0,0.0,0.0,0.0,1.0,1.0,0.0051849950496864,1,1,1,0,0.9416688464556632,0.9574891155804541,0.28457349441698687,2.6685829072665785,16.90766153104119,0.0,0.04305003075187709,0.0004178402519159989,0.13335486915616776,0.0999999999999999,15.758173506233206,0.09999999999999994,0.9333333333333333,1.2730750647473568,71.37099848373673,0.943662808614321,0.8,0.0,0.9805562821518877,1
30.0,7721.0,0.7306048439321331,0.899365367180417,0.859323058325778,26.5,0.7306048439321331,0.8480766740059578,1.277232509659437,0.001053001053001,0.0,0.0,0.0,0.0,0.0,30.0,0.4666666666666667,0.5333333333333333,1.0,0.0,1.0,1.0,4.0,0.0048148446624015,30.0,8.0,0.4,1.732125981490266,1.0,1.0,1.0,15.109121432568552,0.1666666666666666,0.0666666666666666,0.0666666666666666,0.0333333333333333,0.4,0.0666666666666666,0.2333333333333333,0.1,0.4666666666666667,28490.0,447.0,0.0156897156897156,5042.0,5042.0,0.1769743769743769,0.0271674271674271,4.572497481060698,0.8092148929276252,0.7742479006440742,0.1370220398402043,0.9869272103554476,0.995208291716188,0.997133195463815,0.0842500207116213,0.0130727896445524,0.0118920363826065,0.0004949506127241,1.0,0.0,6230.730605659005,0.1284876034490741,2.020061677523148,1.891574074074074,36797.0,774.0,1.0,1.0,1.0,1.0,0.0,1.0,0.0,0.0,1.0,1.0,0.0210343234502812,1,1,1,0,0.3458323993723782,0.6086304166431855,0.7949639511289556,0.34408025127465736,11.380872333329203,0.4666666666666667,0.016534114962270356,1.0,0.5400526587170954,0.2999999999999998,13.857007851922129,0.21111111111111103,0.5333333333333333,1.1739355156903788,75.4581337647397,0.9757583175158857,1.0,0.0,0.7819441331241261,1
30.0,2020.0,0.2217821782178217,0.5851485148514851,0.5805940594059404,31.0,0.2217821782178217,0.4435643564356435,2.7887061943482885,0.0009177679882525,0.0,0.0,0.0,0.0,0.0,30.0,0.7666666666666667,0.2333333333333333,1.0,0.0,1.0,2.0,15.0,0.0106235512254158,30.0,3.0,0.8,0.6277052571971504,0.0,0.0,1.0,7.000448331181704,0.0,0.0666666666666666,0.0,0.0,0.8,0.1333333333333333,0.0666666666666666,0.0,0.9333333333333332,32688.0,364.0,0.0111355849241311,9837.0,9837.0,0.3009361233480176,0.0599302496328928,11.575421415213134,3.4834624468138644,0.5046702999799293,0.151873523644841,0.9916424824431244,0.9992988451351642,1.0,0.0507183006347533,0.0083575175568756,0.0083575175568756,0.0,1.0,0.0,2823.914467241586,0.8284602971412037,633.1262612230671,632.2978009259259,64771.0,1959.0,1.0,1.0,1.0,1.0,0.0,1.0,0.0,0.0,1.0,1.0,0.030245017060104,0,1,0,1,0.001579035958340499,0.27424260568022235,0.4011881188118811,2.170220860156193,11.901292744339038,0.7666666666666667,0.036481138974270355,1.0,0.7017774590850939,0.0666666666666666,1.8831157715914513,0.0444444444444444,0.06666666666666676,1.3080827682522103,188.45972483808353,1.1569756141104834,1.0,0.0,0.33385967865278016,1
30.0,13080.0,0.1451834862385321,0.4685015290519878,0.4853975535168195,280.5,0.1451834862385321,0.3457186544342507,3.0040998618010875,0.001190854239441,0.0,0.0,0.0,0.0,0.0,30.0,1.0,0.0,1.0,0.0,1.0,1.0,27.0,0.0086124471050891,30.0,7.0,0.4666666666666667,1.5627947356839569,1.0,1.0,1.0,199.13952059004305,0.4666666666666667,0.0666666666666666,0.0666666666666666,0.0333333333333333,0.0666666666666666,0.0,0.5333333333333333,0.1,0.0666666666666666,25192.0,193.0,0.0076611622737376,1368.0,1368.0,0.0543029533185138,0.0980866941886313,7.232158915713568,0.3927275879920673,0.0913713684668673,0.004961735156505,0.7389788134014389,0.8468682617366271,0.9230328523499174,0.8769344887059882,0.2610211865985611,0.0032593552003395,0.0003497619383194,0.0,0.7389890600168157,3483.33053696397,0.0068448343402777,0.0568101121180555,0.0499652777777777,275710.0,2471.0,1.0,1.0,1.0,0.0,0.0,1.0,0.0,0.0,1.0,1.0,0.0089623154764063,1,1,1,0,0.9524124475015708,0.9697227417077188,0.3152905198776758,2.567954170856113,19.368142656590337,1.0,0.029575033158181108,1.0,0.7581847305376206,0.5999999999999999,10.939563149787698,0.41111111111111104,0.9333333333333333,1.2425117869332956,243.82490827904854,0.8854284101972205,0.8,0.0,0.9841374825005236,1
30.0,1161.0,0.5529715762273901,0.7760551248923342,0.784180304335343,4.5,0.5529715762273901,0.6881998277347114,1.8962495836598576,0.0002149582264513,30.0,1.0,30.0,0.0,56.859703464085655,1.0,0.0,0.0,0.0,0.0,0.0,0.0,0.0,0.0002776247517714,30.0,2.0,0.9333333333333332,0.2449300267946353,0.0,0.0,0.0,20.149410365441273,0.0,0.0,0.0,0.0,0.9333333333333332,0.0666666666666666,0.0,0.0,1.0,139562.0,2180.0,0.0156202977887963,16580.0,16580.0,0.118800246485433,0.0003152720654619,38.7458656067265,4.603018384370569,4.135292897567336,0.4912738155204598,0.9126452350878048,0.9753521463933124,0.9932578361876176,0.3628110246306187,0.0873547649121951,0.0,0.0067421638123824,0.0,0.0,3601.9843100974535,0.0211966715277777,40.19429852337963,40.173101851851854,33749.0,44.0,1.0,0.0,1.0,1.0,0.0,1.0,0.0,0.0,1.0,1.0,0.0013037423331061,0,1,1,0,0.02428770131524649,0.501759252693738,0.6685759402813666,0.8476774624629339,5.854083135617216,0.0,0.00019243481394400059,0.017283185708352522,0.0063565392264892375,0.0,0.4898600535892706,0.0,0.0,1.4464673422870014,3.7142488588409157,1.1863559986325456,0.8,0.0,0.34142923377174883,0
24.0,100.0,0.35,0.75,0.6383333333333332,1.0,0.35,0.67,2.2683983923798325,0.0045300113250283,7.0,1.0,7.0,0.0,3419.3976598906365,4.0,0.5,0.0,1.0,0.0,0.5,1.0,2.0,0.001115047137765,0.0,0.0,0.0,0.0,0.0,0.0,0.0,0.0,0.0,0.0,0.0,0.0,0.0,0.0,0.0,0.0,0.0,5298.0,0.0,0.0,298.0,298.0,0.0562476406191015,0.0067950169875424,1.4768799339697491,0.0830710117634928,1.0796820868147543,0.0607295700020379,0.3654953675163276,0.6866403995461328,0.9843594485691568,1.1703874457038963,0.6345046324836724,0.0025105649217793,0.0,0.0,0.3325542541120552,3587.2922896199307,11.967949342152778,2359.2415141569677,2347.273564814815,4907.0,36.0,1.0,1.0,1.0,0.0,1.0,0.0,1.0,0.0,1.0,1.0,0.0073364581210515,0,1,0,1,0.0004258447631414954,0.0387684399818696,0.4941666666666666,1.4744589550468912,2.2311547025799614,0.25,0.0017945991376701203,0.00029236366628550845,0.08898406107109878,0.0,0.0,0.0,1.0,1.0475906254476886,4.198116876989249,0.696389603932823,0.6,1.0,0.33347528158771383,0
23.0,533.0,0.5365853658536586,0.8630393996247655,0.7956603311852517,3.0,0.5365853658536586,0.7542213883677298,1.720838009523836,0.0371567043618739,0.0,0.0,0.0,0.0,0.0,12.0,0.0,0.75,0.0,0.0,0.0,0.0,0.0,0.0022325870745506,1.0,1.0,1.0,-0.0,0.0,0.0,0.0,1.0,0.0,0.0,0.0,0.0,1.0,0.0,0.0,0.0,1.0,619.0,2.0,0.0032310177705977,299.0,299.0,0.4830371567043618,0.0516962843295638,0.1151642832622352,0.0556286279408858,0.0229582375194718,0.011089681774349,0.9696334205139352,0.9873300968063042,0.9955619424357643,0.1696313089550357,0.0303665794860648,0.00823184562946,0.0038623307032052,1.0,0.9696334205139352,5374.930338233449,4.7649447149305555,1127.4481044371528,1122.6831597222222,26962.0,32.0,0.0,1.0,1.0,0.0,0.0,0.0,1.0,0.0,1.0,1.0,0.0011868555745122,0,1,0,1,0.0008899305746000527,0.08717418698857242,0.6661228485194551,0.7974615166086069,4.4057181043468265,0.0,0.005726472782345493,1.0,0.35105354007146183,0.0,-0.0,0.0,0.0,0.7485232362584968,4.976888976932802,0.6640124396447533,0.4,1.0,0.3336299768582,0
30.0,664.0,0.3478915662650602,0.8825301204819277,0.8142570281124497,2.0,0.3478915662650602,0.8012048192771084,1.8419122906708616,0.0570342205323193,0.0,0.0,0.0,0.0,0.0,30.0,0.9333333333333332,0.0666666666666666,1.0,0.0,1.0,4.0,14.0,0.0061169685758258,1.0,1.0,1.0,-0.0,0.0,0.0,0.0,1.0,0.0,0.0,0.0,0.0,1.0,0.0,0.0,0.0,1.0,526.0,54.0,0.1026615969581749,158.0,158.0,0.3003802281368821,0.0019011406844106,0.1072508490294805,0.0322160344993496,0.5519412381951732,0.1657922350472193,1.0,1.0,1.0,-0.0,0.0,0.0,0.0,1.0,0.0,4904.390079409178,13.895519223993054,919.7465608906598,905.8510416666668,953.0,1.0,1.0,1.0,1.0,0.0,0.0,0.0,0.0,0.0,1.0,1.0,0.0010493179433368,0,1,0,1,0.0011027169337117794,0.03411017899591755,0.5810742971887549,1.201126538946511,3.7726205419764307,0.9333333333333332,0.021005591819623526,1.0,0.709444915737702,0.0,-0.0,0.0,0.0,0.7374657485292019,0.15956087444388237,0.5964614029438042,0.6,0.0,0.3337009056445706,0
30.0,3497.0,0.946239633971976,0.9588218472976836,0.923868077399676,5.5,0.946239633971976,0.952816700028596,0.3866453065466638,0.0001627189247533,30.0,1.0,29.0,0.0,1031.0665186139236,0.0,0.0,0.0,0.0,0.0,0.0,0.0,0.0,0.0,30.0,1.0,1.0,-0.0,0.0,0.0,0.0,26.670782528167926,0.0,0.0,0.0,0.0,1.0,0.0,0.0,0.0,1.0,184367.0,5224.0,0.0283347887637158,51010.0,51010.0,0.2766764117222713,0.0010630969750551,61.17891745358381,16.926763354110605,1.5869219049914356,0.4390638583565016,0.0,0.0,0.0,0.0,0.0,0.0,0.0,0.0,0.0,3013.57081272272,0.0314145745717592,632.7904192042014,632.7590046296297,116179.0,196.0,1.0,1.0,1.0,1.0,1.0,0.0,0.0,0.0,1.0,1.0,0.0016870518768452,0,1,0,1,0.0015778868508296818,0.48556002577531954,0.935053855685826,0.0207861932029662,6.427744724807507,0.0,0.0,0.0009689297947025844,0.0003229765982341948,0.0,-0.0,0.0,0.0,1.5134022119073467,16.16536303316999,1.353022090686349,0.8,0.0,0.3338592956169432,0
30.0,2661.0,0.3370913190529876,0.7399473881999249,0.723925842415132,18.0,0.3370913190529876,0.5809845922585494,2.3335626408259458,0.0076433121019108,4.0,1.0,4.0,0.0,2150.5052275089697,30.0,1.0,0.0,1.0,0.0,1.0,7.0,26.0,0.0049997590907422,21.0,5.0,0.238095238095238,1.5648538428609964,1.0,1.0,1.0,0.0713664022837248,0.238095238095238,0.238095238095238,0.238095238095238,0.0,0.1904761904761904,0.0952380952380952,0.4761904761904761,0.238095238095238,0.2857142857142857,3925.0,233.0,0.0593630573248407,1164.0,1164.0,0.2965605095541401,0.0063694267515923,0.6541351477054422,0.1939906527207986,0.2257693413862525,0.0669542709232096,0.9955377406750068,0.9999543687151912,1.0,0.0288569995884875,0.0044622593249932,0.0044166280401843,4.563128480886496e-05,1.0,0.0,6000.289104948218,2.843861892662037,32.33631559636574,29.492453703703703,17385.0,25.0,1.0,1.0,1.0,0.0,1.0,1.0,0.0,0.0,1.0,1.0,0.0014380212827149,0,1,1,0,0.03279499936991089,0.14507617232105166,0.5305085807340598,1.5469389321371545,10.111165778844862,1.0,0.017169108743117004,0.000464790876273077,0.3866169814245212,0.714285714285714,7.824269214304982,0.476190476190476,0.7142857142857143,0.9512040363826121,3.021010630162813,0.8115586909792744,0.8,0.0,0.34426499978997027,1
30.0,1689.0,0.2966252220248668,0.7761989342806395,0.7241563055062166,11.0,0.2966252220248668,0.5820011841326228,2.3298711709545685,0.001787310098302,30.0,1.0,1.0,0.0,46.57652663321759,30.0,1.0,0.0,1.0,0.0,1.0,4.0,12.0,0.0055804933142441,21.0,2.0,0.6666666666666666,0.6365141682948128,0.0,0.0,0.0,0.8061452580984408,0.0,0.0,0.0,0.0,0.6666666666666666,0.3333333333333333,0.0,0.0,1.0,16785.0,574.0,0.0341971998808459,3721.0,3721.0,0.2216860291927316,0.0003574620196604,3.122286009319589,0.6921671874100798,3.659254414650098,0.8112055809897537,0.9914020544523542,1.0,1.0,0.0494547005196651,0.0085979455476458,0.0085979455476458,0.0,1.0,0.0,5375.868818422592,0.1308323114814814,46.57678138555555,46.44594907407407,4587.0,6.0,1.0,0.0,1.0,0.0,1.0,1.0,0.0,0.0,1.0,1.0,0.001308044473512,0,1,1,0,0.02107661495902989,0.4526615329779197,0.5103907637655417,1.638772617580833,8.533137639712045,1.0,0.019163342635829146,0.021018768513921048,0.3996393375707435,0.0,1.2730283365896256,0.0,0.0,1.132508353155979,0.6167572649359386,0.9571561147413685,0.6,0.0,0.34035887165300993,1
30.0,304.0,0.3256578947368421,0.875,0.794736842105263,1.0,0.3256578947368421,0.7763157894736842,1.919730241255948,0.0070191857744501,2.0,1.0,2.0,0.0,3122.43561606934,23.0,0.8695652173913043,0.0869565217391304,1.0,0.0,0.9565217391304348,1.0,6.0,0.0055743472964582,0.0,0.0,0.0,0.0,0.0,0.0,0.0,0.0,0.0,0.0,0.0,0.0,0.0,0.0,0.0,0.0,0.0,4274.0,1.0,0.0002339728591483,541.0,541.0,0.1265793167992512,0.0479644361254094,1.0358591454375083,0.131118342929736,0.3203177696170277,0.0405456044367833,0.8874373496565062,0.9888217229451032,1.0,0.3882604038387372,0.1125626503434937,0.0111782770548966,0.1013843732885971,0.0,0.0,4126.043602271111,2.5984055118518516,1948.7168082896296,1946.118402777778,13343.0,205.0,1.0,1.0,1.0,1.0,1.0,0.0,1.0,0.0,1.0,1.0,0.0153638612006295,0,1,0,1,0.0005135794508302064,0.1392068793929528,0.5601973684210525,1.2945549324258863,2.3802585488678076,0.831758034026465,0.0177155757771987,0.0003201602731476953,0.33217912346812156,0.0,0.0,0.0,1.0,1.0042015812088,24.519949087527245,0.7561373476526982,0.8,1.0,0.33350452648361006,0
30.0,2525.0,0.3873267326732673,0.8598019801980198,0.7749570957095708,15.5,0.3873267326732673,0.6895049504950495,2.04936538707853,0.0012059331913012,16.0,1.0,13.0,1.0,73.0222298490625,30.0,0.9666666666666668,0.0333333333333333,1.0,0.0,1.0,3.0,17.0,0.0063987426916304,30.0,3.0,0.8,0.6277052571971504,0.0,0.0,1.0,4.718921930242973,0.0,0.0666666666666666,0.0,0.0,0.8,0.1333333333333333,0.0666666666666666,0.0,0.9333333333333332,24877.0,225.0,0.009044498934759,2232.0,2232.0,0.0897214294328094,0.0115367608634481,5.306050731323027,0.4760664562573058,7.109745641611889,0.6378965418691055,0.9827176275875698,0.9905575317425028,0.9967362037448744,0.1083093634815517,0.0172823724124302,0.008929894768045,0.0,1.0,0.0,4688.42106100978,0.2642670282986111,44.45205638015046,44.187789351851855,3499.0,287.0,1.0,1.0,1.0,0.0,0.0,1.0,0.0,0.0,1.0,1.0,0.0820234352672192,0,1,1,0,0.022129872125709965,0.4064866736131015,0.581141914191419,1.2555913876477174,9.626703677593646,0.9666666666666668,0.02197320052785164,0.013509455227694213,0.3947200490206604,0.0666666666666666,1.8831157715914513,0.0444444444444444,0.06666666666666676,1.1973745088900483,28.354810917186185,0.9122025306625109,0.8,0.0,0.3407099573752366,1
30.0,13522.0,0.085342404969679,0.3557166099689395,0.3131637331755657,339.5,0.085342404969679,0.2367253364886851,3.242652155062601,0.0020130175132523,30.0,1.0,1.0,0.0,0.8468332746643519,30.0,0.0,0.0,0.0,0.0,0.0,0.0,0.0,0.0076740151682618,30.0,7.0,0.7,1.13140223914377,1.0,1.0,0.0,0.5100592058307324,0.0333333333333333,0.0,0.7,0.0666666666666666,0.0666666666666666,0.0666666666666666,0.0333333333333333,0.7666666666666667,0.1333333333333333,14903.0,613.0,0.0411326578541233,4078.0,4078.0,0.2736361806347715,0.0677715896128296,3.812194935086896,1.043154461872399,0.015203466100545,0.0041602183961633,0.799483561198406,0.8903441021039415,0.9656941684038076,0.7474009768952257,0.2005164388015939,0.000847959609271,0.1130514303975973,0.0,0.0756414678493972,3909.2964167432874,1.1543334099537037,8.53551396550926,7.381180555555556,980237.0,1010.0,1.0,1.0,0.0,0.0,0.0,0.0,0.0,0.0,1.0,1.0,0.0010303630652587,1,1,1,0,0.1193149334239243,0.28452591072085204,0.19925306907262233,2.965916421669446,20.02157093811123,0.0,0.02635246989483595,0.541467393791539,0.26203517755545797,0.7333333333333333,7.919815674006389,0.5111111111111111,0.8666666666666667,1.1617289088100118,105.10558262725517,1.0050755421286903,0.6,0.0,0.7064383111413081,1
30.0,10771.0,0.1885618791198589,0.7368860830006498,0.7226100950082008,69.5,0.1885618791198589,0.5271562529013091,2.4091012207538895,0.0031188273209273,0.0,0.0,0.0,0.0,0.0,30.0,0.5,0.5,0.0,1.0,1.0,1.0,5.0,0.0052414900484648,4.0,2.0,0.5,0.6931471805599453,0.0,0.0,0.0,0.197446112236917,0.0,0.0,0.0,0.0,0.5,0.5,0.0,0.0,1.0,9619.0,0.0,0.0,2364.0,2364.0,0.2457635928890737,0.0189208857469591,1.6805964258727648,0.4130294158190265,0.0719306641939488,0.0176779384712023,0.6732652368926916,0.9008376268110164,0.9959855379628476,0.8510296381034258,0.3267347631073084,0.0,0.322720301070156,0.0,0.0,5723.563284882615,0.6360742344675926,1681.46517145669,1680.829097222222,133726.0,182.0,1.0,1.0,1.0,1.0,0.0,0.0,1.0,0.0,1.0,1.0,0.0013609918789165,0,1,0,1,0.0005945907355578763,0.3059067876381154,0.45558598706402986,1.9548365675785901,14.613719592760138,0.0,0.017999209758864352,1.0,0.38903074606413796,0.0,1.3862943611198906,0.0,0.0,1.0599701314912615,19.843866831928043,0.8978164850393179,0.8,1.0,0.33353153024518595,0
30.0,22176.0,0.4117965367965367,0.7659181096681097,0.7153769841269839,169.0,0.4117965367965367,0.6291937229437229,2.2534983571671656,0.0030027024321889,0.0,0.0,0.0,0.0,0.0,30.0,0.0,0.6,0.0,0.0,0.0,0.0,0.0,0.0055627000935376,10.0,2.0,0.9,0.3250829733914482,1.0,0.0,0.0,0.3471362863488655,0.1,0.0,0.0,0.0,0.9,0.0,0.1,0.0,0.9,9991.0,523.0,0.052347112401161,2465.0,2465.0,0.2467220498448603,0.069962966670003,1.8525645544844984,0.4570685243523459,0.1466784115099464,0.0361887983557219,0.938401743171647,0.9884371285532108,0.9921415962282945,0.2771982971398118,0.0615982568283529,0.0037044676750835,0.0005510090816781,0.0,0.0500353853815638,5393.064428230312,0.3559675821643518,852.0864421192014,851.730474537037,68115.0,699.0,1.0,1.0,1.0,1.0,0.0,0.0,0.0,0.0,1.0,1.0,0.0102620568156793,0,1,0,1,0.0011727034858733274,0.3693264859585487,0.5635867604617604,1.3255155380090418,17.636266117645413,0.0,0.019102240943596444,1.0,0.3924440060891074,0.1,0.6501659467828964,0.06666666666666667,0.09999999999999998,1.0717191937958914,75.89955589444126,0.9088949974023557,0.8,0.0,0.3337242344952911,0
30.0,21394.0,0.2321678975413667,0.5008413573899224,0.5092081892119285,478.5,0.2321678975413667,0.3944563896419557,2.907134573461448,0.0013295514979613,2.0,1.0,2.0,1.0,2.3471020311458335,30.0,0.0,1.0,0.0,1.0,1.0,2.0,5.0,0.0054852278866199,30.0,6.0,0.3,1.539671493265494,0.0,1.0,1.0,11.486510440670756,0.0,0.0333333333333333,0.1333333333333333,0.2,0.0,0.0,0.0333333333333333,0.3333333333333333,0.0,22564.0,811.0,0.0359422088282219,4190.0,4190.0,0.1856940258819358,0.0167966672575784,4.125622734456429,0.766103494831255,0.2025166490154194,0.0376061318637922,0.5921909495481538,0.9975810559600266,0.9985413150516418,0.69393047329689,0.4078090504518461,3.091217876433717e-05,0.0010389926751346,0.0,0.0,5469.234937835695,0.8106901505092593,0.8742896875462963,0.063599537037037,111418.0,379.0,1.0,1.0,1.0,0.0,0.0,0.0,0.0,0.0,1.0,1.0,0.0034016047676318,1,1,1,0,0.9402034931171446,0.5429055301257655,0.37068804337664757,2.232191251671086,21.19712354967069,0.0,0.01883620237633784,0.2987659147210592,0.1578760715272045,0.1666666666666666,9.238028959592963,0.17777777777777773,1.0,1.1646163513966623,37.80867196846156,0.9690302141566769,0.6,0.0,0.9800678310390483,0
30.0,3839.0,0.3860380307371711,0.784839802031779,0.7646696188243465,24.5,0.3860380307371711,0.6462620474081792,2.157900947548634,0.0004449916193245,0.0,0.0,0.0,0.0,0.0,30.0,0.9333333333333332,0.0666666666666666,1.0,0.0,1.0,2.0,8.0,0.0062406492717931,30.0,4.0,0.8666666666666667,0.5313039033395413,0.0,1.0,0.0,7.740086000955566,0.0,0.0,0.0666666666666666,0.0,0.8666666666666667,0.0,0.0,0.0666666666666666,0.8666666666666667,67417.0,1341.0,0.0198911253838052,11950.0,11950.0,0.1772549950309269,0.0083658424433006,14.024195065215975,2.485858626597608,1.547255117965666,0.2742586982465804,0.8885579998751302,0.9965617227395288,0.9983403923527372,0.3672456234242425,0.1114420001248698,0.0017786696132083,0.0016596076472629,0.0,0.0,4807.192119391227,0.1072582801157407,29.696899483819443,29.589641203703703,43572.0,564.0,1.0,1.0,1.0,0.0,0.0,1.0,0.0,0.0,1.0,1.0,0.0129440925364913,1,1,1,0,0.03269080514350469,0.4678541161011275,0.5753538247807588,1.3248691152310836,11.12158036417424,0.9333333333333332,0.02143030974701705,1.0,0.71075917841996,0.0666666666666666,2.125215613358165,0.0444444444444444,0.1333333333333333,1.311428917870302,50.725503654037226,1.1073667505711327,0.8,0.0,0.6775636017145016,0
30.0,2125.0,0.1590588235294117,0.5632941176470588,0.5481882352941176,31.5,0.1590588235294117,0.4305882352941176,2.8615038073672023,0.0003132962947491,30.0,1.0,1.0,0.0,21.713506455625,0.0,0.0,0.0,0.0,0.0,0.0,0.0,0.0,0.0,30.0,4.0,0.5666666666666667,1.0734244665117096,1.0,0.0,1.0,27.21488418974822,0.0333333333333333,0.1666666666666666,0.0,0.0,0.5666666666666667,0.2333333333333333,0.2,0.0,0.8,95756.0,2662.0,0.0277998245540749,15483.0,15483.0,0.1616922177200384,0.0006265925894983,47.56696162711885,7.691207515692815,0.0434357991073878,0.0070232306861156,0.5490161954095943,0.7703415163489691,0.9058014782662108,1.217951456700646,0.4509838045904056,0.0,0.3567852828566163,0.0,0.0,2013.0779162661229,0.0049648772337962,3.170994969826389,3.1660300925925924,2204541.0,60.0,1.0,0.0,1.0,1.0,1.0,1.0,0.0,0.0,1.0,1.0,2.721654983962648e-05,1,1,1,0,0.2400366722693745,0.6174052997217319,0.35362352941176467,2.406356378242443,11.954533922519493,0.0,0.0,0.04402666765493401,0.014675555884978002,0.1999999999999999,4.293697866046839,0.1333333333333333,0.19999999999999996,1.5074850429026738,5.2312340537841004,1.268012439906983,0.8,0.0,0.7466788907564581,1
30.0,22987.0,0.4019228259450994,0.6685082872928176,0.6406824146981627,292.0,0.4019228259450994,0.5813720798712315,2.452045599393905,0.0004933967073993,0.0,0.0,0.0,0.0,0.0,30.0,0.5333333333333333,0.4666666666666667,1.0,0.0,1.0,1.0,16.0,0.0057367665497515,30.0,2.0,0.8,0.5004024235381879,0.0,0.0,0.0,4.489221192865048,0.0,0.0,0.0,0.0,0.8,0.2,0.0,0.0,1.0,60803.0,0.0,0.0,17233.0,17233.0,0.2834235152870746,0.0163478775718303,11.62708721748484,3.2953899317289648,0.1839254654627403,0.0521288019722612,0.8829210195183332,0.9699259649430838,0.9977855812093368,0.4376970017155644,0.1170789804816668,0.0016504257747344,6.55488250958359e-05,0.0,0.0,5229.426670796447,0.0042170927430555,1228.7381638520023,1228.7339467592592,330585.0,994.0,1.0,0.0,1.0,0.0,0.0,1.0,1.0,0.0,1.0,1.0,0.0030067909917267,0,1,0,1,0.0008131840245894802,0.4983068988414106,0.5213026203216311,1.4665125027392616,19.50564005863162,0.5333333333333333,0.01969998292696505,1.0,0.5720714585137299,0.0,1.0008048470763757,0.0,0.0,1.2864804598056028,90.23721520425742,1.1392360409633064,0.6,1.0,0.3336043946748632,0
30.0,7335.0,0.8954328561690524,0.9687798227675528,0.9330652124517154,7.0,0.8954328561690524,0.9593728698023176,0.5481190733525889,0.0004899719082772,0.0,0.0,0.0,0.0,0.0,30.0,1.0,0.0,1.0,0.0,1.0,1.0,2.0,0.0058229644385204,30.0,5.0,0.3666666666666666,1.4035444402084123,0.0,0.0,1.0,11.418300999101335,0.0,0.2333333333333333,0.0,0.0,0.1,0.0333333333333333,0.2333333333333333,0.0,0.1333333333333333,61228.0,804.0,0.0131312471418305,7163.0,7163.0,0.1169889592996668,0.0023192003658456,11.884282221390954,1.3903298091040603,1.2300707168113147,0.1439046930247509,0.9720259367682604,0.9946169803559156,1.0,0.1413273190111413,0.0279740632317394,0.0,0.022591043587655,1.0,0.0,5152.014977285289,0.0615860815856481,8.122060618622687,8.060474537037036,49776.0,142.0,1.0,1.0,1.0,1.0,0.0,1.0,0.0,0.0,1.0,1.0,0.0028527804564448,1,1,1,0,0.11036949509788267,0.5258055411082754,0.914249034310384,0.05731524597974586,7.140775646603422,1.0,0.019995985374051086,1.0,0.7285429748634287,0.2333333333333333,7.017722201042061,0.15555555555555553,0.8666666666666667,1.2895391463655914,12.88288452959907,1.0385248622755174,1.0,0.0,0.7034564983659609,0
30.0,490.0,0.2061224489795918,0.5775510204081633,0.5119727891156463,9.0,0.2061224489795918,0.4673469387755102,2.866764591782524,0.0012556504269211,23.0,1.0,1.0,0.0,265.9330786695602,0.0,0.0,0.0,0.0,0.0,0.0,0.0,0.0,0.0,29.0,4.0,0.8275862068965517,0.6415758075523197,0.0,1.0,1.0,3.1512184937889955,0.0,0.0344827586206896,0.0689655172413793,0.0,0.8275862068965517,0.0689655172413793,0.0344827586206896,0.0689655172413793,0.896551724137931,23892.0,390.0,0.0163234555499748,9817.0,9817.0,0.4108906747028294,0.0105056085719069,6.726241918371175,2.763750080053985,0.5588249052720213,0.2296159423679655,0.8309074957482059,0.942343473021342,0.9882888302220126,0.5920468337237953,0.1690925042517941,0.0459453572006706,0.0,0.0,0.111435977273136,3552.0577893862155,0.0335301269560185,256.468217626956,256.4346875,42754.0,251.0,1.0,1.0,1.0,1.0,1.0,0.0,0.0,0.0,1.0,1.0,0.0058707957150208,0,1,0,0,0.003884480408258891,0.4857208215342263,0.35904761904761906,2.2758600534763302,7.907047746579794,0.0,0.0,0.0037462573203147767,0.0012487524401049255,0.1034482758620689,2.5663032302092788,0.06896551724137927,0.10344827586206895,1.2330640412512912,24.897481868300538,1.1242840846700515,0.8,0.0,0.3346281601360863,0
30.0,1931.0,0.3723459347488348,0.7017089590885551,0.6466942862074916,21.5,0.3723459347488348,0.6447436561367167,2.3986541115368314,0.0003497074114657,30.0,1.0,1.0,0.0,19.421580003472226,0.0,0.0,0.0,0.0,0.0,0.0,0.0,0.0,0.0,29.0,3.0,0.7241379310344828,0.744129541411298,0.0,1.0,0.0,1.9247802396603368,0.0,0.0,0.0689655172413793,0.0,0.7241379310344828,0.2068965517241379,0.0,0.0689655172413793,0.9310344827586208,85786.0,1062.0,0.0123796423658872,20800.0,20800.0,0.2424638052829133,8.159839600867274e-05,45.14752266126776,10.946640143547542,0.0385053534766852,0.0093361545277207,0.8174082060855272,0.9998363181853196,0.9999798496868758,0.4766973269296674,0.1825917939144727,3.608422060246973e-06,0.1824291490934406,0.0,0.0,1900.1264064867016,0.0233162089236111,7.203385653368055,7.180069444444444,2227898.0,7.0,1.0,0.0,1.0,1.0,1.0,1.0,0.0,0.0,1.0,1.0,3.1419750814444825e-06,1,1,1,0,0.12224835092068288,0.549557969127433,0.5095201104781633,1.5055250042375141,10.691771732797038,0.0,0.0,0.0489678075756123,0.0163226025252041,0.0689655172413793,2.2323886242338937,0.045977011494252866,0.06896551724137923,1.5044407915594984,0.6162176463063761,1.3167944515567245,0.8,0.0,0.707416116973561,0
30.0,2886.0,0.3652113652113652,0.8534303534303534,0.8015015015015015,14.0,0.3652113652113652,0.8045738045738046,1.903935661335432,0.0020289463005545,0.0,0.0,0.0,0.0,0.0,30.0,0.9333333333333332,0.0666666666666666,1.0,0.0,1.0,1.0,5.0,0.0055584410508537,29.0,6.0,0.5172413793103449,1.3183820577770953,0.0,1.0,0.0,3.015434606011373,0.0,0.0,0.0344827586206896,0.0344827586206896,0.5172413793103449,0.0,0.0,0.0689655172413793,0.5172413793103449,14786.0,390.0,0.0263763019072095,1341.0,1341.0,0.0906938996347896,0.0040578926011091,2.7395703125974276,0.2484623149731604,0.8656908665105386,0.0785128805620608,0.9822536113216376,0.9999008160039846,1.0,0.0897472171474707,0.0177463886783624,0.0,9.918399601539076e-05,1.0,0.0,5397.196754429827,0.1614766520486111,9.778374800196758,9.616898148148149,17080.0,60.0,1.0,1.0,1.0,0.0,0.0,0.0,0.0,0.0,1.0,1.0,0.0035128805620608,1,1,1,0,0.09418946909408045,0.4768756667403916,0.5833564333564334,1.2085967191845153,9.299409739688416,0.9333333333333332,0.019087615445516574,1.0,0.7035098595242504,0.0344827586206896,7.910292346662572,0.034482758620689634,0.48275862068965514,1.1172326718095997,6.249021184323675,0.8380162592097012,0.6,0.0,0.6980631563646935,0
30.0,1735.0,0.8576368876080691,0.9285302593659942,0.8853602305475503,5.0,0.8576368876080691,0.9181556195965418,0.7933269209574259,0.0001007174439255,30.0,1.0,1.0,0.0,0.1803258939583333,0.0,0.0,0.0,0.0,0.0,0.0,0.0,0.0,0.0,30.0,2.0,0.8,0.5004024235381879,0.0,0.0,0.0,182.47096092925025,0.0,0.0,0.0,0.0,0.8,0.2,0.0,0.0,1.0,297863.0,6097.0,0.0204691418538052,27915.0,27915.0,0.0937175815727364,5.371597009363365e-05,68.62701368199015,6.431557752835213,53.73678513440375,5.036081544290096,0.5775939818800475,0.7536127167630058,0.9245377772311728,1.1324264352291695,0.4224060181199524,0.0030182839339154,0.3469437953511253,0.0,0.0,4340.317085245474,0.0174440417708333,4.083705615844908,4.066261574074074,5543.0,16.0,0.0,0.0,1.0,0.0,1.0,0.0,0.0,0.0,1.0,1.0,0.0028865235432076,1,1,1,0,0.19738420241018903,0.5897809705849563,0.8714985590778097,0.11294048961180649,6.152879090844238,0.0,0.0,0.8472236397749494,0.2824078799249831,0.0,1.0008048470763757,0.0,0.0,1.5047930324214405,1.2693987648389433,1.2221532486345144,0.2,0.0,0.7324614008033964,0
30.0,2581.0,0.320030995738086,0.7466098411468423,0.7459770114942528,12.5,0.320030995738086,0.6427741185586981,2.2117008022781275,6.893524912050111e-05,0.0,0.0,0.0,0.0,0.0,0.0,0.0,0.0,0.0,0.0,0.0,0.0,0.0,0.0,30.0,4.0,0.7333333333333333,0.8685006460951055,0.0,1.0,1.0,1.297377165861562,0.0,0.1,0.1,0.0,0.7333333333333333,0.0666666666666666,0.1,0.1,0.8,435191.0,4600.0,0.0105700715318101,47701.0,47701.0,0.1096093439432341,0.0030538315360381,117.35915131682522,12.863659581571952,81.16206639313688,8.896120850428945,0.9676794721617938,1.0,1.0,0.1427182550274961,0.0323205278382061,0.0323205278382061,0.0,1.0,0.0,3708.198253872396,0.0036010946180555,0.5307885946180555,0.5271875,5362.0,1329.0,1.0,0.0,1.0,0.0,0.0,0.0,0.0,0.0,1.0,1.0,0.2478552778813875,1,1,1,0,0.6547984448536934,0.8248349474200544,0.5330040036161694,1.5038879922503345,8.937603077061484,0.0,0.0,1.0,0.3333333333333333,0.2,3.474002584380422,0.13333333333333333,0.19999999999999996,1.5797292144632866,102.36035276815133,1.3107358007853442,0.4,0.0,0.8849328149512311,0
22.0,2168.0,0.6448339483394834,0.9469557195571956,0.8732807782623282,6.0,0.6448339483394834,0.8980627306273062,1.2126787846872884,0.0705128205128205,30.0,1.0,1.0,0.0,10.680030048854166,30.0,0.1,0.9,1.0,0.0,1.0,1.0,2.0,0.0078938973072928,30.0,7.0,0.5333333333333333,1.434521286661633,0.0,1.0,1.0,3.481881989454948,0.0,0.1,0.5333333333333333,0.1666666666666666,0.0,0.0,0.1,0.7,0.0,312.0,27.0,0.0865384615384615,35.0,35.0,0.1121794871794871,0.2211538461538461,0.0820965319958452,0.0092095468585082,0.0232679543590126,0.0026101871877097,0.5897289839711516,0.9019064480537808,0.9686974611614748,1.0027517963835055,0.4102710160288483,0.0004113301319059,0.0741314006343642,0.0,0.0,3800.404138973264,1.819914436226852,1.8199491584490743,3.472222222222222e-05,13409.0,69.0,1.0,1.0,1.0,0.0,1.0,1.0,0.0,0.0,1.0,1.0,0.0051457975986277,1,1,1,0,0.9999652789833687,0.35461850566099185,0.7590573633009058,0.430702335889858,6.101390017080764,0.1,0.027107542346763224,0.08561621809338599,0.14575464279017789,0.6333333333333333,10.041649006631431,0.4777777777777777,1.0,0.6970680772584703,12.007929009817342,0.43471429279793755,0.8,0.0,0.9999884263277896,0
30.0,3808.0,0.1008403361344537,0.4220063025210084,0.413690476190476,98.0,0.1008403361344537,0.2854516806722689,3.120899635345173,0.0008370769273696,0.0,0.0,0.0,0.0,0.0,30.0,0.6,0.4,1.0,0.0,1.0,2.0,10.0,0.0066951422611346,30.0,3.0,0.9,0.3887343902209295,0.0,0.0,0.0,41.87263739459145,0.0,0.0,0.0,0.0666666666666666,0.9,0.0333333333333333,0.0,0.0666666666666666,0.9333333333333332,35839.0,531.0,0.0148162616144423,3120.0,3120.0,0.087056000446441,0.0025670359106001,7.998240116560177,0.6962947951580053,0.602589323245061,0.0524590163934426,0.5993710341400974,0.9510487005718248,0.984313297284911,0.8720954914226132,0.4006289658599026,0.0076358410540581,0.0004075654826172,0.0,0.5993710341400974,4480.860723992986,0.0121707522453703,0.5000064003935185,0.4878356481481481,59475.0,92.0,1.0,1.0,1.0,0.0,1.0,0.0,0.0,0.0,1.0,1.0,0.0015468684321143,1,1,1,0,0.6721172471197754,0.8273197079412846,0.25726540616246485,2.806187067075072,15.779582768437884,0.6,0.02299103285694397,1.0,0.6044776259604056,0.0,1.1662031706627884,0.0222222222222222,0.06666666666666676,1.2472406122741906,8.77291697170786,0.956933014316935,0.6,0.0,0.8907057490399252,1
30.0,1768.0,0.3523755656108597,0.8444570135746606,0.7842006033182503,10.5,0.3523755656108597,0.7907239819004525,1.9708532459051913,0.0011737548417387,0.0,0.0,0.0,0.0,0.0,30.0,1.0,0.0,1.0,0.0,1.0,1.0,15.0,0.0053646811103835,5.0,3.0,0.6,0.9502705392332348,0.0,0.0,1.0,0.2446084226833544,0.0,0.2,0.0,0.0,0.6,0.2,0.2,0.0,0.8,25559.0,412.0,0.0161195664932117,3151.0,3151.0,0.1232833835439571,0.0055948980789545,4.570529483343139,0.5634703392939564,11.16113537117904,1.3759825327510915,0.9902523809678224,1.0,1.0,0.0548385694489878,0.0097476190321775,0.0097476190321775,0.0,1.0,0.0,5592.131085199537,0.8273351995370372,640.1835504773148,639.3562152777778,2290.0,143.0,1.0,0.0,1.0,0.0,0.0,0.0,0.0,0.0,1.0,1.0,0.0624454148471615,0,1,0,1,0.001561630817569583,0.2744022938742985,0.568288084464555,1.2763727186433507,8.38698846837008,1.0,0.018422246289200105,1.0,0.7236731391032016,0.2,2.8508116176997045,0.13333333333333333,0.19999999999999996,1.1760606409955787,14.090358142935901,0.9335207566787678,0.4,0.0,0.3338538769391899,0
28.0,339.0,0.7374631268436578,0.887905604719764,0.8406026127265065,1.5,0.7374631268436578,0.8466076696165191,1.281276774669641,0.0019981445800328,0.0,0.0,0.0,0.0,0.0,7.0,1.0,0.0,1.0,0.0,1.0,1.0,5.0,0.0015033229921391,10.0,1.0,1.0,-0.0,0.0,0.0,0.0,0.3517941092402142,0.0,0.0,0.0,0.0,1.0,0.0,0.0,0.0,1.0,14013.0,388.0,0.0276885748947405,1122.0,1122.0,0.0800685078141725,0.0190537358167415,3.0094378698350397,0.2409611995971537,3.866721854304635,0.3096026490066225,0.99465244822491,1.0,1.0,0.0333068940424072,0.0053475517750901,0.0,0.0053475517750901,1.0,0.0,4656.351320661991,0.6832882545833333,1524.9209850138425,1524.2376967592593,3624.0,267.0,1.0,1.0,1.0,0.0,0.0,0.0,0.0,0.0,1.0,1.0,0.0736754966887417,0,1,0,1,0.0006556355131562409,0.29736532844091457,0.7890328697850821,0.3363823980696108,3.085421960495097,1.0,0.0031260722804164736,1.0,0.676340099020714,0.0,-0.0,0.0,0.0,1.1303979255492893,27.964521811473322,0.8315666941715675,0.6,0.0,0.3335518785043854,0
2.0,14.0,0.9285714285714286,1.0,0.4285714285714286,7.0,0.9285714285714286,1.0,0.2573186405438316,0.0327868852459016,0.0,0.0,0.0,0.0,0.0,2.0,0.0,0.0,0.0,0.0,0.0,0.0,0.0,0.0004170649481564,16.0,2.0,0.9375,0.2337916587064593,0.0,0.0,0.0,0.8241876171534048,0.0,0.0,0.0,0.0,0.0625,0.9375,0.0,0.0,1.0,61.0,0.0,0.0,2129.0,2129.0,34.90163934426229,0.081967213114754,0.012720480918773,0.4439656373125866,0.0962145110410094,3.358044164037855,0.4992248062015504,0.9674418604651164,1.0,0.8136076375636764,0.5007751937984496,0.0325581395348837,0.0,0.0,0.4992248062015504,4795.416178722511,2.3726833521412036,2327.347949555845,2324.9752662037035,634.0,5.0,1.0,1.0,1.0,1.0,1.0,0.0,1.0,0.0,1.0,1.0,0.0078864353312302,0,1,0,1,0.0004299271856111054,0.14846465352388638,0.6785714285714286,0.01837990289598796,2.2845000312564268,0.0,0.00045819267721734915,1.0,0.33475118150528643,0.0,0.4675833174129186,0.0,0.0,0.48692966271546023,1.2114943523298618,0.9042034546283364,0.8,1.0,0.33347664239520375,0
30.0,3697.0,0.1449824181769002,0.4176359210170408,0.3857992967270758,79.0,0.1449824181769002,0.3018663781444414,3.13876379207763,0.0021659085986571,30.0,1.0,1.0,0.0,0.010530684849537,0.0,0.0,0.0,0.0,0.0,0.0,0.0,0.0,0.0,30.0,7.0,0.5333333333333333,1.4694044962459365,1.0,1.0,1.0,14.398880087104336,0.0666666666666666,0.1666666666666666,0.5333333333333333,0.0666666666666666,0.0333333333333333,0.0666666666666666,0.2333333333333333,0.6,0.1,13851.0,974.0,0.0703198325030683,5996.0,5996.0,0.432892931918273,0.0343657497653599,3.593358669867968,1.5555395700330903,0.1225546147108008,0.0530530264822728,0.4361968949019477,0.7721811931753886,0.9361134145504398,1.2791604116556217,0.5638031050980523,0.0006094065660079,0.0386996358401555,0.0,0.4361968949019477,3854.61104002132,0.2894312250231481,0.2895006694675926,6.944444444444444e-05,113019.0,476.0,1.0,0.0,1.0,0.0,1.0,0.0,0.0,0.0,1.0,1.0,0.0042116812217414,1,1,1,0,0.9999305603777515,0.7755148578071036,0.265390857451988,2.683698227416118,15.047823393183215,0.0,0.0,0.9895790548397796,0.3298596849465932,0.7666666666666666,10.285831473721556,0.5333333333333333,0.9,1.1548451671466244,49.915139509767464,1.0534626893283519,0.4,0.0,0.9999768534592505,1
30.0,493.0,0.7302231237322515,0.8397565922920892,0.788708586883029,3.0,0.7302231237322515,0.8133874239350912,1.4073740357281497,6.426969276944533e-05,4.0,1.0,4.0,0.0,2666.7524569979164,0.0,0.0,0.0,0.0,0.0,0.0,0.0,0.0,0.0,30.0,2.0,0.9333333333333332,0.2449300267946353,0.0,0.0,0.0,559.3439792835563,0.0,0.0,0.0,0.0,0.9333333333333332,0.0666666666666666,0.0,0.0,1.0,466783.0,8192.0,0.0175499107722432,34997.0,34997.0,0.0749748812617426,0.0001628165550159,107.88629423840229,8.088762100293636,299.0281870595772,22.41960281870596,0.0,0.0,0.0,0.0,0.0,0.0,0.0,0.0,0.0,4326.620014928322,0.0002232616550925,10.574795020914353,10.57457175925926,1561.0,76.0,1.0,0.0,1.0,0.0,1.0,0.0,0.0,0.0,1.0,1.0,0.0486867392696989,1,1,1,0,0.08639628495974672,0.543085703337718,0.7594658553076403,0.3796769710990749,4.760517097735615,0.0,0.0,0.00037484737288006215,0.00012494912429335405,0.0,0.4898600535892706,0.0,0.0,1.5590129657778666,5.822138909766914,1.2496167578947515,0.4,0.0,0.6954654283199155,0
30.0,1079.0,0.35032437442076,0.8202038924930491,0.7869941303676242,4.0,0.35032437442076,0.6997219647822057,2.057565219356928,0.0077659849857623,0.0,0.0,0.0,0.0,0.0,1.0,0.0,0.0,0.0,0.0,0.0,0.0,0.0,0.0002344899063803,0.0,0.0,0.0,0.0,0.0,0.0,0.0,0.0,0.0,0.0,0.0,0.0,0.0,0.0,0.0,0.0,0.0,3863.0,210.0,0.0543618949003365,933.0,933.0,0.2415221330572094,0.0359823971006989,0.9058345083474408,0.2187790826529025,1.7070260715863896,0.4122845779938135,1.0,1.0,1.0,-0.0,0.0,0.0,0.0,1.0,0.0,4264.5758847840625,5.464912561840277,1512.0989056173958,1506.6339930555555,2263.0,139.0,1.0,1.0,1.0,1.0,0.0,0.0,0.0,0.0,1.0,1.0,0.0614228899690676,0,1,0,1,0.0006632909609402463,0.0776710141794055,0.5686592523941921,1.3367499710557984,5.526789197711985,0.0,0.00016253601747727046,1.0,0.33383629072814863,0.0,0.0,0.0,1.0,0.9881428610846318,16.82919105537971,0.8182594615966066,0.8,0.0,0.33355443032031346,0
30.0,2891.0,0.3967485299204427,0.7488758215150467,0.7029055690072639,27.5,0.3967485299204427,0.6461432030439295,2.286354847205126,0.0085154697700823,1.0,1.0,1.0,0.0,3464.9993699907636,30.0,0.2,0.5333333333333333,0.0,1.0,0.7333333333333333,1.0,3.0,0.0057256927864949,2.0,1.0,1.0,-0.0,0.0,0.0,0.0,0.3917621133389558,0.0,0.0,0.0,0.0,1.0,0.0,0.0,0.0,1.0,3523.0,312.0,0.088560885608856,699.0,699.0,0.1984104456429179,0.0899801305705364,0.672387189560721,0.1334086419253318,0.1763439783762138,0.0349884873360696,0.9044291791925286,0.9686418954303476,0.9864402346458888,0.4061530433972575,0.0955708208074714,0.0084496152043744,0.0,0.0,0.064212716237819,5239.540631695695,5.036858547546297,1083.4178191956944,1078.3809606481482,19978.0,317.0,1.0,0.0,1.0,1.0,1.0,0.0,0.0,0.0,1.0,1.0,0.0158674541996195,0,1,0,1,0.0009264569567722583,0.0832856115526651,0.5498270494638533,1.3792469227000137,11.503527771953486,0.0,0.01966195576563639,0.00028851707494761166,0.06093884712264227,0.0,-0.0,0.0,0.0,0.9536429736147772,38.81306945795657,0.7649225527442904,0.6,0.0,0.3336421523189241,0
30.0,11756.0,0.149285471248724,0.5007655665192242,0.5177498015197912,175.0,0.149285471248724,0.3610922082340932,2.941885799782855,0.0130378096479791,0.0,0.0,0.0,0.0,0.0,30.0,0.0,0.6,0.0,0.0,0.0,0.0,0.0,0.0056085975779805,29.0,8.0,0.2413793103448276,1.881073320770874,0.0,1.0,1.0,0.9747755051862756,0.0,0.2413793103448276,0.2068965517241379,0.0344827586206896,0.1034482758620689,0.1034482758620689,0.2413793103448276,0.2413793103448276,0.2068965517241379,2301.0,195.0,0.0847457627118644,1745.0,1745.0,0.7583659278574533,0.0608431116905693,0.4301794342311055,0.3262334257858666,0.0061000665413603,0.0046260826226309,0.4469494528436948,0.6915377469251209,0.8340579681105936,1.5930474209358736,0.5530505471563052,0.0066826982962196,0.0722146154965483,0.0,0.4487702171323645,5348.930741108264,7.382141571226851,0.4387503675231481,6.943391203703704,377209.0,140.0,0.0,1.0,1.0,0.0,0.0,0.0,0.0,0.0,1.0,1.0,0.0003711470298958,1,1,1,0,0.12589081594442153,0.4071744304550303,0.3335176363842576,2.5027049918023425,17.75537587995625,0.0,0.01925985231789142,1.0,0.39293172448801394,0.4482758620689655,15.048586566166993,0.3103448275862069,0.7931034482758621,0.9017484366484769,18.084272110599127,0.8695469197885778,0.4,0.0,0.7086302719814738,0
30.0,233.0,0.3733905579399141,0.7553648068669528,0.7140200286123033,2.0,0.3733905579399141,0.6866952789699571,2.171709156759479,0.0102634279849469,0.0,0.0,0.0,0.0,0.0,30.0,1.0,0.0,1.0,0.0,1.0,4.0,8.0,0.0061584152498677,0.0,0.0,0.0,0.0,0.0,0.0,0.0,0.0,0.0,0.0,0.0,0.0,0.0,0.0,0.0,0.0,0.0,2923.0,44.0,0.0150530277112555,190.0,190.0,0.0650017105713308,0.0023947998631542,0.6000349258454432,0.0390032965824954,0.8264065592309867,0.0537178399773819,0.7503122298011337,1.0,1.0,0.5619918650836615,0.2496877701988663,0.0,0.0,0.0,0.0,4871.383104600741,15.966866174814816,569.611275897037,553.6444097222222,3537.0,7.0,1.0,1.0,1.0,0.0,0.0,0.0,0.0,0.0,1.0,1.0,0.0019790783149561,0,1,0,1,0.0018029569621026585,0.030345454886567414,0.5437052932761087,1.3608134630338367,3.7726205419764307,1.0,0.021147919167951876,1.0,0.7321075609100941,0.0,0.0,0.0,1.0,0.9398418170716161,0.8771151827934085,0.618529873937221,0.6,0.0,0.3339343189873676,0
30.0,6269.0,0.2298612218854681,0.6351890253628968,0.6542085393736374,61.0,0.2298612218854681,0.4826926144520657,2.6167856381730292,0.0005115612850419,0.0,0.0,0.0,0.0,0.0,30.0,0.8666666666666667,0.1333333333333333,1.0,0.0,1.0,1.0,4.0,0.0050216219997717,26.0,2.0,0.7692307692307693,0.5402041423888608,0.0,0.0,0.0,0.9002254170214898,0.0,0.0,0.0,0.0,0.7692307692307693,0.2307692307692307,0.0,0.0,1.0,58644.0,4.0,6.82081713389264e-05,27132.0,27132.0,0.4626560261919378,0.0078609917468112,9.816266685153757,4.541554936593543,0.5760933631969822,0.2665330661322645,0.9817233809475638,0.99388459320397,0.9984350507138676,0.1073792720736968,0.0182766190524361,0.0045504575098976,0.012685455857046,1.0,0.0,5974.165319671679,0.7817201346412036,763.4509793939004,762.6692592592592,101796.0,461.0,1.0,1.0,1.0,1.0,0.0,0.0,1.0,0.0,1.0,1.0,0.0045286651734842,0,1,0,1,0.0013094674008090569,0.28128175102697234,0.44203488062955276,2.0152880939702325,14.172526669435518,0.8666666666666667,0.01724418569297713,1.0,0.6755832608797873,0.0,1.0804082847777217,0.0,0.0,1.2626317263631164,41.98826703928179,1.1739940893738465,0.8,1.0,0.3337698224669363,0
30.0,110.0,0.2272727272727272,0.6545454545454545,0.5915151515151513,1.0,0.2272727272727272,0.5,2.695436446067764,0.0364077669902912,0.0,0.0,0.0,0.0,0.0,13.0,1.0,0.0,1.0,0.0,1.0,2.0,2.0,0.002767779720974,0.0,0.0,0.0,0.0,0.0,0.0,0.0,0.0,0.0,0.0,0.0,0.0,0.0,0.0,0.0,0.0,0.0,824.0,5.0,0.0060679611650485,99.0,99.0,0.1201456310679611,0.0,0.175434653083275,0.0210777071058789,5.885714285714286,0.7071428571428572,1.0,1.0,1.0,-0.0,0.0,0.0,0.0,1.0,0.0,4696.905574237847,37.71070155266204,2022.750921460069,1985.0402199074072,140.0,0.0,1.0,1.0,1.0,0.0,0.0,0.0,1.0,0.0,1.0,1.0,0.0,0,1,0,1,0.0005035144756769436,0.013163390920020964,0.40939393939393925,2.082837253779636,2.3802585488678076,1.0,0.007304329359396909,1.0,0.689269450483423,0.0,0.0,0.0,1.0,0.7942419813108862,0.0,0.5446627962054996,0.6,1.0,0.3335011714918923,0
30.0,251.0,0.7569721115537849,0.8764940239043825,0.8288180610889773,1.0,0.7569721115537849,0.8406374501992032,1.2561210224908146,0.0152439024390243,0.0,0.0,0.0,0.0,0.0,25.0,0.92,0.08,1.0,0.0,1.0,2.0,8.0,0.0050116794241085,2.0,2.0,0.5,0.6931471805599453,1.0,0.0,0.0,0.1095277755593332,0.5,0.0,0.0,0.0,0.5,0.0,0.5,0.0,0.5,1968.0,47.0,0.0238821138211382,354.0,354.0,0.1798780487804878,0.0640243902439024,0.3945194042658265,0.0709653806453773,4.719424460431655,0.8489208633093526,1.0,1.0,1.0,-0.0,0.0,0.0,0.0,1.0,0.0,4988.347794008148,3.968858822962962,1143.320571785926,1139.351712962963,417.0,126.0,1.0,1.0,1.0,1.0,0.0,0.0,0.0,0.0,1.0,1.0,0.302158273381295,0,1,0,1,0.0008769224342213784,0.10106366744123842,0.7928950863213811,0.3052724397288434,2.3802585488678076,0.92,0.0163285353813614,1.0,0.690527616857031,0.5,1.3862943611198906,0.3333333333333333,0.5,0.8907866924468693,16.611118121676057,0.6895992817030434,0.8,0.0,0.3336256408114071,0
30.0,843.0,0.3179122182680901,0.833926453143535,0.7604191379992091,4.5,0.3179122182680901,0.7259786476868327,2.1123933024561987,0.0001471785864968,30.0,1.0,1.0,0.0,25.0661146003125,5.0,1.0,0.0,1.0,0.0,1.0,2.0,4.0,0.0011376101018897,29.0,2.0,0.7586206896551724,0.5526646224944003,0.0,0.0,0.0,41.913683506189365,0.0,0.0,0.0,0.0,0.7586206896551724,0.2413793103448276,0.0,0.0,1.0,203834.0,5949.0,0.0291855137023264,25375.0,25375.0,0.1244885544119234,0.000107930963431,46.37672350171717,5.773371267090247,114.2567264573991,14.22365470852018,1.0,1.0,1.0,-0.0,0.0,0.0,1.0,1.0,0.0,4395.178973517708,0.0046332399305555,24.99508462881944,24.99045138888889,1784.0,22.0,1.0,1.0,1.0,1.0,1.0,0.0,0.0,0.0,1.0,1.0,0.0123318385650224,1,1,1,0,0.03847566881533683,0.5169284695373196,0.5391656781336496,1.4408376618176921,5.854083135617216,1.0,0.0020383236723503623,0.038363983866932405,0.35242879124868987,0.0,1.1053292449888006,0.0,0.0,1.4573222552368557,1.7995812684046564,1.2089521371352343,0.8,0.0,0.6794918896051123,1
30.0,4481.0,0.2166927025217585,0.5844677527337648,0.6035036822137914,53.0,0.2166927025217585,0.4208881945994198,2.745336618612664,0.0131061598951507,0.0,0.0,0.0,0.0,0.0,30.0,0.0,0.3,0.0,1.0,0.0,0.0,0.0,0.0068556847838591,30.0,8.0,0.3333333333333333,1.7288517979642968,1.0,1.0,0.0,13.072093199182996,0.2333333333333333,0.0,0.3333333333333333,0.2,0.0333333333333333,0.0333333333333333,0.2333333333333333,0.5333333333333333,0.0666666666666666,2289.0,217.0,0.0948012232415902,992.0,992.0,0.4333770205329838,0.0310179117518567,0.5230887490084544,0.2266946435196097,0.0252579310344827,0.0109462068965517,0.5078703197013364,0.9113664830420878,0.963600379409726,1.042751985118502,0.4921296802986636,0.0041911398100519,0.0063581530529106,0.0,0.5100744226770275,4375.930478866262,0.1761385884837963,2.115930255150463,1.9397916666666664,90625.0,71.0,1.0,1.0,1.0,0.0,0.0,1.0,0.0,0.0,1.0,1.0,0.000783448275862,1,1,1,0,0.3401601587414074,0.5855856913769676,0.41009819236777495,2.1504422073935396,13.698120174797099,0.0,0.023542333825755664,1.0,0.40618359183391695,0.5666666666666667,13.830814383714374,0.4444444444444444,0.9333333333333333,0.9227100801521483,9.17750537882611,0.8230507999056095,0.8,0.0,0.7800533862471358,0
30.0,1083.0,0.3961218836565097,0.8328716528162512,0.7701138811942134,6.0,0.3961218836565097,0.7876269621421976,1.9859243077403352,0.002539790044023,0.0,0.0,0.0,0.0,0.0,0.0,0.0,0.0,0.0,0.0,0.0,0.0,0.0,0.0,28.0,3.0,0.7142857142857143,0.7059182060870963,1.0,0.0,0.0,3.3345371041684473,0.0357142857142857,0.0,0.0,0.0,0.7142857142857143,0.25,0.0357142857142857,0.0,0.9642857142857144,11812.0,132.0,0.0111750761937013,2095.0,2095.0,0.1773620047409414,0.0089739248222146,1.813274357938944,0.3216059752693945,2.2541984732824427,0.3998091603053435,0.3558874480717157,0.4406377718351077,0.4802462283667188,3.4695855967033866,0.6441125519282843,0.0100072321173284,0.0162133979178229,0.0,0.057133726895067,6514.182450166423,0.0063390553125,116.22764692568288,116.22130787037035,5240.0,106.0,1.0,1.0,1.0,1.0,0.0,0.0,0.0,0.0,1.0,1.0,0.0202290076335877,0,1,0,0,0.00853087222935487,0.5011156430563515,0.5831178824253616,1.1992562301589835,6.68223055293373,0.0,0.0,1.0,0.3333333333333333,0.0357142857142857,2.117754618261289,0.023809523809523798,0.03571428571428559,1.06774185273283,11.304308256433407,0.8708435156849847,0.8,0.0,0.336176957409785,0
30.0,27932.0,0.1423814979235285,0.4615136760704568,0.4804071793403026,564.5,0.1423814979235285,0.325862809680653,3.017758312503779,0.0006699269779594,30.0,1.0,30.0,0.0,12.268962790173612,30.0,0.9666666666666668,0.0,0.0,0.0,0.9666666666666668,1.0,5.0,0.0057349232400869,30.0,7.0,0.3333333333333333,1.62837975496258,1.0,1.0,1.0,59.47273019296515,0.0666666666666666,0.3333333333333333,0.2666666666666666,0.2,0.0,0.0,0.4,0.4666666666666667,0.0,44781.0,1488.0,0.0332283781067863,5257.0,5257.0,0.1173935374377526,0.0084410799222884,8.56051992047776,1.0049497157712328,0.3056869611517274,0.0358856737181981,0.910907637696932,0.9502185761172663,0.9595053181190624,0.4730254117324078,0.0890923623030679,0.0092867420017961,0.0103752593330027,0.0,0.0148644619861476,5231.107504586957,0.5237314388078703,0.3649930128819444,0.1587384259259259,146493.0,378.0,1.0,1.0,1.0,1.0,0.0,1.0,0.0,0.0,1.0,1.0,0.0025803280702832,1,1,1,0,0.8630075413274734,0.6944440563801617,0.31139433863191557,2.5880853635983114,21.76361606067368,0.0,0.019693653025162912,0.07536384085277217,0.08606204020731774,0.6666666666666665,11.39865828473806,0.5111111111111111,1.0,1.250713655921061,35.295562580321764,1.0005541969222185,1.0,0.0,0.9543358471091578,1
30.0,6203.0,0.3359664678381428,0.8931162340802837,0.8450051050566929,8.0,0.3359664678381428,0.7849427696275996,1.8069996651851763,0.0102915951972555,0.0,0.0,0.0,0.0,0.0,5.0,0.0,0.0,0.0,0.0,0.0,0.0,0.0,0.0010816795037941,0.0,0.0,0.0,0.0,0.0,0.0,0.0,0.0,0.0,0.0,0.0,0.0,0.0,0.0,0.0,0.0,0.0,2915.0,0.0,0.0,408.0,408.0,0.1399656946826758,0.2596912521440823,0.6306191507119842,0.0882650475096019,0.0452513272687758,0.0063336334564873,0.8256917102880362,0.8900816568011797,0.9206416420655156,0.7642536493914078,0.1743082897119638,0.0127360384088285,0.0949499317774794,0.0,0.0431859066187357,4622.441289065671,17.771983510115742,3620.905039065671,3603.133055555555,64418.0,757.0,1.0,1.0,1.0,1.0,1.0,0.0,1.0,0.0,1.0,1.0,0.01175137383961,0,1,0,1,0.00027745923487995536,0.026773486742603467,0.5904857864474179,1.1999083702882058,7.545241083952861,0.0,0.0019381094935929826,1.0,0.3393306902077915,0.0,0.0,0.0,1.0,0.9453564770170714,94.88631579726678,0.7126005653742074,0.8,1.0,0.33342581974496,0
30.0,153.0,0.5751633986928104,0.8235294117647058,0.7527233115468408,1.0,0.5751633986928104,0.7908496732026143,1.7441027875981725,0.0038865137971239,30.0,1.0,30.0,0.0,477.5518843080324,0.0,0.0,0.0,0.0,0.0,0.0,0.0,0.0,0.0,29.0,2.0,0.5517241379310345,0.6877868229921127,0.0,0.0,0.0,1.497787034003878,0.0,0.0,0.0,0.0,0.5517241379310345,0.4482758620689655,0.0,0.0,1.0,7719.0,2.0,0.0002591009198082,1745.0,1745.0,0.2260655525327115,0.0,3.836494999027259,0.8672993617440816,6.170263788968825,1.3948840927258193,0.8657247378730268,0.9713100587625304,0.99229461919576,0.4807848677950723,0.1342752621269731,0.0,0.0209845604332296,0.0,0.0,2011.9927177180325,0.307497810625,477.552648273588,477.24515046296295,1251.0,0.0,1.0,0.0,1.0,0.0,0.0,0.0,1.0,0.0,1.0,1.0,0.0,0,1,0,1,0.0020909778155240146,0.3834546352761856,0.6639433551198256,0.7409587006136028,2.3802585488678076,0.0,0.0,0.002089637577012076,0.0006965458590040253,0.0,1.3755736459842254,0.0,0.0,1.1766190008909336,0.0,0.981231062389236,0.4,1.0,0.334030325938508,0
30.0,6509.0,0.1256721462590259,0.4873252419726532,0.4245250166436216,130.0,0.1256721462590259,0.3214011368873867,3.078367689063874,0.0014416838867797,0.0,0.0,0.0,0.0,0.0,30.0,0.3,0.7,0.0,1.0,1.0,3.0,6.0,0.0074376930711021,17.0,2.0,0.6470588235294118,0.649248354870898,0.0,0.0,0.0,0.5829226059910696,0.0,0.0,0.0,0.0,0.6470588235294118,0.3529411764705882,0.0,0.0,1.0,20809.0,21.0,0.0010091787207458,6712.0,6712.0,0.3225527416021914,0.0964486520255658,5.159031837218793,1.6640598631079118,0.2054702542582078,0.0662749938286842,0.4848512188500725,0.8316586769490858,0.9076334852151626,1.2459091113783096,0.5151487811499276,0.0094994091340098,0.0,0.0,0.4909366239133148,4033.508738872592,0.3782759096296296,933.2953360948148,932.9170601851852,101275.0,2007.0,1.0,1.0,1.0,1.0,0.0,1.0,1.0,0.0,1.0,1.0,0.0198173290545544,0,1,0,1,0.0010707588956579413,0.36330722922529446,0.2750985814513237,2.6915026146047794,16.741365227212988,0.0,0.025540942837052445,1.0,0.4123681606278264,0.0,1.298496709741796,0.0,0.0,1.197557926040873,201.84671296799095,1.0612935632600218,1.0,1.0,0.3336902529652193,0
30.0,628.0,0.3121019108280254,0.7834394904458599,0.7075371549893841,5.0,0.3121019108280254,0.6576433121019108,2.2750416914769764,0.0009098629139876,0.0,0.0,0.0,0.0,0.0,24.0,0.7083333333333334,0.125,1.0,0.0,0.8333333333333334,3.0,4.0,0.0051075085497718,18.0,5.0,0.6666666666666666,1.0797346179130656,0.0,1.0,1.0,0.7066665757887635,0.0,0.1111111111111111,0.1111111111111111,0.0,0.6666666666666666,0.0555555555555555,0.1111111111111111,0.1111111111111111,0.7222222222222222,32972.0,1005.0,0.0304804076185854,4157.0,4157.0,0.1260766711148853,0.0010311779691859,7.016865495961572,0.8846630433917342,29.5183527305282,3.7215756490599823,1.0,1.0,1.0,-0.0,0.0,0.0,0.0,1.0,0.0,4698.964233858368,0.4954259879976851,95.9197083954051,95.4242824074074,1117.0,34.0,1.0,1.0,1.0,0.0,0.0,1.0,0.0,0.0,1.0,1.0,0.0304386750223813,0,1,0,0,0.010370831651874229,0.3395117988743013,0.5098195329087047,1.564996832353589,6.152879090844238,0.5902777777777778,0.01644043579616809,1.0,0.5809664781842921,0.2222222222222222,5.398673089565328,0.14814814814814814,0.2777777777777778,1.2303726710607945,3.2681484072689058,0.9854848179705443,0.8,0.0,0.33679027721729143,1
30.0,613.0,0.8254486133768353,0.8711256117455138,0.8275693311582382,3.0,0.8254486133768353,0.8515497553017944,1.0358370760987732,0.0403768506056527,0.0,0.0,0.0,0.0,0.0,0.0,0.0,0.0,0.0,0.0,0.0,0.0,0.0,0.0,5.0,4.0,0.4,1.3321790402101223,0.0,1.0,1.0,0.8630213338074623,0.0,0.2,0.4,0.0,0.2,0.2,0.2,0.4,0.4,743.0,68.0,0.0915208613728129,279.0,279.0,0.3755047106325707,0.0067294751009421,0.4027716279893626,0.151242643619155,0.462352209085252,0.1736154324828873,0.0,0.0,0.0,0.0,0.0,0.0,0.0,0.0,0.0,1844.717821018426,6.11519370361111,205.76133953694443,199.64614583333332,1607.0,5.0,1.0,1.0,1.0,1.0,0.0,0.0,0.0,0.0,1.0,1.0,0.0031113876789047,0,1,0,0,0.004983898374158902,0.0726904027844611,0.8265089722675367,0.18080679794872545,4.760517097735615,0.0,0.0,1.0,0.3333333333333333,0.6000000000000001,5.328716160840489,0.4000000000000001,0.6,0.8791245593456616,0.756196153790207,0.7491910441564174,0.8,0.0,0.33499463279138625,0
30.0,93.0,0.2580645161290322,0.6236559139784946,0.5616487455197132,1.0,0.2580645161290322,0.5268817204301075,2.71598711762673,0.0678733031674208,0.0,0.0,0.0,0.0,0.0,21.0,0.5238095238095238,0.0,0.0,0.0,0.5238095238095238,1.0,4.0,0.0051414800135718,0.0,0.0,0.0,0.0,0.0,0.0,0.0,0.0,0.0,0.0,0.0,0.0,0.0,0.0,0.0,0.0,0.0,442.0,13.0,0.0294117647058823,195.0,195.0,0.4411764705882353,0.0,0.1082159126666079,0.0477423144117388,3.4,1.5,0.5648383733055266,1.0,1.0,0.6847154263174069,0.4351616266944734,0.0,0.0,0.0,0.4351616266944734,4084.427041243484,79.1925736508912,1674.5376778175578,1595.3451041666667,130.0,0.0,1.0,1.0,1.0,0.0,0.0,0.0,1.0,0.0,1.0,1.0,0.0,0,1,0,1,0.000626430962446573,0.006533402984035049,0.40985663082437274,2.015087216303703,2.3802585488678076,0.0,0.015892532995043725,1.0,0.38251176846585055,0.0,0.0,0.0,1.0,0.732803053327786,0.0,0.6347377127134494,0.6,1.0,0.33354214365414886,0
30.0,405.0,0.7012345679012346,0.8098765432098766,0.7689711934156378,3.0,0.7012345679012346,0.7728395061728395,1.5455342942748007,0.0004384362440628,30.0,1.0,20.0,0.0,1280.646596189236,0.0,0.0,0.0,0.0,0.0,0.0,0.0,0.0,0.0,30.0,1.0,1.0,-0.0,0.0,0.0,0.0,26.63159625184942,0.0,0.0,0.0,0.0,1.0,0.0,0.0,0.0,1.0,68425.0,2294.0,0.0335257581293386,8362.0,8362.0,0.1222067957617829,0.0008768724881256,16.293929356552617,1.9912288970331455,48.8401142041399,5.968593861527481,0.0,0.0,0.0,0.0,0.0,0.0,0.0,0.0,0.0,4199.41675829581,0.0049064439583333,1107.6579041291436,1107.6529976851853,1401.0,60.0,1.0,1.0,1.0,0.0,1.0,0.0,0.0,0.0,1.0,1.0,0.0428265524625267,0,1,0,1,0.0009019954864939278,0.4980097515957761,0.7351028806584362,0.46175222125247123,4.760517097735615,0.0,0.0,0.0007802462886206965,0.00026008209620689886,0.0,-0.0,0.0,0.0,1.334444667046168,5.38913693645948,1.0825099859137353,0.6,0.0,0.33363399849549796,0
7.0,27.0,0.7407407407407407,0.925925925925926,0.6243386243386244,1.0,0.7407407407407407,0.8518518518518519,1.0254316870339697,0.0146443514644351,0.0,0.0,0.0,0.0,0.0,0.0,0.0,0.0,0.0,0.0,0.0,0.0,0.0,0.0,1.0,1.0,1.0,-0.0,0.0,0.0,0.0,1.0,0.0,0.0,0.0,0.0,1.0,0.0,0.0,0.0,1.0,478.0,22.0,0.0460251046025104,400.0,400.0,0.8368200836820083,0.006276150627615,0.1063804353919616,0.0890212848468297,9.56,8.0,0.938382099827883,0.9697074010327024,1.0,0.2740978383812699,0.061617900172117,0.0,0.9686746987951808,0.0,0.0,4493.307422815787,3.3693325380092594,938.3284529083796,934.9591203703704,50.0,3.0,1.0,0.0,1.0,0.0,0.0,0.0,0.0,0.0,1.0,1.0,0.06,0,1,0,1,0.0010684227315443946,0.1149662494770488,0.6825396825396826,0.2658526596013996,1.441359041754604,0.0,0.0,1.0,0.3333333333333333,0.0,-0.0,0.0,0.0,0.7337837568290934,0.48608968503307465,0.7126514750671483,0.4,0.0,0.33368947424384815,0
30.0,9157.0,0.7967675002730151,0.9328382658075788,0.8973790542754176,16.0,0.7967675002730151,0.8717920716391832,1.006070826243609,0.0002346995454652,30.0,1.0,30.0,0.0,2461.714464710752,14.0,1.0,0.0,1.0,0.0,1.0,8.0,11.0,0.0045315380419741,30.0,2.0,0.9333333333333332,0.2449300267946353,0.0,0.0,0.0,23.03754266211604,0.0,0.0,0.0,0.0,0.9333333333333332,0.0666666666666666,0.0,0.0,1.0,127823.0,2585.0,0.0202232775009192,12487.0,12487.0,0.097689774140804,7.823318182173788e-06,41.37391336708992,4.041808252152209,0.1721257611625959,0.0168149267317879,0.6538751216553936,0.9144304082241492,0.9955763898058894,0.8603287551387849,0.3461248783446063,0.0014158487022609,0.0023695291752864,0.0,0.0,3089.4587819688427,0.0071615984722222,2.4898004873611113,2.482638888888889,742614.0,1.0,1.0,0.0,1.0,0.0,0.0,0.0,0.0,0.0,1.0,1.0,1.3465945969238394e-06,1,1,1,0,0.28713858424725824,0.6397193288820318,0.8470732772742164,0.20446628891988172,9.729218371065619,1.0,0.012271632505870277,0.0004060560062197267,0.37144247361372823,0.0,0.4898600535892706,0.0,0.0,1.4631441941439998,0.08504551501537663,1.1737252241736627,0.4,0.0,0.7623795280824194,0
30.0,8052.0,0.4858420268256334,0.6861649279682066,0.660556383507203,109.5,0.4858420268256334,0.6092896174863388,2.2702662723381506,0.0004682451731726,0.0,0.0,0.0,0.0,0.0,30.0,1.0,0.0,1.0,0.0,1.0,1.0,14.0,0.0073761439763835,30.0,6.0,0.4333333333333333,1.544247331825756,1.0,1.0,1.0,2.0971077389100867,0.2,0.1333333333333333,0.4333333333333333,0.1,0.0666666666666666,0.0,0.3333333333333333,0.5333333333333333,0.0666666666666666,64069.0,1855.0,0.0289531598745102,19776.0,19776.0,0.3086672181554262,0.0029031200736705,15.752738947430531,4.862354109232019,1.2081196258862574,0.3729069241212853,0.999927645775074,1.0,1.0,0.0007621722085094,7.235422492605718e-05,7.235422492605718e-05,0.0,1.0,0.0,4067.165729868149,0.0769335718518518,0.1103247755555555,0.0333912037037037,53032.0,186.0,1.0,1.0,1.0,1.0,0.0,1.0,0.0,0.0,1.0,1.0,0.0035073163373057,1,1,1,0,0.967687741501932,0.9145998811689806,0.5731992051664182,1.1672755051515082,16.156963095873127,1.0,0.025329584033341127,1.0,0.7450474575516557,0.7666666666666666,9.265483990954536,0.5444444444444444,0.9333333333333333,1.3316657603422892,16.805611857974394,1.190235215999514,1.0,0.0,0.9892292471673106,1
30.0,10107.0,0.1535569407341446,0.5351736420302761,0.5340226245836217,167.5,0.1535569407341446,0.3813198773127535,2.9121934682473833,0.003883495145631,30.0,1.0,30.0,0.0,2711.4724095973147,30.0,0.9666666666666668,0.0,1.0,0.0,0.9666666666666668,1.0,29.0,0.0073295919041309,1.0,1.0,1.0,-0.0,0.0,0.0,0.0,1.0,0.0,0.0,0.0,0.0,0.0,1.0,0.0,0.0,1.0,7725.0,0.0,0.0,678.0,678.0,0.0877669902912621,0.0510032362459546,1.8873699153137264,0.16564877703336,0.0407052413596867,0.0035725765232191,0.5878804711271157,0.954283527899919,0.9803921070383772,0.8822197531520523,0.4121195288728843,0.0010188310961886,0.008777841649711,0.0,0.0335558672709181,4092.997317135046,2.161217598009259,2711.4729652831943,2709.3117476851853,189779.0,394.0,1.0,1.0,1.0,1.0,1.0,0.0,1.0,0.0,1.0,1.0,0.0020760990415167,0,1,0,1,0.0003689612461939395,0.15835123752452862,0.34378978265888316,2.4650059484373568,17.605831763004616,0.9344444444444446,0.02516972481288343,0.00036866734439833693,0.389490487265016,0.0,-0.0,0.0,0.0,1.0763238440947902,44.01080745183042,0.7839620555361614,0.8,1.0,0.33345632041539797,0
30.0,3497.0,0.946239633971976,0.9588218472976836,0.923868077399676,5.5,0.946239633971976,0.952816700028596,0.3866453065466638,0.0001627189247533,30.0,1.0,29.0,0.0,1031.064717193021,0.0,0.0,0.0,0.0,0.0,0.0,0.0,0.0,0.0,30.0,1.0,1.0,-0.0,0.0,0.0,0.0,26.670782528167926,0.0,0.0,0.0,0.0,1.0,0.0,0.0,0.0,1.0,184367.0,5224.0,0.0283347887637158,51010.0,51010.0,0.2766764117222713,0.0010630969750551,61.17895402638946,16.92677347294324,1.5869219049914356,0.4390638583565016,0.0,0.0,0.0,0.0,0.0,0.0,0.0,0.0,0.0,3013.569011235405,0.0296130872569444,632.7886177168866,632.7590046296297,116179.0,196.0,1.0,1.0,1.0,1.0,1.0,0.0,0.0,0.0,1.0,1.0,0.0016870518768452,0,1,0,1,0.0015778868508296818,0.4864082194759356,0.935053855685826,0.0207861932029662,6.427744724807507,0.0,0.0,0.00096893148592442,0.0003229771619748067,0.0,-0.0,0.0,0.0,1.51340232475693,16.16536303316999,1.3530221915768974,0.8,0.0,0.3338592956169432,0
28.0,374.0,0.5721925133689839,0.9358288770053476,0.8634453781512603,1.0,0.5721925133689839,0.9224598930481284,1.2030697600312914,0.0004312004312004,0.0,0.0,0.0,0.0,0.0,0.0,0.0,0.0,0.0,0.0,0.0,0.0,0.0,0.0,29.0,3.0,0.896551724137931,0.3984405075837697,0.0,0.0,1.0,2.9516748068617957,0.0,0.0689655172413793,0.0,0.0,0.896551724137931,0.0344827586206896,0.0689655172413793,0.0,0.9310344827586208,64935.0,2571.0,0.0395934395934395,12898.0,12898.0,0.1986293986293986,0.0018326018326018,19.22615782319272,3.8188801663746776,2.6545253863134657,0.5272667811299158,1.0,1.0,1.0,-0.0,0.0,0.0,0.0,1.0,1.0,3377.4298845922567,0.3803475552199074,368.65443320336806,368.2740856481482,24462.0,119.0,1.0,1.0,1.0,1.0,0.0,0.0,0.0,0.0,1.0,1.0,0.0048646880876461,0,1,0,1,0.0027080156416738658,0.36358022761785547,0.7178189457601221,0.5146822502807664,2.3340316106663854,0.0,0.0,1.0,0.3333333333333333,0.0689655172413793,1.1953215227513092,0.045977011494252866,0.06896551724137923,1.3637571670236588,10.738950379773094,1.1648451149344496,0.8,0.0,0.3342360052138913,0
30.0,12274.0,0.2607951767964803,0.6134104611373635,0.5736081690293846,173.5,0.2607951767964803,0.4997555809027212,2.735370810508851,0.0005361834462297,0.0,0.0,0.0,0.0,0.0,30.0,0.3333333333333333,0.6333333333333333,0.0,0.0,0.9666666666666668,2.0,11.0,0.0074771130200214,30.0,6.0,0.7,1.0503092175221374,0.0,1.0,0.0,24.390014396883497,0.0,0.0,0.1,0.7,0.1,0.0,0.0,0.8,0.1,55951.0,695.0,0.0124215831709889,10198.0,10198.0,0.1822666261550285,0.0066665475147897,13.945065019440683,2.5417199526059604,0.0487420931632486,0.0088840568725994,0.5895600246467628,0.9761487845729292,0.9866576252282327,0.7998416339462425,0.4104399753532371,0.0016028609958761,0.0174161281338624,0.0,0.0,4012.243752219525,0.0043656454513888,0.3205462010069444,0.3161805555555556,1147899.0,373.0,1.0,1.0,1.0,0.0,0.0,1.0,0.0,0.0,1.0,1.0,0.0003249414800431,1,1,1,0,0.7597741782303593,0.8764578707788068,0.4172016729129324,2.021999296378264,17.725983513315576,0.0,0.025676310437242778,1.0,0.41278704707890884,0.1,6.301855305132824,0.3,0.9,1.3175187832456008,34.11923605973555,1.1123746895836941,0.8,0.0,0.9199247260767865,0
21.0,244.0,0.6147540983606558,0.889344262295082,0.8005464480874316,2.0,0.6147540983606558,0.8401639344262295,1.4341963336064127,0.0889830508474576,0.0,0.0,0.0,0.0,0.0,30.0,0.8,0.2,1.0,0.0,1.0,4.0,9.0,0.0070815928836056,0.0,0.0,0.0,0.0,0.0,0.0,0.0,0.0,0.0,0.0,0.0,0.0,0.0,0.0,0.0,0.0,0.0,236.0,21.0,0.0889830508474576,49.0,49.0,0.2076271186440678,0.0381355932203389,0.0557085306843644,0.0115666017098892,0.0580851587496923,0.0120600541471818,0.9826306964044575,0.9989612548041964,1.0,0.0915491167125578,0.0173693035955423,0.0,0.0010387451958034,1.0,0.0,4236.335029746967,261.6559440988194,569.5874255803009,307.93148148148146,4063.0,9.0,1.0,1.0,1.0,0.0,0.0,0.0,0.0,0.0,1.0,1.0,0.002215111986217,0,0,0,1,0.0032369637280231147,0.002779920912763651,0.7076502732240437,0.5525182596680442,3.395857224054269,0.8,0.0243180993496747,1.0,0.6752508156998668,0.0,0.0,0.0,1.0,0.6547065047018165,1.6459219112549373,0.46839772096311716,0.6,0.0,0.0010789879093410382,0
30.0,10891.0,0.6795519236066477,0.8271967679735561,0.7980197716769197,62.5,0.6795519236066477,0.7729317785327334,1.568054513494283,0.0008330787814834,30.0,1.0,1.0,0.0,1.0042253067824074,21.0,1.0,0.0,1.0,0.0,1.0,1.0,4.0,0.00750373049152,30.0,6.0,0.4333333333333333,1.5555739342787824,0.0,1.0,0.0,534.6534653465346,0.0,0.0,0.4333333333333333,0.1,0.1,0.0,0.0,0.5333333333333333,0.1,36011.0,336.0,0.0093304823526144,9412.0,9412.0,0.2613645830440698,8.330787814834356e-05,12.867468510958494,3.363100542199365,0.0461123183441514,0.0120521268572145,0.2094850185403423,0.4010925224903792,0.5628834182508393,2.0130752883941976,0.7905149814596577,8.372908598435238e-05,0.0,0.0,0.616569820905005,2798.607975458484,0.0308458288541666,0.0374314770023148,0.0065856481481481,780941.0,3.0,1.0,0.0,1.0,0.0,1.0,1.0,0.0,0.0,1.0,1.0,3.841519397752199e-06,1,1,1,0,0.993457438857524,0.9669981253546605,0.7387858476417837,0.5024800525291568,14.254617922163176,1.0,0.023194349507847583,0.49894590025180585,0.5714220765221748,0.4333333333333333,9.333443605672695,0.3222222222222222,0.9,1.321762034473962,0.28594283584078717,1.152723296232087,0.6,0.0,0.9978191462858413,0
30.0,327.0,0.1773700305810397,0.6666666666666666,0.6319062181447501,3.0,0.1773700305810397,0.4892966360856269,2.6475924823688652,0.0067039106145251,0.0,0.0,0.0,0.0,0.0,27.0,0.7407407407407407,0.2592592592592592,1.0,0.0,1.0,2.0,9.0,0.0084974535747656,16.0,4.0,0.625,1.0735428464085233,0.0,1.0,1.0,0.192864569004052,0.0,0.125,0.625,0.0,0.0,0.0,0.125,0.625,0.0,4475.0,139.0,0.0310614525139664,314.0,314.0,0.0701675977653631,0.0127374301675977,1.4083742498917091,0.0988222378694964,0.6658235381639637,0.0467192382085999,0.7097737168491886,0.9843185116770022,1.0,0.663365568252967,0.2902262831508114,0.0,0.0156814883229977,0.0,0.0,3177.422478562465,8.473994766168982,2.5631498587615744,5.910844907407407,6721.0,57.0,1.0,1.0,1.0,1.0,0.0,0.0,0.0,0.0,1.0,1.0,0.0084808808213063,1,1,1,0,0.1447001073527417,0.1931013272802398,0.4046381243628949,2.177988922804969,4.760517097735615,0.7407407407407407,0.02831525312683834,1.0,0.6678666680645252,0.75,4.294171385634093,0.5,1.0,1.0424120696413919,6.780479537219005,0.7133244275905163,0.8,0.0,0.7149000357842472,0
30.0,1820.0,0.7868131868131868,0.8527472527472527,0.8047252747252747,10.5,0.7868131868131868,0.8291208791208792,1.2078539891899656,0.0001086248099065,30.0,1.0,30.0,0.0,2597.8004920648727,0.0,0.0,0.0,0.0,0.0,0.0,0.0,0.0,0.0,30.0,2.0,0.9666666666666668,0.1461447460085638,0.0,0.0,0.0,15.176976900781684,0.0,0.0,0.0,0.0,0.9666666666666668,0.0333333333333333,0.0,0.0,1.0,276180.0,4209.0,0.0152400608298935,20874.0,20874.0,0.0755811427330002,0.0604460858860163,105.90215176401398,8.004205648207792,1.458561084969184,0.1102397135478555,0.0,0.0,0.0,0.0,0.0,0.0,0.0,0.0,0.0,2607.8790222047105,0.0708046121180555,266.9413485935995,266.8705439814815,189351.0,16694.0,0.0,0.0,1.0,0.0,0.0,0.0,0.0,0.0,1.0,1.0,0.0881643086120485,0,1,0,0,0.0037331465607847213,0.4688046740016027,0.7957692307692308,0.2574985427503883,8.38698846837008,0.0,0.0,0.00038479290851813395,0.00012826430283937798,0.0,0.2922894920171276,0.0,0.0,1.592566102758627,1332.448787850987,1.2642980512937245,0.2,0.0,0.3345777155202616,0
30.0,18907.0,0.3801766541492569,0.8396890040725657,0.7995892173974364,68.5,0.3801766541492569,0.7805045750251229,1.9568717662285051,0.021398002853067,30.0,1.0,29.0,0.0,1877.036536531713,30.0,0.0,0.5,0.0,0.0,0.0,0.0,0.0,0.0051658243283706,30.0,7.0,0.5666666666666667,1.4373579261846885,1.0,1.0,1.0,0.5878434785093541,0.0666666666666666,0.1,0.5666666666666667,0.0,0.1,0.0666666666666666,0.1666666666666666,0.5666666666666667,0.1666666666666666,1402.0,34.0,0.0242510699001426,409.0,409.0,0.2917261055634807,0.0221112696148359,0.2414161902791874,0.0704274050101195,0.0029290529882816,0.0008544812212604,0.5677213808007543,0.8400649100679098,0.8866935600340873,1.325527142869498,0.4322786191992457,0.0045804330847053,0.0349356016092549,0.0,0.0004876643716048,5807.398411669167,0.2882033358333333,0.6385505580555555,0.3503472222222222,478653.0,31.0,1.0,1.0,1.0,0.0,1.0,1.0,0.0,0.0,1.0,1.0,6.476508034003757e-05,1,1,1,0,0.740550269992286,0.6932852229221584,0.5898829357733466,1.2129148055446053,14.56466179836848,0.0,0.017739374644242717,0.0005324710039170816,0.05507085978715973,0.7333333333333332,10.06150548329282,0.48888888888888876,0.8333333333333334,0.8360648276803105,4.278005154174236,0.6941266774499467,0.8,0.0,0.9135167566640954,1
30.0,747.0,0.4953145917001338,0.7657295850066934,0.7562248995983936,6.0,0.4953145917001338,0.6921017402945113,2.0489163176423033,0.1408450704225352,0.0,0.0,0.0,0.0,0.0,0.0,0.0,0.0,0.0,0.0,0.0,0.0,0.0,0.0,0.0,0.0,0.0,0.0,0.0,0.0,0.0,0.0,0.0,0.0,0.0,0.0,0.0,0.0,0.0,0.0,0.0,213.0,32.0,0.1502347417840375,173.0,173.0,0.812206572769953,0.2676056338028169,0.0463779292223882,0.0376684589458833,0.1419053964023984,0.1152564956695536,0.6285809106110835,0.9187465162671986,0.9731679232552,0.9274034807991032,0.3714190893889165,0.0006554918297298,0.0,0.0,0.0690915891688913,4592.701821013368,16.968348791145832,2454.1918673096643,2437.223518518518,1501.0,57.0,1.0,1.0,1.0,1.0,0.0,0.0,0.0,0.0,1.0,1.0,0.0379746835443038,0,1,0,1,0.00041013467075717776,0.028030358347072373,0.6257697456492637,1.0340581683415642,6.68223055293373,0.0,0.0,1.0,0.3333333333333333,0.0,0.0,0.0,1.0,0.6363326117579351,10.622485048350594,0.6117945968380234,0.8,0.0,0.3334700448902524,0
2.0,8.0,0.875,1.0,0.375,4.0,0.875,1.0,0.3767701612564367,0.002219755826859,0.0,0.0,0.0,0.0,0.0,0.0,0.0,0.0,0.0,0.0,0.0,0.0,0.0,0.0,23.0,2.0,0.8695652173913043,0.3872123751863606,0.0,0.0,0.0,0.8540473774530977,0.0,0.0,0.0,0.0,0.8695652173913043,0.1304347826086956,0.0,0.0,1.0,901.0,26.0,0.0288568257491675,119.0,119.0,0.1320754716981132,0.0321864594894561,0.3385242899098729,0.0447107552711152,150.16666666666666,19.833333333333332,0.0,0.0,0.0,0.0,0.0,0.0,0.0,0.0,0.0,2661.5519973567016,2.775944115960648,249.5033862455903,246.7274421296296,6.0,29.0,1.0,1.0,1.0,1.0,0.0,0.0,0.0,0.0,1.0,1.0,4.833333333333333,0,1,0,0,0.004036694487309665,0.1344131949878482,0.625,0.04709627015705459,1.7681482684484517,0.0,0.0,1.0,0.3333333333333333,0.0,0.7744247503727212,0.0,0.0,0.8627178598018671,4.261813789779717,0.606978487609321,0.8,0.0,0.3346788981624365,0
15.0,346.0,0.3121387283236994,0.8670520231213873,0.6547206165703277,7.0,0.3121387283236994,0.684971098265896,1.9215148012858807,0.0037965072133637,0.0,0.0,0.0,0.0,0.0,30.0,0.5666666666666667,0.4333333333333333,1.0,0.0,1.0,2.0,14.0,0.0048235536818242,0.0,0.0,0.0,0.0,0.0,0.0,0.0,0.0,0.0,0.0,0.0,0.0,0.0,0.0,0.0,0.0,0.0,3951.0,462.0,0.1169324221716021,883.0,1254.0,0.2234877246266768,0.0005062009617818,0.6352620198962575,0.1419732633683612,0.0128711323078125,0.0028765400728419,0.0,0.0,0.0,0.0,0.0,0.0,0.0,0.0,0.0,6219.480901079004,35.40211635678241,4089.319315430857,4053.9171990740742,306966.0,2.0,0.0,0.0,1.0,0.0,0.0,0.0,1.0,0.0,1.0,1.0,6.515379553435885e-06,0,1,0,1,0.0002466141602665392,0.013857704978600208,0.4834296724470135,1.32173561475734,5.765436167018416,0.5666666666666667,0.01656402162353152,1.0,0.573478536316426,0.0,0.0,0.0,1.0,0.9480542028415072,0.24148823228350438,0.776630143565104,0.2,1.0,0.3334155380534222,0
30.0,6007.0,0.2057599467288163,0.540702513733977,0.5339381832306753,99.0,0.2057599467288163,0.4319960046612285,2.8677985796536247,0.0044876589379207,0.0,0.0,0.0,0.0,0.0,30.0,1.0,0.0,1.0,0.0,1.0,2.0,10.0,0.0065575816409359,30.0,10.0,0.2666666666666666,1.9739048086188364,1.0,1.0,1.0,10.363937336564064,0.0333333333333333,0.1,0.2,0.0333333333333333,0.0666666666666666,0.0333333333333333,0.1333333333333333,0.2333333333333333,0.1,6685.0,561.0,0.0839192221391174,4041.0,4041.0,0.6044876589379207,0.0061331338818249,1.461247775655217,0.883306247034066,0.0423259318353055,0.0255855034474898,0.85163503304927,0.9274829812278488,0.9700148070435608,0.610667070542606,0.1483649669507299,0.0020646458195052,0.0431382031173743,0.0,0.8693770256650748,4574.857263237164,0.5575757371643518,2.2314299038310184,1.6738541666666666,157941.0,41.0,1.0,1.0,1.0,0.0,0.0,0.0,0.0,0.0,1.0,1.0,0.0002595906066189,1,1,1,0,0.3739919747555417,0.47574194070326936,0.3698490649797458,2.27772049667512,15.814095493159588,1.0,0.02251865144734059,1.0,0.7363492049895489,0.33333333333333337,19.739048086188365,0.2333333333333333,0.9,1.0449654349264499,4.654980208222289,0.9852560945218133,0.6,0.0,0.7913306582518472,1
30.0,14598.0,0.2403753938895739,0.6619399917796959,0.660318765127643,169.0,0.2403753938895739,0.4958898479243732,2.590258816749078,0.0226757369614512,30.0,1.0,9.0,0.0,1.6462614483796296,30.0,0.0,0.0,0.0,0.0,0.0,0.0,0.0,0.0054443857860084,30.0,9.0,0.2333333333333333,2.03197465962095,1.0,1.0,1.0,12.058337791630803,0.1333333333333333,0.0666666666666666,0.1333333333333333,0.1666666666666666,0.0,0.0,0.2,0.3,0.0,1323.0,114.0,0.0861678004535147,965.0,965.0,0.7294028722600151,0.1232048374905517,0.2400974131629732,0.1751277427832722,0.001438051293757,0.0010489187441236,0.4405088084034446,0.746902630131278,0.8555370161294845,1.3671940001205127,0.5594911915965554,0.0053180783494105,0.4425513020920251,0.0,0.0,5510.263449094363,2.5345139091782407,0.4574652980671296,2.077048611111111,919995.0,163.0,1.0,1.0,1.0,1.0,1.0,0.0,0.0,0.0,1.0,1.0,0.0001771748759504,1,1,1,0,0.324986740992338,0.484523509145151,0.4503470795086084,1.9676243333970769,17.636266117645413,0.0,0.018695951125433652,0.3778916102988707,0.1838173047880768,0.3333333333333332,18.28777193658855,0.27777777777777773,1.0,0.8344326786687829,22.675381332758242,0.7978385103004281,0.8,0.0,0.7749955803307794,1
23.0,186.0,0.4623655913978494,0.8924731182795699,0.7858812529219261,1.0,0.4623655913978494,0.8709677419354839,1.607696451658045,0.0039868261397122,0.0,0.0,0.0,0.0,0.0,17.0,0.0,0.0,0.0,0.0,0.0,0.0,0.0,0.0042064127939813,0.0,0.0,0.0,0.0,0.0,0.0,0.0,0.0,0.0,0.0,0.0,0.0,0.0,0.0,0.0,0.0,0.0,5769.0,0.0,0.0,886.0,886.0,0.1535794765123938,0.0391749003293465,1.4274585534398982,0.2192283373804385,0.3424755120213713,0.0525972098545562,0.8475767201973976,0.9799136452041628,0.996398106539796,0.4957454170096703,0.1524232798026023,0.0,0.1488213863423985,0.0,0.0,4041.44833903103,8.876487179178241,2215.523663105104,2206.647175925926,16845.0,226.0,1.0,1.0,0.0,0.0,0.0,0.0,1.0,0.0,1.0,1.0,0.0134164440486791,0,1,0,1,0.0004529709325406957,0.05085086566522394,0.6241234221598877,0.864352930998949,2.2028590521734133,0.0,0.012158096741776645,1.0,0.3709557923923643,0.0,0.0,0.0,1.0,1.0428152306443095,26.0957098988815,0.817334738457052,0.6,1.0,0.33348432364418024,0
30.0,17846.0,0.098733609772498,0.4315252717695842,0.377739175912436,373.5,0.098733609772498,0.2792782696402555,3.155219351823698,6.744149450351819e-05,30.0,1.0,2.0,0.0,2.8604007637962963,0.0,0.0,0.0,0.0,0.0,0.0,0.0,0.0,0.0,30.0,7.0,0.6,1.3373906403240234,1.0,1.0,1.0,262.3481781376518,0.1,0.1,0.0333333333333333,0.0333333333333333,0.6,0.1,0.2,0.0666666666666666,0.7,444830.0,8549.0,0.0192185778836859,44587.0,44587.0,0.1002337971809455,0.0004113931164714,106.91873801009308,10.71687110054632,0.7763176265270506,0.0778132635253054,0.7705284347326294,0.9452113845367848,0.9977812251646232,0.6761036521968395,0.2294715652673706,0.0017444634849,0.05274856664396,0.0,0.0,4160.449405474804,0.0003429748032407,0.0220675118402777,0.021724537037037,573000.0,183.0,1.0,1.0,1.0,0.0,0.0,0.0,0.0,0.0,1.0,1.0,0.0003193717277486,1,1,1,0,0.9787373834634164,0.9890330458614465,0.238236392842467,2.843693155594103,20.348406430357347,0.0,0.0,0.25904046268414,0.08634682089471334,0.2333333333333333,9.361734482268163,0.16666666666666663,0.30000000000000004,1.5605555296679117,14.071024379316105,1.28454537927803,0.6,0.0,0.9929124611544721,1
30.0,1865.0,0.4605898123324397,0.8986595174262735,0.8292582663092045,7.0,0.4605898123324397,0.8407506702412869,1.6328543423961883,0.0014153613889413,0.0,0.0,0.0,0.0,0.0,30.0,1.0,0.0,1.0,0.0,1.0,2.0,10.0,0.0060125922393724,30.0,7.0,0.3333333333333333,1.7146843766981144,1.0,1.0,0.0,2.669432220417655,0.1,0.0,0.3333333333333333,0.2,0.2,0.0666666666666666,0.1,0.5333333333333333,0.2666666666666666,21196.0,169.0,0.007973202491036,1507.0,1507.0,0.0710983204378184,0.009105491602189,4.248096836857957,0.30203255015781,2.072958435207824,0.1473838630806846,0.975352889400234,1.0,1.0,0.1156114507903658,0.024647110599766,0.0,0.0,1.0,0.0,4989.528443809236,1.5987678833101853,11.547633624050926,9.94886574074074,10225.0,193.0,1.0,0.0,1.0,0.0,0.0,0.0,0.0,0.0,1.0,1.0,0.0188753056234718,1,1,1,0,0.09133366173986399,0.23224701945877863,0.6449240393208221,0.8807782672657187,7.140775646603422,1.0,0.020647164815791513,1.0,0.7305580083351381,0.43333333333333335,12.0027906368868,0.35555555555555557,0.7333333333333334,1.1698218463040542,19.374368625929804,0.8594377013645812,0.4,0.0,0.6971112205799547,0
30.0,3427.0,0.4499562299387219,0.661219725707616,0.6481762474467463,42.5,0.4499562299387219,0.5838926174496645,2.360723418864429,7.724373746398511e-05,30.0,1.0,1.0,0.0,3.425219996724537,0.0,0.0,0.0,0.0,0.0,0.0,0.0,0.0,0.0,30.0,3.0,0.9,0.3887343902209295,0.0,1.0,0.0,1.171806127569542,0.0,0.0,0.0333333333333333,0.0,0.9,0.0666666666666666,0.0,0.0333333333333333,0.9666666666666668,388381.0,9794.0,0.0252175054907423,66302.0,66302.0,0.1707138093779046,0.0002034085086551,84.43237952356789,14.413773143309273,18.18177987921914,3.103880904452039,0.9893153792674448,1.0,1.0,0.0591242938423233,0.0106846207325551,0.0,0.0106846207325551,1.0,0.0,4599.905891367315,0.0015163673148148,3.425590441388889,3.424074074074074,21361.0,79.0,1.0,0.0,1.0,0.0,1.0,0.0,0.0,0.0,1.0,1.0,0.0036983287299283,1,1,1,0,0.22603599832565927,0.6122222393963835,0.5490662386927341,1.2985012093841404,12.955612786998365,0.0,0.0,0.22597746569440183,0.07532582189813394,0.0333333333333333,1.1662031706627884,0.0222222222222222,0.033333333333333215,1.5258951969831185,6.1384279189209785,1.3163022498800179,0.4,0.0,0.7420119994418864,1
30.0,766.0,0.5300261096605744,0.7571801566579635,0.7263707571801565,6.5,0.5300261096605744,0.6775456919060052,2.0537589009013724,0.0015400410677618,30.0,1.0,1.0,0.0,1128.893665563889,27.0,1.0,0.0,1.0,0.0,1.0,1.0,8.0,0.0122595332002228,4.0,1.0,1.0,-0.0,0.0,0.0,0.0,0.1732553149677352,0.0,0.0,0.0,0.0,1.0,0.0,0.0,0.0,1.0,19480.0,0.0,0.0,1218.0,1218.0,0.0625256673511293,0.0164784394250513,8.845026175568211,0.5530411643656099,0.3909526963292993,0.0244445782407128,0.9655838027661644,0.9971844730142404,0.9993629932611392,0.1610239431031008,0.0344161972338356,0.0,0.0028155269857597,1.0,0.0,2202.367705028507,0.3692906766550926,499.8515128988774,499.4822222222222,49827.0,321.0,1.0,1.0,1.0,0.0,1.0,1.0,1.0,0.0,1.0,1.0,0.0064422903245228,0,1,0,1,0.0019980729696248505,0.3661508628165398,0.6281984334203654,0.9652130604758409,6.9191511908206085,1.0,0.04085127182242506,0.0008850390355104223,0.4600400153992152,0.0,-0.0,0.0,0.0,1.2830531882105083,32.499105553098,0.9230456248672402,0.8,1.0,0.33399935765654165,0
30.0,366.0,0.2540983606557377,0.6229508196721312,0.5825136612021857,4.0,0.2540983606557377,0.546448087431694,2.688536704662938,0.0020384589250526,0.0,0.0,0.0,0.0,0.0,30.0,1.0,0.0,1.0,0.0,1.0,6.0,21.0,0.0052497604833267,11.0,2.0,0.9090909090909092,0.3046360973492381,0.0,0.0,0.0,0.492320443419928,0.0,0.0,0.0,0.0,0.9090909090909092,0.0909090909090909,0.0,0.0,1.0,14717.0,276.0,0.0187538221104844,1199.0,1199.0,0.0814704083712713,0.0256845824556635,2.575357501104016,0.209815427316961,5.849364069952305,0.4765500794912559,0.9958207401994974,0.9977027909705848,0.99938003033423,0.0312786960526005,0.0041792598005026,0.0016772393636454,0.0018820507710872,1.0,0.0,5714.546424490741,1.5996189351851853,510.8013781944444,509.2017592592592,2516.0,378.0,1.0,0.0,1.0,1.0,0.0,0.0,0.0,0.0,1.0,1.0,0.1502384737678855,0,1,0,1,0.00196000892167024,0.19331282319464546,0.4183060109289617,2.0053839354453062,5.526789197711985,1.0,0.018027610326355643,1.0,0.722451963151844,0.0,0.6092721946984762,0.0,0.0,1.1093160618715092,39.38802055339895,0.8195559337012676,0.6,0.0,0.33398666964055673,0
30.0,4461.0,0.9132481506388702,0.9827392961219458,0.9443996114473584,2.0,0.9132481506388702,0.9663752521856086,0.4723552415855144,0.0052872752908001,0.0,0.0,0.0,0.0,0.0,30.0,0.3333333333333333,0.0666666666666666,1.0,0.0,0.4,4.0,5.0,0.006656391910882,12.0,3.0,0.8333333333333334,0.5660857389596289,0.0,0.0,1.0,0.4666144305733263,0.0,0.0833333333333333,0.0,0.0,0.8333333333333334,0.0833333333333333,0.0833333333333333,0.0,0.9166666666666666,5674.0,166.0,0.0292562566090941,435.0,435.0,0.076665491716602,0.0174480084596404,1.25894559007815,0.096517682707789,0.3264296398573236,0.025025888850535,0.5465507373773146,0.8126764393402813,0.9019420975412324,1.2797946648166276,0.4534492626226853,0.0080490172518466,0.0928119940807447,0.0,0.5981467545279774,4506.946165597176,1.594417911990741,326.50143180087963,324.9070138888889,17382.0,99.0,1.0,0.0,1.0,0.0,0.0,0.0,0.0,0.0,1.0,1.0,0.0056955471177079,0,1,0,0,0.003068359861506168,0.1942481678572635,0.9288238810431143,0.04097769076296661,3.7726205419764307,0.13333333333333333,0.02285796465000722,1.0,0.4485102992803174,0.0833333333333333,1.6982572168788868,0.05555555555555553,0.08333333333333337,1.0273368265297753,11.453261760956085,0.7223405247795098,0.4,0.0,0.3343561199538354,0
30.0,366.0,0.2540983606557377,0.6229508196721312,0.5825136612021857,4.0,0.2540983606557377,0.546448087431694,2.688536704662938,0.0020384589250526,0.0,0.0,0.0,0.0,0.0,30.0,1.0,0.0,1.0,0.0,1.0,6.0,21.0,0.0052497604286787,11.0,2.0,0.9090909090909092,0.3046360973492381,0.0,0.0,0.0,0.492320443419928,0.0,0.0,0.0,0.0,0.9090909090909092,0.0909090909090909,0.0,0.0,1.0,14717.0,276.0,0.0187538221104844,1199.0,1199.0,0.0814704083712713,0.0256845824556635,2.575357474295526,0.2098154251328624,5.849364069952305,0.4765500794912559,0.9958207401994974,0.9977027909705848,0.99938003033423,0.0312786960526005,0.0041792598005026,0.0016772393636454,0.0018820507710872,1.0,0.0,5714.546483977477,1.5996784219212965,510.8014376811806,509.2017592592592,2516.0,378.0,1.0,0.0,1.0,1.0,0.0,0.0,0.0,0.0,1.0,1.0,0.1502384737678855,0,1,0,1,0.00196000892167024,0.193308421985274,0.4183060109289617,2.0053839354453062,5.526789197711985,1.0,0.018027610138695114,1.0,0.7224519625711404,0.0,0.6092721946984762,0.0,0.0,1.1093160605371604,39.38802055339895,0.8195559327154589,0.6,0.0,0.33398666964055673,0
30.0,6437.0,0.8842628553674072,0.975454404225571,0.9373155196520118,5.0,0.8842628553674072,0.9669100512661176,0.5535546218220395,0.0005871301080319,0.0,0.0,0.0,0.0,0.0,30.0,0.9666666666666668,0.0,1.0,0.0,0.9666666666666668,1.0,5.0,0.0062693185137603,30.0,3.0,0.8666666666666667,0.4676524865100599,1.0,0.0,0.0,1.1221148401419268,0.0333333333333333,0.0,0.0,0.0,0.8666666666666667,0.1,0.0333333333333333,0.0,0.9666666666666668,51096.0,1272.0,0.0248943165805542,4876.0,4876.0,0.0954282135587912,0.0209605448567402,10.677903292636543,1.018973235769841,0.4513741044690418,0.0430738244361798,0.629920059337399,0.9933492665238172,1.0,0.6923180684909312,0.3700799406626009,0.0,0.0066507334761826,0.0,0.0,4785.209099466204,1.6018425217592591,534.3134513180555,532.7116087962963,113201.0,1071.0,1.0,1.0,1.0,1.0,0.0,1.0,0.0,0.0,1.0,1.0,0.0094610471638943,0,1,0,1,0.0018736710678925361,0.19310553982025622,0.9107891875097095,0.06406683132785758,6.152879090844238,0.9344444444444446,0.021528759557094705,1.0,0.71143419548197,0.0333333333333333,1.4029574595301797,0.0222222222222222,0.033333333333333215,1.279426625348222,98.78724072624101,1.0021929830285357,1.0,0.0,0.3339578903559642,0
30.0,2444.0,0.542962356792144,0.8784779050736498,0.8281505728314238,11.5,0.542962356792144,0.8236497545008183,1.646331889211209,0.0020101849370142,1.0,1.0,1.0,0.0,3468.861083792836,30.0,1.0,0.0,1.0,0.0,1.0,1.0,3.0,0.0060009849441832,7.0,2.0,0.8571428571428571,0.410116318288409,0.0,0.0,0.0,0.3677328975017511,0.0,0.0,0.0,0.0,0.8571428571428571,0.1428571428571428,0.0,0.0,1.0,14924.0,695.0,0.0465692843741624,1808.0,1808.0,0.1211471455373894,0.0008710801393728,2.9852899768996792,0.3616593593027754,3.108519058529473,0.3765882107894189,1.0,1.0,1.0,-0.0,0.0,0.0,0.0,1.0,0.0,4999.179347799561,0.6288732625231481,579.7422413180788,579.1133680555556,4801.0,13.0,1.0,0.0,1.0,0.0,0.0,0.0,0.0,0.0,1.0,1.0,0.0027077692147469,0,1,0,1,0.0017238009931607595,0.3078216199676607,0.6855564648117839,0.7524356465830281,8.673319846556165,1.0,0.02060730551263312,0.0002881959755307898,0.39719739824202804,0.0,0.820232636576818,0.0,0.0,1.1283678326922835,1.3526459348524755,0.8806095661251039,0.4,0.0,0.3339079336643869,0
30.0,951.0,0.4900105152471083,0.7423764458464774,0.7335786890991938,7.0,0.4900105152471083,0.6645636172450052,2.1204923327676655,0.0887573964497041,0.0,0.0,0.0,0.0,0.0,0.0,0.0,0.0,0.0,0.0,0.0,0.0,0.0,0.0,0.0,0.0,0.0,0.0,0.0,0.0,0.0,0.0,0.0,0.0,0.0,0.0,0.0,0.0,0.0,0.0,0.0,338.0,35.0,0.1035502958579881,207.0,207.0,0.6124260355029586,0.4260355029585799,0.0735950115026008,0.0450715011273324,0.1604938271604938,0.0982905982905982,0.5318280126316907,0.7482684499641747,0.9560503078311172,1.169069475085763,0.4681719873683093,0.0005929397871719,0.0,0.0,0.2306162593211793,4592.702590701297,21.500796719814815,3168.3098939420374,3146.809097222222,2106.0,144.0,1.0,1.0,1.0,1.0,0.0,0.0,0.0,0.0,1.0,1.0,0.0683760683760683,0,1,0,1,0.0003176812726294133,0.02237919841781139,0.6117946021731511,1.081428792210639,7.140775646603422,0.0,0.0,1.0,0.3333333333333333,0.0,0.0,0.0,1.0,0.6908852705281073,24.716786357909985,0.6329602423928877,0.8,0.0,0.3334392270908764,0
30.0,1386.0,0.1875901875901875,0.5692640692640693,0.5371332371332371,21.0,0.1875901875901875,0.455988455988456,2.848047439429132,0.0001356931886542,30.0,1.0,1.0,0.0,32.27166769796296,0.0,0.0,0.0,0.0,0.0,0.0,0.0,0.0,0.0,30.0,4.0,0.5,1.075524390343655,0.0,1.0,1.0,176.83176422431436,0.0,0.0666666666666666,0.5,0.0,0.3666666666666666,0.0666666666666666,0.0666666666666666,0.5,0.4333333333333333,221087.0,5976.0,0.0270300831799246,50635.0,50635.0,0.229027486916915,0.0044100286312628,61.57065316765527,14.101371962821084,13.32411257759296,3.0515880190441753,0.9982632509950444,0.999895979612004,1.0,0.0131672432693681,0.0017367490049555,0.0017367490049555,0.0,1.0,0.0,3590.7853599087157,0.0164247235300925,11.433531205011574,11.41710648148148,16593.0,975.0,1.0,1.0,1.0,1.0,1.0,1.0,0.0,0.0,1.0,1.0,0.0587597179533538,1,1,1,0,0.0805340601283698,0.5321341815694727,0.36236171236171233,2.3137816860008678,10.614600233352832,0.0,0.0,0.0300556019336904,0.0100185339778968,0.5666666666666667,4.30209756137462,0.37777777777777777,0.5666666666666667,1.503211498570611,79.22760903329649,1.323175454902635,1.0,0.0,0.6935113533761234,1
30.0,4950.0,0.8913131313131313,0.927878787878788,0.8916363636363636,12.5,0.8913131313131313,0.9113131313131312,0.6899801368474404,0.0001926670905342,30.0,1.0,30.0,0.0,1897.6315890836113,0.0,0.0,0.0,0.0,0.0,0.0,0.0,0.0,0.0,30.0,6.0,0.6333333333333333,1.1954757391366169,0.0,1.0,1.0,35.81050275624819,0.0,0.0333333333333333,0.1333333333333333,0.1,0.6333333333333333,0.0666666666666666,0.0333333333333333,0.2333333333333333,0.7,155709.0,4446.0,0.0285532628171782,46135.0,46135.0,0.2962898740599451,0.0003917564174196,53.131527741439925,15.742333663123716,0.8631367136181465,0.2557386681744356,0.5817770984249352,1.0,1.0,0.6797119154682651,0.4182229015750648,0.0,0.0,0.0,0.4182229015750648,2930.6328391791203,0.0304549198611111,0.7989271420833334,0.7684722222222222,180399.0,61.0,1.0,1.0,1.0,1.0,0.0,1.0,0.0,0.0,1.0,1.0,0.0003381393466704,1,1,1,0,0.5654598287913296,0.7631660260689878,0.8914747474747474,0.07499178053008547,8.937603077061484,0.0,0.0,0.000526695123872166,0.00017556504129072198,0.1666666666666666,7.172854434819701,0.1444444444444444,0.30000000000000004,1.4975282957899654,5.102147253521327,1.345166800622954,1.0,0.0,0.8551532762637765,0
30.0,281.0,0.2028469750889679,0.6156583629893239,0.6217081850533808,3.0,0.2028469750889679,0.4768683274021352,2.652727119507107,0.020366598778004,0.0,0.0,0.0,0.0,0.0,30.0,1.0,0.0,1.0,0.0,1.0,6.0,18.0,0.0060330096865594,0.0,0.0,0.0,0.0,0.0,0.0,0.0,0.0,0.0,0.0,0.0,0.0,0.0,0.0,0.0,0.0,0.0,1473.0,46.0,0.0312287847929395,346.0,346.0,0.2348947725729803,0.0196877121520706,0.2962207756100675,0.0695807117183186,1.2643776824034334,0.2969957081545064,1.0,1.0,1.0,-0.0,0.0,0.0,0.0,1.0,0.0,4972.642438507569,17.700042674236112,51.32153572979166,33.621493055555554,1165.0,29.0,1.0,0.0,1.0,0.0,0.0,0.0,0.0,0.0,1.0,1.0,0.0248927038626609,0,1,1,0,0.02888379188024459,0.03629420131847783,0.4122775800711743,2.1146294475786194,4.760517097735615,1.0,0.020717278068179922,1.0,0.7307749693466765,0.0,0.0,0.0,1.0,0.8571007802290095,3.974925035908258,0.6871769304550815,0.4,0.0,0.3429612639600815,0
8.0,112.0,0.3392857142857143,0.9732142857142856,0.5580357142857142,6.0,0.3392857142857143,0.8660714285714286,1.4972744310613857,0.0063391442155309,0.0,0.0,0.0,0.0,0.0,0.0,0.0,0.0,0.0,0.0,0.0,0.0,0.0,0.0,0.0,0.0,0.0,0.0,0.0,0.0,0.0,0.0,0.0,0.0,0.0,0.0,0.0,0.0,0.0,0.0,0.0,1262.0,4.0,0.0031695721077654,353.0,353.0,0.2797147385103011,0.0625990491283676,0.3340908078320289,0.0934501229514312,0.0722546662086339,0.0202106950646971,0.7824586185650545,0.8521992473960194,0.9188846437438812,0.8594041629734077,0.2175413814349454,0.0162589095360139,0.0,0.0,0.0883365087749554,3777.41611075662,43.866249645509264,2373.316712608472,2329.450462962963,17466.0,79.0,1.0,1.0,1.0,1.0,1.0,0.0,1.0,0.0,1.0,1.0,0.004523073399748,0,1,0,1,0.00042910159039750105,0.011354821241486644,0.44866071428571425,0.9892706062369869,4.27560160479232,0.0,0.0,1.0,0.3333333333333333,0.0,0.0,0.0,1.0,0.8669374206138136,11.062496614446866,0.7125246423433271,0.8,1.0,0.33347636719679913,0
30.0,2856.0,0.4772408963585434,0.884453781512605,0.8213352007469654,12.0,0.4772408963585434,0.8368347338935574,1.6880112976683803,0.0006252735571812,0.0,0.0,0.0,0.0,0.0,30.0,1.0,0.0,1.0,0.0,1.0,1.0,14.0,0.0054004676010229,29.0,4.0,0.5172413793103449,1.2203886029053113,0.0,1.0,1.0,1.0812112362081487,0.0,0.1724137931034483,0.1379310344827586,0.0,0.5172413793103449,0.1724137931034483,0.1724137931034483,0.1379310344827586,0.6896551724137931,47979.0,827.0,0.0172367077262969,6998.0,6998.0,0.1458554784384835,0.0062110506680005,8.636967834316035,1.259749075731958,2.1620927403001216,0.3153530710648461,0.997136845146806,0.9999253114639264,1.0,0.0199712500698053,0.0028631548531941,7.468853607357274e-05,0.0,1.0,0.0,5555.07452610662,0.0732876806944444,639.4729867547685,639.3996990740741,22191.0,298.0,1.0,1.0,1.0,0.0,0.0,0.0,0.0,0.0,1.0,1.0,0.0134288675589202,0,1,0,1,0.0015615247812356193,0.46663899695852223,0.6492880485527543,0.8824232729057745,8.808003273675315,1.0,0.018545136640149232,1.0,0.7240534154980626,0.31034482758620685,4.881554411621245,0.2068965517241379,0.31034482758620685,1.2500006588199897,27.64753044381912,1.026754041804291,0.6,0.0,0.33385384159374526,0
30.0,227.0,0.7709251101321586,0.8590308370044053,0.8148311306901614,1.0,0.7709251101321586,0.8414096916299559,1.2395288613932849,8.601385969992631e-05,0.0,0.0,0.0,0.0,0.0,0.0,0.0,0.0,0.0,0.0,0.0,0.0,0.0,0.0,30.0,2.0,0.8666666666666667,0.3926744672275521,0.0,0.0,0.0,151.74755576371408,0.0,0.0,0.0,0.0,0.8666666666666667,0.1333333333333333,0.0,0.0,1.0,348781.0,6844.0,0.0196226285262098,56237.0,56237.0,0.1612387142648252,0.0015597179892253,103.63381168063732,16.709782549748986,30.928527090538264,4.986875942183205,0.9796071990693218,1.0,1.0,0.0995639128768781,0.0203928009306781,0.0203928009306781,0.0,1.0,0.0,3365.5135745380903,0.0105537047569444,57.1129842603125,57.10243055555556,11277.0,544.0,1.0,1.0,1.0,1.0,0.0,0.0,0.0,0.0,1.0,1.0,0.0482397800833555,0,1,1,0,0.017210983954343083,0.5033821855247457,0.79287812041116,0.2839449374116776,2.3802585488678076,0.0,0.0,1.0,0.3333333333333333,0.0,0.7853489344551042,0.0,0.0,1.5713263300138551,42.62587165082104,1.346643968328882,0.8,0.0,0.33907032798478104,0
30.0,3217.0,0.7087348461299348,0.9306807584706248,0.8815770386488446,8.5,0.7087348461299348,0.9064345663661796,1.178555863720813,0.0042194092827004,0.0,0.0,0.0,0.0,0.0,30.0,0.8333333333333334,0.1666666666666666,0.0,1.0,1.0,2.0,7.0,0.0048889235113387,22.0,4.0,0.5909090909090909,1.0597984499412791,1.0,1.0,0.0,1.024224018829169,0.0454545454545454,0.0,0.5909090909090909,0.0,0.2272727272727272,0.0,0.0454545454545454,0.5909090909090909,0.2272727272727272,7110.0,157.0,0.0220815752461322,751.0,751.0,0.1056258790436005,0.0028129395218002,1.1586748721872877,0.1223860519005138,0.3001266357112706,0.0317011397214014,0.5551644699670238,0.8821255765694503,0.9524503559577988,1.0963701258464846,0.4448355300329761,0.0011929465909207,0.0949721602991483,0.0,0.0,6136.320179677014,3.564253751087963,7.561753751087963,3.9975,23690.0,20.0,1.0,0.0,0.0,0.0,0.0,0.0,0.0,0.0,1.0,1.0,0.0008442380751371,1,1,1,0,0.2001000500250125,0.16794618329248717,0.7951559423893897,0.3432722549911102,7.730907229977055,0.0,0.01678850078164369,1.0,0.3852842839413806,0.6363636363636364,4.239193799765117,0.42424242424242425,0.7727272727272728,1.0168638609841345,2.2549444322170014,0.7592872827731922,0.4,0.0,0.7333666833416709,0
30.0,2185.0,0.5853546910755149,0.7981693363844393,0.7546147978642257,17.0,0.5853546910755149,0.7112128146453089,1.875040047361768,0.0007770812827021,30.0,1.0,1.0,0.0,0.4331734089467592,29.0,0.4137931034482758,0.0,1.0,0.0,0.4137931034482758,1.0,6.0,0.0073518947035452,29.0,6.0,0.5172413793103449,1.2368796722734043,0.0,1.0,1.0,10.628613605609546,0.0,0.0344827586206896,0.0689655172413793,0.0344827586206896,0.5172413793103449,0.3103448275862069,0.0344827586206896,0.1034482758620689,0.8275862068965517,38606.0,1250.0,0.0323783867792571,10773.0,10773.0,0.2790498886183495,0.0142982956017199,9.787146445691944,2.7311021255618124,2.733555193655739,0.7627982723217447,0.894108171205787,0.9649486604714658,0.9758112107696616,0.4526994231440693,0.1058918287942129,0.0026995737159199,0.0,0.0,0.9049707215039828,3944.561391127442,0.0057314052199074,0.4335439052199074,0.4278125,14123.0,552.0,1.0,0.0,0.0,0.0,1.0,1.0,0.0,0.0,1.0,1.0,0.0390851802025065,1,1,1,0,0.7003720726636026,0.8459365972338067,0.6699847444698703,0.7774765596841016,9.925499632820667,0.17122473246135547,0.025005245015953803,0.6977522704212753,0.3670361453325945,0.1034482758620689,7.4212780336404265,0.08045977011494247,0.1724137931034483,1.2754134913505029,52.26684286188778,1.1212824149286564,0.6,0.0,0.9001240242212009,1
30.0,354.0,0.3813559322033898,0.8418079096045198,0.785875706214689,1.5,0.3813559322033898,0.7542372881355932,2.0115100481759565,0.1515151515151515,0.0,0.0,0.0,0.0,0.0,30.0,0.8666666666666667,0.1333333333333333,1.0,0.0,1.0,4.0,10.0,0.0070473506231643,0.0,0.0,0.0,0.0,0.0,0.0,0.0,0.0,0.0,0.0,0.0,0.0,0.0,0.0,0.0,0.0,0.0,198.0,18.0,0.0909090909090909,68.0,68.0,0.3434343434343434,0.0151515151515151,0.0465125141128845,0.0159739947458391,0.4057377049180328,0.1393442622950819,0.9610990680783734,0.9908341291028598,0.9989823443718764,0.1888702279353107,0.0389009319216265,0.0,0.0081482152690165,1.0,0.0,4256.918890991828,250.57319654738427,569.3065993251621,318.73340277777777,488.0,3.0,1.0,1.0,1.0,0.0,0.0,0.0,0.0,0.0,1.0,1.0,0.0061475409836065,0,0,0,1,0.0031276056593155625,0.002864214530343041,0.5836158192090395,1.2444087586173291,3.1465306488441787,0.8666666666666667,0.024200511865466626,1.0,0.6971091709119448,0.0,0.0,0.0,1.0,0.6334151147466278,0.5667536820136542,0.5066677900225607,0.6,0.0,0.0010425352197718542,0
30.0,493.0,0.6490872210953347,0.8803245436105477,0.819945909398242,2.0,0.6490872210953347,0.8397565922920892,1.496221585734074,5.9794545940149645e-05,0.0,0.0,0.0,0.0,0.0,0.0,0.0,0.0,0.0,0.0,0.0,0.0,0.0,0.0,30.0,3.0,0.9,0.3887343902209295,0.0,1.0,0.0,244.92109987716148,0.0,0.0,0.0333333333333333,0.0,0.9,0.0666666666666666,0.0,0.0333333333333333,0.9666666666666668,501718.0,6681.0,0.0133162453808713,47580.0,47580.0,0.0948341498610773,0.0009626921896364,171.31146153748523,16.24617681636606,417.7502081598667,39.61698584512906,1.0,1.0,1.0,-0.0,0.0,0.0,0.0,1.0,0.0,2928.6890408390973,0.0009158390972222,83.79209639465277,83.79118055555556,1201.0,483.0,1.0,0.0,1.0,0.0,0.0,0.0,0.0,0.0,1.0,1.0,0.4021648626144879,0,1,1,0,0.011793679406843446,0.5054392754599606,0.7345165652467883,0.5250432745070889,3.7726205419764307,0.0,0.0,1.0,0.3333333333333333,0.0333333333333333,1.1662031706627884,0.0222222222222222,0.033333333333333215,1.6442198735446891,36.79776975518291,1.3491417334562577,0.4,0.0,0.33726455980228115,0
30.0,187.0,0.5882352941176471,0.8449197860962567,0.7819964349376114,1.0,0.5882352941176471,0.8128342245989305,1.6323752322142864,0.0146699266503667,0.0,0.0,0.0,0.0,0.0,2.0,0.0,0.0,0.0,0.0,0.0,0.0,0.0,0.0003982205774274,2.0,2.0,0.5,0.6931471805599453,0.0,0.0,0.0,0.0933588269204067,0.0,0.0,0.0,0.0,0.5,0.5,0.0,0.0,1.0,2045.0,100.0,0.0488997555012225,569.0,569.0,0.278239608801956,0.00440097799511,0.4071805404195443,0.113293754278103,2.315968289920725,0.6443941109852774,1.0,1.0,1.0,-0.0,0.0,1.0,0.0,1.0,0.0,5022.3421724740165,18.700991918460648,52.95880441846065,34.2578125,883.0,9.0,1.0,0.0,1.0,0.0,0.0,0.0,0.0,0.0,1.0,1.0,0.0101925254813137,0,1,1,0,0.028362508309328606,0.03464576114163748,0.6851158645276292,0.6721545073823532,2.3802585488678076,0.0,0.00043749001996225213,1.0,0.33468711844578497,0.0,1.3862943611198906,0.0,0.0,0.8945784304754636,1.1805381288844086,0.7446138546204429,0.4,0.0,0.3427875027697762,0
30.0,1666.0,0.5228091236494598,0.8613445378151261,0.8032012805122049,8.0,0.5228091236494598,0.7929171668667467,1.8041614503367336,0.0072868593636142,30.0,1.0,1.0,0.0,25.439176580266203,0.0,0.0,0.0,0.0,0.0,0.0,0.0,0.0,0.0,30.0,5.0,0.4666666666666667,1.2460378892728787,0.0,0.0,1.0,2.268077681660597,0.0,0.0666666666666666,0.0,0.0,0.4666666666666667,0.3333333333333333,0.0666666666666666,0.0,0.8,4117.0,497.0,0.1207189701238766,1569.0,1569.0,0.381102744717027,0.009715812484819,0.8782781946927462,0.3347142306225209,1.3511650804069577,0.514932720708894,0.301065569149236,0.5388171618650279,0.7329875401702656,1.6332843183496275,0.6989344308507639,0.0548006991035688,0.2952584991824998,0.0,0.0,4687.580797045046,0.2973363968981481,25.43960491541667,25.14226851851852,3047.0,40.0,1.0,0.0,1.0,0.0,1.0,0.0,0.0,0.0,1.0,1.0,0.0131276665572694,1,1,1,0,0.03825222739532437,0.40431607472012643,0.6630052020808324,0.8609293835640476,7.545241083952861,0.0,0.0,0.03782266051153744,0.012607553503845813,0.0666666666666666,6.230189446364394,0.0444444444444444,0.19999999999999996,0.9846239118180571,4.80588843099338,0.870548346263025,0.4,0.0,0.6794174091317747,0
30.0,1618.0,0.1378244746600741,0.5469715698393078,0.5584672435105067,21.0,0.1378244746600741,0.3733003708281829,2.8510959803711793,0.0036288859320188,2.0,1.0,2.0,0.0,2394.9942519581596,3.0,0.0,0.0,0.0,0.0,0.0,0.0,0.0,0.0010488532521271,29.0,7.0,0.3793103448275862,1.4983627693320414,0.0,1.0,1.0,0.0401984161477499,0.0,0.0344827586206896,0.3103448275862069,0.0344827586206896,0.3793103448275862,0.1724137931034483,0.0344827586206896,0.3448275862068966,0.5517241379310345,8267.0,249.0,0.0301197532357566,7342.0,7342.0,0.8881093504294182,0.0164509495584855,2.8902899451117268,2.5668935257058543,0.1820003082139004,0.161636175505801,0.3556988317617309,0.6092844296606814,0.7534155718392463,1.7000062232731092,0.6443011682382691,0.0088619020604692,0.0035416787808093,0.0,0.2170122219457515,2860.2666710638428,0.8503631934722223,11.319055323101852,10.46869212962963,45423.0,136.0,0.0,0.0,1.0,0.0,1.0,0.0,0.0,0.0,1.0,1.0,0.0029940778900556,1,1,1,0,0.08719390046372219,0.3108047487782475,0.3481458590852904,2.4581451746710727,10.614600233352832,0.0,0.0014540193490660575,0.0004173632717118316,0.00463849172341876,0.3448275862068965,10.48853938532429,0.24137931034482754,0.4482758620689655,1.1332742295184852,15.077358063196346,1.1183678768442078,0.2,0.0,0.6957313001545741,0
30.0,4477.0,0.3379495197677016,0.8619611346884074,0.8171468989650807,12.0,0.3379495197677016,0.7817735090462363,1.913473440992069,0.001361223285993,0.0,0.0,0.0,0.0,0.0,30.0,0.9666666666666668,0.0333333333333333,1.0,0.0,1.0,2.0,14.0,0.0059840251042327,16.0,4.0,0.8125,0.6885673693022827,0.0,1.0,1.0,0.5636773094194539,0.0,0.0625,0.0625,0.0,0.8125,0.0625,0.0625,0.0625,0.875,22039.0,815.0,0.0369798992694768,1968.0,1968.0,0.0892962475611416,0.0038114252007804,4.396064309072865,0.3925520468376695,0.6933773792669499,0.0619159981123171,0.6319644269244258,0.9987887840890132,0.9997086883693832,0.666703289265251,0.3680355730755741,0.0009199042803698,0.6322557385550427,0.0,0.0,5013.347951725798,0.4247225591319444,44.09226885542824,43.667546296296294,31785.0,84.0,1.0,1.0,1.0,1.0,0.0,0.0,0.0,0.0,1.0,1.0,0.0026427560169891,0,1,1,0,0.022387618817622787,0.36203389573760747,0.5775482093663912,1.2668160105205477,8.808003273675315,0.9666666666666668,0.020549065639252986,1.0,0.7191433355456301,0.125,2.7542694772091307,0.08333333333333333,0.125,1.1737454627719988,8.399484049708828,0.8902642393282956,0.8,0.0,0.3407958729392076,0
30.0,925.0,0.9091891891891892,0.9362162162162162,0.8961081081081079,2.0,0.9091891891891892,0.9254054054054054,0.5999617560869847,0.0001530924678505,0.0,0.0,0.0,0.0,0.0,0.0,0.0,0.0,0.0,0.0,0.0,0.0,0.0,0.0,29.0,3.0,0.7931034482758621,0.6030352600367863,0.0,0.0,0.0,13.626796756456905,0.0,0.0,0.0,0.0,0.7931034482758621,0.1724137931034483,0.0,0.0,0.9655172413793104,195960.0,4231.0,0.0215911410491937,31076.0,31076.0,0.1585833843641559,0.0020565421514594,65.87183716078749,10.446178871242257,13.14903039656445,2.08521774139435,1.0,1.0,1.0,-0.0,0.0,0.0,0.0,1.0,0.0,2974.8676891279633,0.0035803316666666,86.80308264648149,86.79950231481482,14903.0,403.0,1.0,0.0,1.0,0.0,0.0,0.0,0.0,0.0,1.0,1.0,0.0270415352613567,0,1,1,0,0.011389586200778104,0.5039107815729831,0.9026486486486486,0.054483013525736965,3.7726205419764307,0.0,0.0,1.0,0.3333333333333333,0.0,1.809105780110359,0.0,0.03448275862068961,1.5234703490118005,33.071629948830285,1.2932498769843608,0.4,0.0,0.337129862066926,0
30.0,2052.0,0.2046783625730994,0.7675438596491229,0.7300194931773878,11.5,0.2046783625730994,0.567738791423002,2.337882708363908,0.0005223204958562,0.0,0.0,0.0,0.0,0.0,30.0,0.7,0.1,1.0,0.0,0.7666666666666667,7.0,13.0,0.0050374108147706,30.0,5.0,0.6,1.1525513921747048,0.0,1.0,1.0,1.602853474951704,0.0,0.0666666666666666,0.1,0.0,0.6,0.2,0.0666666666666666,0.1,0.8,57436.0,2452.0,0.0426909951946514,12306.0,12306.0,0.2142558674002367,0.0004700884462706,9.644290918572237,2.0663459162189204,2.5318933215781354,0.5424729997795901,0.840946706388613,1.0,1.0,0.4380966846728333,0.1590532936113869,0.0,0.1590532936113869,0.0,0.0,5955.4404241760885,0.1481788057175926,1.713572324236111,1.5653935185185186,22685.0,27.0,1.0,0.0,1.0,1.0,0.0,1.0,0.0,0.0,1.0,1.0,0.0011902137976636,1,1,1,0,0.3898037446424543,0.6197311978073292,0.4673489278752436,1.8593687037280202,8.673319846556165,0.5366666666666666,0.017298404281657336,1.0,0.5657510368628366,0.1666666666666666,5.762756960873524,0.11111111111111106,0.19999999999999996,1.2606931058746744,2.463853450519949,1.0834668897920825,0.8,0.0,0.7966012482141515,1
30.0,1662.0,0.5276774969915764,0.7496991576413959,0.7146409947853991,18.5,0.5276774969915764,0.6726835138387485,2.073349750484257,8.650494087387291e-05,0.0,0.0,0.0,0.0,0.0,0.0,0.0,0.0,0.0,0.0,0.0,0.0,0.0,0.0,29.0,3.0,0.8620689655172413,0.4787533304102896,0.0,1.0,0.0,58.9053977807034,0.0,0.0,0.0344827586206896,0.0,0.8620689655172413,0.1034482758620689,0.0,0.0344827586206896,0.9655172413793104,346801.0,8547.0,0.0246452576549663,82896.0,82896.0,0.2390304526226856,0.0003200682812333,95.50893171428883,22.829543177175637,15.277577092511011,3.6518061674008817,0.0,0.0,0.0,0.0,0.0,0.0,0.0,0.0,0.0,3631.084483557373,0.0031409647800925,260.57852290922455,260.5753819444444,22700.0,111.0,1.0,0.0,1.0,0.0,0.0,0.0,0.0,0.0,1.0,1.0,0.0048898678414096,0,1,0,0,0.0038229897346088496,0.5003459069090835,0.6211592458884878,0.9792897437606147,10.200365266783937,0.0,0.0,1.0,0.3333333333333333,0.0344827586206896,1.436259991230869,0.0229885057471264,0.03448275862068961,1.5560822745269458,8.701439983320189,1.38150511611446,0.4,0.0,0.3346076632448696,0
30.0,4948.0,0.6329830234438156,0.8367016976556184,0.7980194017784963,25.5,0.6329830234438156,0.7718270008084074,1.663045005240268,8.454967434283765e-05,30.0,1.0,1.0,0.0,765.8181059270023,4.0,0.0,0.0,0.0,0.0,0.0,0.0,0.0,0.001194522763195,30.0,3.0,0.8,0.5905146653114488,0.0,1.0,0.0,88.5397096498719,0.0,0.0,0.0333333333333333,0.0,0.8,0.1666666666666666,0.0,0.0333333333333333,0.9666666666666668,354821.0,6843.0,0.0192857807176012,44076.0,44076.0,0.124220381544497,3.663819221522965e-05,105.96044033990368,13.162446327645757,0.9835620691280136,0.1221784554997768,0.8452088384210126,0.954054008187699,0.9854128244483288,0.5596939397435385,0.1547911615789874,0.0020451487705624,0.0125420267811086,0.0,0.0,3348.617643079294,0.0040666904050925,1.7656060422569444,1.7615393518518518,360751.0,13.0,1.0,0.0,1.0,1.0,0.0,0.0,0.0,0.0,1.0,1.0,3.603593614432115e-05,1,1,1,0,0.36211687489784034,0.6787670900338909,0.715501212611156,0.610365749700147,11.253673080341025,0.0,0.0019225102223515739,0.0013040902298350212,0.006383782662496087,0.0333333333333333,1.7715439959343464,0.0222222222222222,0.033333333333333215,1.5744153023309768,1.017264422129967,1.3174602879475852,0.6,0.0,0.7873722916326135,0
9.0,579.0,0.9067357512953368,0.9896373056994818,0.8478219151794282,2.0,0.9067357512953368,0.9775474956822108,0.4274891796910773,0.1058823529411764,0.0,0.0,0.0,0.0,0.0,26.0,0.0,0.6923076923076923,0.0,0.0,0.0,0.0,0.0,0.0050466520367338,1.0,1.0,1.0,-0.0,0.0,0.0,0.0,1.0,0.0,0.0,0.0,0.0,0.0,1.0,0.0,0.0,1.0,85.0,2.0,0.0235294117647058,40.0,40.0,0.4705882352941176,0.0352941176470588,0.0164986701200914,0.0077640800565136,0.0017293294270833,0.0008138020833333,0.6118476280299152,0.8820399568060868,0.9223551781667708,1.0973899534010467,0.3881523719700848,0.0310879230024371,0.0717558748026211,0.0,0.6118476280299152,5151.930390716724,92.52243932783564,2602.2811546056137,2509.758715277778,49152.0,3.0,0.0,1.0,1.0,0.0,0.0,0.0,1.0,0.0,1.0,1.0,6.103515625e-05,0,0,0,1,0.0003982859818090346,0.005538375816041058,0.8772788332373824,0.0398694571732611,2.529648278867261,0.0,0.01663294183256309,1.0,0.3848029166420943,0.0,-0.0,0.0,0.0,0.5211277612329787,0.6734993478954281,0.43446219358033694,0.4,1.0,0.00013276199393634486,0
30.0,974.0,0.9301848049281314,0.9558521560574949,0.9201916495550992,2.0,0.9301848049281314,0.944558521560575,0.4727498171884,0.0003970249596357,0.0,0.0,0.0,0.0,0.0,30.0,0.0,1.0,0.0,1.0,1.0,1.0,1.0,0.0065895932210241,28.0,3.0,0.8571428571428571,0.4904499103768102,0.0,1.0,0.0,5.97457250392674,0.0,0.0,0.0357142857142857,0.0,0.8571428571428571,0.1071428571428571,0.0,0.0357142857142857,0.9642857142857144,75562.0,980.0,0.0129694820147693,7286.0,7286.0,0.0964241285302136,0.0094624282046531,16.597428098900853,1.6003925402793948,17.745890089243776,1.7111319868482855,0.9174495674258224,1.0,1.0,0.2849546456216468,0.0825504325741777,0.0,0.0825504325741777,0.0,0.0,4552.63306748294,0.0641438718287037,53.370023501458334,53.30587962962963,4258.0,715.0,1.0,1.0,1.0,0.0,0.0,0.0,0.0,0.0,1.0,1.0,0.1679192108971348,0,1,1,0,0.018414212361904065,0.4790575223379458,0.9251882272416153,0.033005120707198375,3.7726205419764307,0.0,0.02262857880375882,1.0,0.4033560348868716,0.0357142857142857,1.4713497311304304,0.023809523809523798,0.03571428571428559,1.3334348330818209,63.653315588585954,1.0557873376030753,0.6,0.0,0.33947140412063465,0
30.0,1553.0,0.3174500965872505,0.8016741790083709,0.7607426486370465,8.0,0.3174500965872505,0.6825499034127496,2.142482464583907,0.0018018018018018,30.0,1.0,1.0,0.0,129.89808113719909,30.0,1.0,0.0,1.0,0.0,1.0,4.0,8.0,0.0054425546061846,15.0,2.0,0.9333333333333332,0.2449300267946353,0.0,0.0,0.0,0.5687238731500017,0.0,0.0,0.0,0.0,0.9333333333333332,0.0666666666666666,0.0,0.0,1.0,16650.0,217.0,0.013033033033033,1321.0,1321.0,0.0793393393393393,0.0109309309309309,3.020617806432466,0.2396538211589962,2.284263959390863,0.1812319934147345,0.8841796955784423,0.99531838110601,1.0,0.3781198639127253,0.1158203044215576,0.0046816188939901,0.1111386855275675,0.0,0.0,5512.117409967524,3.3837409860416665,129.89841691196762,126.51467592592591,7289.0,182.0,1.0,1.0,1.0,1.0,1.0,0.0,0.0,0.0,1.0,1.0,0.0249691315681163,0,1,0,0,0.007842234572128046,0.11787758951334655,0.5390963726121485,1.4623511992652554,7.545241083952861,1.0,0.018689662877349612,0.007639531391998506,0.3937138199010159,0.0,0.4898600535892706,0.0,0.0,1.1282820765141108,18.723845344581648,0.8342246342168353,0.8,0.0,0.33594741152404267,0
22.0,263.0,0.2281368821292775,0.7490494296577946,0.6621154510888352,4.0,0.2281368821292775,0.5855513307984791,2.2902740381848865,0.022517911975435,0.0,0.0,0.0,0.0,0.0,30.0,0.0,0.9666666666666668,0.0,0.0,0.0,0.0,0.0,0.0055566560458513,1.0,1.0,1.0,-0.0,0.0,0.0,0.0,1.0,0.0,0.0,0.0,0.0,1.0,0.0,0.0,0.0,1.0,977.0,6.0,0.0061412487205731,580.0,580.0,0.593654042988741,0.0204708290685772,0.1809617652265576,0.1074286835531253,0.0519985097663526,0.0308691255521847,0.9768652212468436,0.985707033403273,0.990151361644737,0.1489788267715811,0.0231347787531565,0.0095725836498048,0.0056038887327411,1.0,0.9768652212468436,5398.9305351750345,7.779574526886574,1864.1122365639235,1856.332662037037,18789.0,20.0,0.0,1.0,1.0,0.0,0.0,0.0,1.0,0.0,1.0,1.0,0.0010644526052477,0,1,0,1,0.0005384065118971451,0.057218448359946335,0.44512616660905635,1.7677780598917565,5.046383265334207,0.0,0.019081485761178393,1.0,0.3923797804938214,0.0,-0.0,0.0,0.0,0.8011691944401704,2.904650629441962,0.7405758587299646,0.4,1.0,0.3335128021706324,0
30.0,719.0,0.7566063977746871,0.9221140472878998,0.8804357904496984,2.0,0.7566063977746871,0.894297635605007,1.12441102311625,0.006631299734748,0.0,0.0,0.0,0.0,0.0,30.0,0.8,0.2,1.0,0.0,1.0,2.0,5.0,0.0059675510292254,0.0,0.0,0.0,0.0,0.0,0.0,0.0,0.0,0.0,0.0,0.0,0.0,0.0,0.0,0.0,0.0,0.0,4524.0,3.0,0.0006631299734748,304.0,304.0,0.0671971706454465,0.0072944297082228,0.8999066952071992,0.0604711837628179,7.296774193548387,0.4903225806451612,0.995395055744062,1.0,1.0,0.0293718020597602,0.0046049442559379,0.0046049442559379,0.0,1.0,0.0,5027.187845142743,1.5998937538541669,3072.6307502353357,3071.030856481482,620.0,33.0,1.0,1.0,1.0,1.0,0.0,0.0,1.0,0.0,1.0,1.0,0.0532258064516129,0,1,0,1,0.00032551756369574345,0.19247822513382207,0.8185210941121928,0.2736744492981137,3.7726205419764307,0.8,0.020492493876472187,1.0,0.6634127222590561,0.0,0.0,0.0,1.0,0.9876052140293898,3.920463137382742,0.6711606855260409,0.8,1.0,0.3334418391878986,0
30.0,86.0,0.2093023255813953,0.6627906976744186,0.5573643410852711,1.0,0.2093023255813953,0.5232558139534884,2.6941031717737465,0.1048951048951049,0.0,0.0,0.0,0.0,0.0,0.0,0.0,0.0,0.0,0.0,0.0,0.0,0.0,0.0,0.0,0.0,0.0,0.0,0.0,0.0,0.0,0.0,0.0,0.0,0.0,0.0,0.0,0.0,0.0,0.0,0.0,286.0,40.0,0.1398601398601398,129.0,129.0,0.451048951048951,0.0384615384615384,0.0623418976654102,0.0281192475483843,4.5396825396825395,2.047619047619047,0.0,0.0,0.0,0.0,0.0,0.0,0.0,0.0,0.0,4587.604976797129,155.53018513046297,2209.463437445278,2053.933252314815,63.0,11.0,1.0,0.0,1.0,0.0,0.0,0.0,0.0,0.0,1.0,1.0,0.1746031746031746,0,0,0,1,0.00048663381103670046,0.003420468990101577,0.3833333333333332,2.130221112565288,2.3802585488678076,0.0,0.0,1.0,0.3333333333333333,0.0,0.0,0.0,1.0,0.6712268476696065,1.943640703989725,0.5773001275636982,0.4,0.0,0.0001622112703455668,0
30.0,1739.0,0.433007475560667,0.9148936170212766,0.854724937703661,5.5,0.433007475560667,0.8907418056354227,1.4165852870975737,0.0028457598178713,21.0,1.0,20.0,0.0,52.01356977615741,30.0,0.5,0.5,1.0,0.0,1.0,2.0,9.0,0.0051778759247544,12.0,2.0,0.9166666666666666,0.2868359830561607,0.0,0.0,1.0,0.4351119569756194,0.0,0.0833333333333333,0.0,0.0,0.9166666666666666,0.0,0.0833333333333333,0.0,0.9166666666666666,10542.0,507.0,0.0480933409220261,1492.0,1492.0,0.1415291216088028,0.0328210965661164,1.819505599958725,0.2575130293244562,1.3063197026022304,0.1848822800495663,0.9053012107890568,0.988622959709642,0.9955213054555014,0.355676674431584,0.0946987892109432,0.0,0.0113770402903581,0.0,0.0,5793.88159072956,1.9866717480787035,52.001162488819446,50.01449074074074,8070.0,346.0,1.0,1.0,1.0,1.0,1.0,0.0,0.0,0.0,1.0,1.0,0.0428748451053283,0,1,1,0,0.01960227350072102,0.17684418480586955,0.643866206632164,0.8031932680150706,6.427744724807507,0.5,0.017780759672018302,0.018863094943848604,0.22797579777679325,0.0833333333333333,0.5736719661123214,0.05555555555555553,0.08333333333333337,1.0690503455772489,37.35203273219361,0.8434650571420932,0.8,0.0,0.3398674245002404,0
30.0,5627.0,0.6897103252177004,0.9445530478052248,0.9014335643623006,7.5,0.6897103252177004,0.9235827261418162,1.0692660412086226,0.0004346503238144,0.0,0.0,0.0,0.0,0.0,30.0,0.6333333333333333,0.3666666666666666,1.0,0.0,1.0,2.0,8.0,0.0048642608742551,28.0,5.0,0.6785714285714286,1.0184418346521231,1.0,1.0,1.0,20.05039119480175,0.0357142857142857,0.0357142857142857,0.1071428571428571,0.0,0.1428571428571428,0.6785714285714286,0.0714285714285714,0.1071428571428571,0.8214285714285714,69021.0,1673.0,0.0242389997247214,23334.0,23334.0,0.3380710218629112,0.0030715289549557,11.191204993398935,3.783422107995693,7.029330889092575,2.3764130766880536,1.0,1.0,1.0,-0.0,0.0,0.0,0.0,1.0,0.0,6167.432375650058,0.3895168537615741,2.5678386130208333,2.1783217592592594,9819.0,212.0,1.0,0.0,1.0,1.0,0.0,1.0,0.0,0.0,1.0,1.0,0.0215907933598126,1,1,1,0,0.3146314551340643,0.49997817303345166,0.7955719447900005,0.33178221218238046,7.348959822197811,0.6333333333333333,0.016703809601469746,1.0,0.5961333235682431,0.1785714285714285,5.092209173260615,0.119047619047619,0.1785714285714286,1.2766951143151868,19.02679628871056,1.1524340947034204,0.8,0.0,0.7715438183780213,1
30.0,1862.0,0.3571428571428571,0.7416756176154672,0.7179735051915501,13.0,0.3571428571428571,0.6208378088077336,2.2991100999915277,0.0001724792162544,0.0,0.0,0.0,0.0,0.0,0.0,0.0,0.0,0.0,0.0,0.0,0.0,0.0,0.0,30.0,5.0,0.2666666666666666,1.5641315026219946,0.0,1.0,1.0,0.2690519561956012,0.0,0.1333333333333333,0.2666666666666666,0.1333333333333333,0.2666666666666666,0.0,0.1333333333333333,0.4,0.2666666666666666,173934.0,3355.0,0.019288925684455,82535.0,82535.0,0.4745190704520105,0.0003794542757597,30.6905564717096,14.563254328610576,55.252223634053365,26.218233799237613,0.0,0.0,0.0,0.0,0.0,0.0,0.0,0.0,0.0,5667.345919828137,0.0006420503587962,0.2223781614699073,0.2217361111111111,3148.0,66.0,0.0,0.0,1.0,0.0,0.0,1.0,0.0,0.0,1.0,1.0,0.0209656925031766,1,1,1,0,0.818507360882169,0.9087179020104887,0.5375581811672037,1.4779993499945536,9.062489101801537,0.0,0.0,1.0,0.3333333333333333,0.3999999999999999,7.820657513109973,0.31111111111111106,0.7333333333333334,1.3961212122203002,5.469717390008875,1.309870853495761,0.4,0.0,0.9395024536273896,0
30.0,866.0,0.4595842956120092,0.792147806004619,0.7511162432640492,6.0,0.4595842956120092,0.7113163972286374,2.0806674547008424,0.0010577160385008,30.0,1.0,30.0,0.0,2948.1563696067246,30.0,0.7666666666666667,0.2333333333333333,1.0,0.0,1.0,3.0,13.0,0.0075814849855535,12.0,2.0,0.9166666666666666,0.2868359830561607,0.0,0.0,0.0,0.4606542285285723,0.0,0.0,0.0,0.0,0.9166666666666666,0.0833333333333333,0.0,0.0,1.0,28363.0,744.0,0.0262313577548214,9482.0,9482.0,0.3343087825688396,0.004971265380954,7.167788621508521,2.396254687767295,1.7105723418370424,0.5718593570954708,0.9131477858540278,1.0,1.0,0.2951938570350657,0.0868522141459722,0.0,0.0,0.0,0.0,3957.008429935429,2.194402157650463,597.629784102095,595.4353819444444,16581.0,141.0,1.0,1.0,1.0,0.0,1.0,0.0,0.0,0.0,1.0,1.0,0.008503709064592,0,1,0,1,0.001676627561463391,0.15735905189779342,0.6053502694380293,1.1244253681293237,6.68223055293373,0.7666666666666667,0.026034722431386974,0.0003390800197323385,0.3362313791526346,0.0,0.5736719661123214,0.0,0.0,1.2377096610953007,13.752238863308893,1.1054482864585358,0.6,0.0,0.3338922091871545,0
30.0,2975.0,0.3899159663865546,0.8084033613445378,0.7483137254901959,20.0,0.3899159663865546,0.7310924369747899,2.102331363448035,0.0013945056477478,0.0,0.0,0.0,0.0,0.0,30.0,0.9333333333333332,0.0333333333333333,0.0,0.0,0.9333333333333332,2.0,15.0,0.0133820901962542,30.0,7.0,0.3666666666666666,1.7279799256942912,1.0,1.0,1.0,8.519225775916754,0.1,0.1333333333333333,0.1333333333333333,0.0666666666666666,0.3666666666666666,0.1666666666666666,0.2333333333333333,0.2,0.5333333333333333,21513.0,278.0,0.0129224190024636,3199.0,3199.0,0.1487007855715149,0.0515967089666713,9.596296879733954,1.426976884593916,0.2379677665564195,0.0353859938276384,0.99985553447429,1.0,1.0,0.0014218871173881,0.00014446552571,0.00014446552571,0.0,1.0,0.0,2241.802256523298,0.0462495788541666,0.7283676344097222,0.6821180555555556,90403.0,1110.0,1.0,1.0,1.0,1.0,0.0,1.0,0.0,0.0,1.0,1.0,0.0122783535944603,1,1,1,0,0.5944885953142739,0.7671877493943773,0.5691148459383752,1.2825987982044316,10.45485109491016,0.0,0.04595392650320304,1.0,0.47553484358516185,0.3666666666666666,12.095859479860039,0.26666666666666666,0.4666666666666667,1.2929695915570105,111.26191983863382,1.046006000378732,1.0,0.0,0.8648295317714246,1
30.0,2486.0,0.3149637972646822,0.834271922767498,0.7679806918744971,15.0,0.3149637972646822,0.7932421560740145,2.0086094904547123,0.0012458471760797,0.0,0.0,0.0,0.0,0.0,30.0,1.0,0.0,1.0,0.0,1.0,1.0,17.0,0.0063676238533391,8.0,1.0,1.0,-0.0,0.0,0.0,0.0,0.3823146296741863,0.0,0.0,0.0,0.0,1.0,0.0,0.0,0.0,1.0,24080.0,254.0,0.010548172757475,1431.0,1431.0,0.0594269102990033,0.006063122923588,5.111079412946917,0.3037356578042789,2.8286150593210384,0.1680958534006813,0.9981793211281388,0.9993572531360144,0.9999540895097152,0.0146524135764133,0.0018206788718611,0.0017747683815765,0.0,1.0,0.0,4711.333566547928,2.1940295108912036,113.88641377015044,111.69238425925926,8513.0,146.0,1.0,1.0,1.0,1.0,0.0,1.0,0.0,0.0,1.0,1.0,0.0171502408081757,0,1,0,0,0.008873714107418364,0.16089419743949876,0.5414722445695896,1.3759702181192177,9.52103419547123,1.0,0.021866338835340872,1.0,0.7343306649943601,0.0,-0.0,0.0,0.0,1.1928350279319226,14.470950339991225,0.8591508481038665,1.0,0.0,0.33629123803580613,0
30.0,3120.0,0.3237179487179487,0.9083333333333332,0.838653846153846,5.5,0.3237179487179487,0.7987179487179488,1.787328152788478,0.155440414507772,0.0,0.0,0.0,0.0,0.0,0.0,0.0,0.0,0.0,0.0,0.0,0.0,0.0,0.0,0.0,0.0,0.0,0.0,0.0,0.0,0.0,0.0,0.0,0.0,0.0,0.0,0.0,0.0,0.0,0.0,0.0,193.0,3.0,0.0155440414507772,181.0,181.0,0.9378238341968912,1.8290155440414508,0.0566084389247107,0.0530887432402727,0.0046935797665369,0.0044017509727626,0.74973258171627,0.9022844526223804,0.9546857451962776,0.8125918537144597,0.25026741828373,0.0024889266580016,0.1941886916595492,0.0,0.0,3409.385661565174,317.88309212072915,1473.4102680466551,1155.527175925926,41120.0,353.0,1.0,1.0,1.0,0.0,0.0,0.0,1.0,0.0,1.0,1.0,0.0085846303501945,0,0,0,1,0.0008646575893898827,0.0019070913901842574,0.5811858974358973,1.2087379494819515,6.427744724807507,0.0,0.0,1.0,0.3333333333333333,0.0,0.0,0.0,1.0,0.6475648255407993,67.01015655208082,0.639715721394678,0.6,1.0,0.00028821919646329424,0
30.0,1463.0,0.7812713602187287,0.948051948051948,0.902870813397129,3.0,0.7812713602187287,0.9289131920710868,0.9752839767157164,0.0024519820187985,0.0,0.0,0.0,0.0,0.0,27.0,0.8888888888888888,0.037037037037037,1.0,0.0,0.925925925925926,2.0,8.0,0.0050462061559323,7.0,4.0,0.5714285714285714,1.15374194270109,0.0,1.0,0.0,0.3583743032351458,0.0,0.0,0.1428571428571428,0.1428571428571428,0.5714285714285714,0.1428571428571428,0.0,0.2857142857142857,0.7142857142857143,12235.0,464.0,0.0379239885574172,1495.0,1495.0,0.1221904372701266,0.0129955046996322,2.286678974734532,0.2794103038192174,4.394755747126437,0.5369971264367817,1.0,1.0,1.0,-0.0,0.0,0.0,0.0,1.0,0.0,5350.554290701204,0.5358532012037037,19.582878664166667,19.047025462962964,2784.0,159.0,1.0,0.0,1.0,1.0,0.0,0.0,0.0,0.0,1.0,1.0,0.0571120689655172,1,1,1,0,0.04988271211843911,0.34984398159439717,0.8420710868079289,0.21332253762749775,4.760517097735615,0.823045267489712,0.01681499091207149,1.0,0.6597146784660289,0.1428571428571428,4.61496777080436,0.14285714285714282,0.2857142857142857,1.0963048155825874,16.89308050540601,0.8515165836206546,0.6,0.0,0.683294237372813,0
30.0,444.0,0.4121621621621621,0.8761261261261262,0.8022522522522522,2.0,0.4121621621621621,0.759009009009009,1.925793007363105,0.00262260687123,0.0,0.0,0.0,0.0,0.0,30.0,1.0,0.0,1.0,0.0,1.0,3.0,9.0,0.0056795362446477,20.0,3.0,0.6,0.8979457248567797,0.0,1.0,0.0,0.7145243616419505,0.0,0.0,0.1,0.0,0.6,0.3,0.0,0.1,0.9,11439.0,133.0,0.011626890462453,972.0,972.0,0.084972462627852,0.007518139697526,2.1656071700842054,0.1840169743265886,27.106635071090047,2.3033175355450237,1.0,1.0,1.0,-0.0,0.0,0.0,0.0,1.0,0.0,5282.121410465752,2.2256002805671296,44.71891046575232,42.49331018518519,422.0,86.0,1.0,0.0,1.0,0.0,0.0,0.0,0.0,0.0,1.0,1.0,0.2037914691943128,0,1,1,0,0.02299204166668884,0.16594630075595634,0.6072072072072071,1.1320539975715551,3.7726205419764307,1.0,0.01950345479152982,1.0,0.7270188702219057,0.1,2.693837174570339,0.06666666666666667,0.09999999999999998,1.0901035962339651,9.20290901315123,0.8026147411582386,0.4,0.0,0.34099734722222963,0
30.0,3002.0,0.4506995336442371,0.8061292471685543,0.783411059293804,16.0,0.4506995336442371,0.6955363091272485,2.033831792882494,0.0010686805357651,12.0,1.0,7.0,0.0,830.2741081695833,30.0,1.0,0.0,1.0,0.0,1.0,2.0,10.0,0.0052572834615722,30.0,4.0,0.3333333333333333,1.2691244588917456,0.0,0.0,1.0,1.317913608525762,0.0,0.0666666666666666,0.0,0.0,0.3333333333333333,0.0,0.0666666666666666,0.0,0.3333333333333333,28072.0,1238.0,0.0441008834425762,5305.0,5305.0,0.1889783414078085,0.0023510971786833,4.919415377775241,0.9296629587880328,1.0315657957593798,0.1949435931356337,0.5633885728887669,0.9983229384541126,1.0,0.6960909452508938,0.4366114271112331,0.0,0.4349343655653457,0.0,0.0,5706.369119853079,0.5348374456712963,23.472881427152775,22.93804398148148,27213.0,66.0,1.0,1.0,1.0,1.0,1.0,0.0,0.0,0.0,1.0,1.0,0.0024253114320361,1,1,1,0,0.0417745075902443,0.3461981750246071,0.6170552964690206,1.1171847523195313,9.729218371065619,1.0,0.018053444137390313,0.0012029726298127355,0.3895995617844675,0.0666666666666666,5.0764978355669825,0.0444444444444444,0.6666666666666667,1.1841540154020576,6.443699347359134,0.9915493942119767,0.8,0.0,0.6805915025300814,1
30.0,1598.0,0.4098873591989987,0.7903629536921152,0.7409261576971213,10.5,0.4098873591989987,0.6889862327909887,2.161325205350869,0.000290171878476,30.0,1.0,28.0,0.0,455.3373686430787,30.0,1.0,0.0,1.0,0.0,1.0,4.0,9.0,0.0083575507588987,30.0,5.0,0.5,1.2616054764764455,1.0,1.0,1.0,6.900756367625016,0.0333333333333333,0.0666666666666666,0.2666666666666666,0.0,0.5,0.1333333333333333,0.1,0.2666666666666666,0.6333333333333333,103387.0,1879.0,0.0181744319885478,27057.0,27057.0,0.26170601719752,0.0230783367347925,28.80207001034232,7.537675029450822,4.104939251965377,1.074287302469626,0.9834992149238622,0.9955748788532408,0.997055400259865,0.1003343543339322,0.0165007850761378,0.0120756639293786,0.002685057115498,1.0,0.0,3589.5683872777895,0.1963039444560185,455.12602616667823,454.9297222222222,25186.0,2386.0,1.0,0.0,1.0,0.0,1.0,1.0,0.0,0.0,1.0,1.0,0.0947351703327245,0,1,0,1,0.0021933204861616707,0.41905017255499155,0.57540675844806,1.2754253245593679,8.38698846837008,1.0,0.028699722366893256,0.0021913611917724484,0.4228732572208637,0.3666666666666665,6.308027382382227,0.24444444444444435,0.3666666666666667,1.4104273909771208,206.64728396205268,1.2466783293724186,0.6,0.0,0.3340644401620539,1
30.0,1689.0,0.2966252220248668,0.7761989342806395,0.7241563055062166,11.0,0.2966252220248668,0.5820011841326228,2.3298711709545685,0.001787310098302,30.0,1.0,1.0,0.0,46.576472014988425,30.0,1.0,0.0,1.0,0.0,1.0,4.0,12.0,0.0055804933709294,21.0,2.0,0.6666666666666666,0.6365141682948128,0.0,0.0,0.0,0.8061452580984408,0.0,0.0,0.0,0.0,0.6666666666666666,0.3333333333333333,0.0,0.0,1.0,16785.0,574.0,0.0341971998808459,3721.0,3721.0,0.2216860291927316,0.0003574620196604,3.122286041035032,0.6921671944409505,3.659254414650098,0.8112055809897537,0.9914020544523542,1.0,1.0,0.0494547005196651,0.0085979455476458,0.0085979455476458,0.0,1.0,0.0,5375.868763816586,0.130777705474537,46.57672677954861,46.44594907407407,4587.0,6.0,1.0,0.0,1.0,0.0,1.0,1.0,0.0,0.0,1.0,1.0,0.001308044473512,0,1,1,0,0.02107661495902989,0.45268289686380697,0.5103907637655417,1.638772617580833,8.533137639712045,1.0,0.01916334283048574,0.021018792643661376,0.39963934621634273,0.0,1.2730283365896256,0.0,0.0,1.1325083544946566,0.6167572649359386,0.9571561158727717,0.6,0.0,0.34035887165300993,1
30.0,988.0,0.3623481781376518,0.8633603238866396,0.8006072874493926,4.0,0.3623481781376518,0.7732793522267206,1.8804515513036923,0.0012373685295937,1.0,1.0,1.0,0.0,2756.103954964236,30.0,1.0,0.0,1.0,0.0,1.0,5.0,22.0,0.0074705296741049,30.0,6.0,0.5666666666666667,1.2525186780353696,0.0,0.0,1.0,2.125375856156661,0.0,0.1333333333333333,0.0,0.0333333333333333,0.5666666666666667,0.2,0.1333333333333333,0.0333333333333333,0.7666666666666667,24245.0,270.0,0.0111363167663435,4004.0,4004.0,0.1651474530831099,0.0078779129717467,6.037433064955803,0.9970666938372048,1.3851911100954122,0.228760783865623,0.8188959809216525,0.968343036169367,0.993570409857146,0.5729663486830331,0.1811040190783474,0.0,0.0252273736877791,0.0,0.0,4015.7795106721064,0.0069875239583333,16.251397246180556,16.244409722222223,17503.0,191.0,1.0,1.0,1.0,0.0,0.0,0.0,0.0,0.0,1.0,1.0,0.0109124150145689,1,1,1,0,0.05798980748592036,0.5255136409822817,0.5814777327935222,1.1990733576126782,5.526789197711985,1.0,0.025653703311602816,0.00036269941806128656,0.41283799056883014,0.1333333333333333,7.515112068212218,0.09999999999999998,0.23333333333333328,1.2166084939167665,18.918370522514007,0.9996160975043906,0.6,0.0,0.6859966024953068,0
30.0,5654.0,0.9488857446055888,0.9635656172621152,0.9260464567857564,8.0,0.9488857446055888,0.9582596391934912,0.3684650542771813,0.0005556481635828,30.0,1.0,30.0,0.0,2790.839348745023,0.0,0.0,0.0,0.0,0.0,0.0,0.0,0.0,0.0,30.0,6.0,0.2333333333333333,1.7453266015318774,1.0,1.0,1.0,139.62508080155138,0.1333333333333333,0.1666666666666666,0.2333333333333333,0.1,0.1333333333333333,0.2333333333333333,0.3,0.3333333333333333,0.3666666666666666,53991.0,513.0,0.0095015835972662,102660.0,102660.0,1.901428015780408,0.0032783241651386,15.31840503530146,29.126844491193864,1.4225378089265954,2.704853243399905,0.0,0.0,0.0,0.0,0.0,0.0,0.0,0.0,0.0,3524.583654375729,0.0055062275810185,0.0578441905439814,0.0523379629629629,37954.0,177.0,1.0,1.0,1.0,1.0,0.0,0.0,0.0,0.0,1.0,1.0,0.0046635400748274,1,1,1,0,0.9502650623611447,0.9699213620929213,0.9374661006956726,0.01883381688823942,7.545241083952861,0.0,0.0,0.0003581867991256432,0.00011939559970854773,0.5333333333333332,10.471959609191265,0.38888888888888884,0.6333333333333334,1.3340448010963264,16.243612087527357,1.4127164138590482,0.8,0.0,0.9834216874537148,0
30.0,1109.0,0.4084761045987376,0.6880072137060415,0.6641719266606552,11.5,0.4084761045987376,0.6050495942290351,2.38458029511283,0.0032887524665643,0.0,0.0,0.0,0.0,0.0,0.0,0.0,0.0,0.0,0.0,0.0,0.0,0.0,0.0,16.0,2.0,0.8125,0.482577565177012,0.0,0.0,0.0,0.6272101398972616,0.0,0.0,0.0,0.0,0.8125,0.1875,0.0,0.0,1.0,9122.0,608.0,0.0666520499890375,2349.0,2349.0,0.2575093181319886,0.032558649418987,1.9861897567916151,0.5114623699521491,3.463173880030372,0.8917995444191344,0.6560194110495858,0.9484603455079692,1.0,0.7889445988021956,0.3439805889504142,0.0,0.0,0.0,0.6560194110495858,4592.713243326273,0.352132215162037,410.378220178125,410.02608796296295,2634.0,297.0,1.0,1.0,1.0,1.0,0.0,0.0,0.0,0.0,1.0,1.0,0.112756264236902,0,1,0,1,0.0024329355952951307,0.3710017494831215,0.5363240156296964,1.4105362250622329,8.673319846556165,0.0,0.0,1.0,0.3333333333333333,0.0,0.965155130354024,0.0,0.0,1.081337587124269,32.570953765024534,0.9204888030430565,0.8,0.0,0.3341443118650984,0
24.0,286.0,0.4125874125874126,0.8041958041958042,0.7322261072261071,2.5,0.4125874125874126,0.6783216783216783,2.07235631536799,0.0181680545041635,0.0,0.0,0.0,0.0,0.0,30.0,1.0,0.0,1.0,0.0,1.0,1.0,4.0,0.0055804204116315,0.0,0.0,0.0,0.0,0.0,0.0,0.0,0.0,0.0,0.0,0.0,0.0,0.0,0.0,0.0,0.0,0.0,1321.0,39.0,0.0295230885692657,84.0,84.0,0.0635881907645723,0.0128690386071158,0.245724512125508,0.0156251771525682,1.475977653631285,0.0938547486033519,0.9917384738385004,0.9986082733706434,1.0,0.0515968472341255,0.0082615261614995,0.0,0.0082615261614995,1.0,0.0,5375.939048762152,35.959372836226855,3440.501791817708,3404.5424189814817,895.0,17.0,1.0,1.0,1.0,0.0,0.0,0.0,0.0,0.0,1.0,1.0,0.0189944134078212,0,1,0,1,0.00029363897933741686,0.013673653497522515,0.5724067599067599,1.217328185251127,4.032488433579863,1.0,0.019163092289190303,1.0,0.7259656400509779,0.0,0.0,0.0,1.0,0.8366531315617302,2.365414515846624,0.5171850948861947,0.6,0.0,0.33343121299311246,0
30.0,7299.0,0.613645704891081,0.7320180846691328,0.6892770699182535,72.5,0.613645704891081,0.6792711330319222,1.9125014740152957,0.0023324521847302,0.0,0.0,0.0,0.0,0.0,0.0,0.0,0.0,0.0,0.0,0.0,0.0,0.0,0.0,30.0,5.0,0.5,1.1872242927050425,1.0,1.0,1.0,3.602762117623511,0.0333333333333333,0.3333333333333333,0.5,0.0666666666666666,0.0666666666666666,0.0,0.3666666666666666,0.5666666666666667,0.0666666666666666,12862.0,677.0,0.0526356709687451,5363.0,5363.0,0.4169647022236044,0.0076970922096097,3.5093726191704353,1.4632845091440712,0.1293027183529033,0.0539146694547209,0.4294408248013174,0.6715114197751844,0.8747837948849355,1.3803291199611416,0.5705591751986824,0.0375245409291827,0.0876916641858817,0.0,0.2420705949738669,3665.0425575804743,0.0865737841782407,0.0867358212152777,0.000162037037037,99472.0,99.0,1.0,1.0,1.0,0.0,0.0,0.0,0.0,0.0,1.0,1.0,0.0009952549461154,1,1,1,0,0.9998379892147107,0.9202554510200922,0.6514613874046673,0.7389031588879482,14.756823098976081,0.0,0.0,1.0,0.3333333333333333,0.8666666666666666,5.936121463525213,0.6,0.9333333333333333,1.1529118986918863,10.462782334182595,1.0463406783596239,0.6,0.0,0.9999459964049034,0
1.0,10.0,1.0,1.0,0.0,10.0,1.0,1.0,-0.0,0.0010060362173038,0.0,0.0,0.0,0.0,0.0,0.0,0.0,0.0,0.0,0.0,0.0,0.0,0.0,0.0,20.0,1.0,1.0,-0.0,0.0,0.0,0.0,0.7060406929495218,0.0,0.0,0.0,0.0,1.0,0.0,0.0,0.0,1.0,994.0,33.0,0.0331991951710261,218.0,218.0,0.2193158953722334,0.0130784708249496,0.2976624568901205,0.0652821082515556,52.31578947368421,11.473684210526317,0.9323501122154536,1.0,1.0,0.2475170705778044,0.0676498877845463,0.0676498877845463,0.0,0.0,0.9323501122154536,3339.3529380945715,0.8373362427199074,634.306421890868,633.4690856481482,19.0,13.0,1.0,1.0,1.0,1.0,0.0,0.0,0.0,0.0,1.0,1.0,0.6842105263157895,0,1,0,1,0.0015761209216024136,0.27292011772646974,0.5,-0.0,1.6620943476182115,0.0,0.0,1.0,0.3333333333333333,0.0,-0.0,0.0,0.0,0.8507063385042375,1.883309358776413,0.6641588211783825,0.8,0.0,0.33385870697386744,0
30.0,3290.0,0.4978723404255319,0.7300911854103344,0.6956838905775076,29.0,0.4978723404255319,0.6501519756838906,2.165631361104191,0.0001848349116181,30.0,1.0,30.0,0.0,0.0116520498263888,0.0,0.0,0.0,0.0,0.0,0.0,0.0,0.0,0.0,30.0,3.0,0.7666666666666667,0.6389665889375297,0.0,0.0,0.0,87.78703515545621,0.0,0.0,0.0,0.0333333333333333,0.7666666666666667,0.2,0.0,0.0333333333333333,0.9666666666666668,162307.0,1632.0,0.0100550191920249,21132.0,21132.0,0.1301977117437941,0.0002772523674271,129.05956303129707,16.80325978532885,0.4635065053745016,0.0603474863781227,0.4841047434012999,0.8466013941945604,0.9965461149479188,1.0267741995829038,0.5158952565987001,0.0007893865325738,0.4847507866590902,0.0,0.0,1257.613122020127,0.0005872979050925,0.0137933164236111,0.0132060185185185,350172.0,45.0,1.0,1.0,1.0,1.0,1.0,0.0,0.0,0.0,1.0,1.0,0.0001285082759329,1,1,1,0,0.9869661073097177,0.9929036987074735,0.5967781155015197,1.0874234068523172,11.679668288556224,0.0,0.0,0.9884821566581233,0.32949405221937444,0.0,1.916899766812589,0.0111111111111111,0.033333333333333215,1.6806262327961123,3.750859245359491,1.3950420265159804,0.8,0.0,0.9956553691032393,0
30.0,12675.0,0.1453254437869822,0.515818540433925,0.5061222879684417,200.5,0.1453254437869822,0.3652859960552268,2.9521168335704626,0.0009076606559361,0.0,0.0,0.0,0.0,0.0,30.0,0.0333333333333333,0.0666666666666666,0.0,0.0,0.0333333333333333,1.0,1.0,0.0056889992238896,15.0,2.0,0.8666666666666667,0.3926744672275521,0.0,0.0,0.0,0.5403895307867754,0.0,0.0,0.0,0.0,0.8666666666666667,0.1333333333333333,0.0,0.0,1.0,33052.0,24.0,0.0007261285247488,7492.0,7492.0,0.2266731211424422,0.0840493767396829,6.267760078266643,1.420732739512698,0.3554972357863489,0.0805816679932024,0.8395489296669975,0.9703542856665216,0.9841764691317888,0.5529247672936538,0.1604510703330026,0.0009325689986759,0.1426980012045445,0.0,0.0,5273.335224498831,1.632469869201389,1433.8736041284606,1432.2411342592593,92974.0,2778.0,1.0,1.0,1.0,1.0,0.0,0.0,1.0,0.0,1.0,1.0,0.0298793211005227,0,1,0,1,0.0006977192993535097,0.1902841599619954,0.32572386587771196,2.5230991446208146,18.22001284537522,0.0,0.019535950541162812,1.0,0.3937860929242846,0.0,0.7853489344551042,0.0,0.0,1.2141072759497966,266.9647647965096,1.0409445006868765,0.8,1.0,0.33356590643311784,0
12.0,365.0,0.9671232876712328,0.9808219178082191,0.8860730593607307,1.0,0.9671232876712328,0.9753424657534246,0.2225014126000979,0.0084925690021231,0.0,0.0,0.0,0.0,0.0,30.0,1.0,0.0,1.0,0.0,1.0,1.0,4.0,0.005717168659221,0.0,0.0,0.0,0.0,0.0,0.0,0.0,0.0,0.0,0.0,0.0,0.0,0.0,0.0,0.0,0.0,0.0,1413.0,49.0,0.0346779900920028,99.0,99.0,0.0700636942675159,0.0212314225053078,0.2692786438493136,0.0188666565754296,0.6490583371612311,0.0454754248966467,0.9756025938326844,0.9998032223103516,1.0,0.1158361833018094,0.0243974061673155,0.0001967776896482,0.0242006284776672,1.0,0.0,5247.352629862813,87.02953958503471,1267.4100835665165,1180.3805439814814,2177.0,30.0,1.0,1.0,1.0,1.0,1.0,0.0,0.0,0.0,1.0,1.0,0.0137804317868626,0,1,0,1,0.0008464673005616007,0.006074105845847231,0.9265981735159817,0.0073151149347977585,1.7778874154035074,1.0,0.019632684021648413,1.0,0.7274187618762187,0.0,0.0,0.0,1.0,0.8468709286752905,4.135547905062555,0.5376191257870165,0.8,0.0,0.33361548910018723,0
30.0,1265.0,0.1818181818181818,0.5881422924901186,0.5879051383399208,12.0,0.1818181818181818,0.4395256916996047,2.7651539987696,0.0001736523133382,30.0,1.0,10.0,0.0,0.7356634124421296,0.0,0.0,0.0,0.0,0.0,0.0,0.0,0.0,0.0,30.0,3.0,0.9333333333333332,0.291139838831965,0.0,0.0,1.0,93.5166143522026,0.0,0.0333333333333333,0.0,0.0,0.9333333333333332,0.0333333333333333,0.0333333333333333,0.0,0.9666666666666668,172759.0,2799.0,0.0162017608344572,13211.0,13211.0,0.0764706903837137,0.0010708559322524,39.88322070105415,3.049897421735634,15.262744058662426,1.1671525753158407,1.0,1.0,1.0,-0.0,0.0,0.0,0.0,1.0,1.0,4331.62109174728,0.0028047102430555,1.3187074880208334,1.315902777777778,11319.0,185.0,1.0,0.0,1.0,0.0,1.0,1.0,0.0,0.0,1.0,1.0,0.0163442000176694,1,1,1,0,0.43179705538396945,0.7142389437554209,0.38486166007905126,2.2623987262660368,8.808003273675315,0.0,0.0,0.5761485739870328,0.19204952466234426,0.0333333333333333,0.8734195164958949,0.0222222222222222,0.033333333333333215,1.44010389403211,15.340401059887698,1.133114509558491,0.6,0.0,0.8105990184613231,1
30.0,1074.0,0.8770949720670391,0.931098696461825,0.8956548727498448,2.5,0.8770949720670391,0.9162011173184358,0.7361923627845635,0.0082599118942731,12.0,1.0,11.0,1.0,508.6124071194329,30.0,1.0,0.0,1.0,0.0,1.0,1.0,10.0,0.0096514230323398,17.0,4.0,0.7647058823529411,0.7902347553432827,0.0,1.0,1.0,0.7275396647314152,0.0,0.0588235294117647,0.1176470588235294,0.0,0.7647058823529411,0.0588235294117647,0.0588235294117647,0.1176470588235294,0.8235294117647058,3632.0,39.0,0.010737885462555,196.0,196.0,0.0539647577092511,0.0184471365638766,1.1684656151152777,0.063055963811287,1.2712635631781588,0.0686034301715085,1.0,1.0,1.0,-0.0,0.0,0.0,0.0,1.0,0.0,3108.3499188147453,0.6331711295601852,256.40607622215276,255.7729050925926,2857.0,67.0,1.0,0.0,1.0,0.0,0.0,1.0,0.0,0.0,1.0,1.0,0.0234511725586279,0,1,0,0,0.0038944919038065903,0.3080953086280937,0.886374922408442,0.09048174291206924,4.301972004065922,1.0,0.033142863198128106,0.0019622756158007744,0.436545912792069,0.1764705882352941,3.1609390213731308,0.1176470588235294,0.17647058823529416,1.019312863228008,8.172910452528697,0.6569114032826717,0.6,0.0,0.3346314973012689,0
30.0,1485.0,0.5589225589225589,0.9649831649831648,0.8970370370370369,1.5,0.5589225589225589,0.9528619528619529,1.24544459976278,0.0102424035506998,30.0,1.0,14.0,0.0,344.5696852791088,21.0,1.0,0.0,1.0,0.0,1.0,1.0,12.0,0.0057557914597853,8.0,1.0,1.0,-0.0,0.0,0.0,0.0,0.3712438548990815,0.0,0.0,0.0,0.0,1.0,0.0,0.0,0.0,1.0,2929.0,76.0,0.0259474223284397,373.0,373.0,0.1273472174803687,0.0259474223284397,0.8027958659862563,0.1022338197380927,0.3694034556690629,0.0470425022070879,0.7115597345132744,0.9092477876106196,0.9957448377581122,0.7994217056819085,0.2884402654867256,0.0035748525073746,0.0006803097345132,0.0,0.0,3648.499106709456,5.948504857604167,344.5700094872338,338.6215046296296,7929.0,76.0,1.0,1.0,1.0,0.0,1.0,0.0,0.0,0.0,1.0,1.0,0.0095850674738302,0,1,0,0,0.0029444543009446316,0.07340481105404856,0.727979797979798,0.5493375170670848,3.1465306488441787,1.0,0.017791395754873596,0.00289377234925084,0.38935226959557107,0.0,-0.0,0.0,0.0,0.9731961862438007,9.520519452987111,0.722239527190465,0.6,0.0,0.3343148181003149,0
30.0,193.0,0.233160621761658,0.7772020725388601,0.697236614853195,1.0,0.233160621761658,0.5854922279792746,2.3971145449906825,0.0379746835443038,0.0,0.0,0.0,0.0,0.0,23.0,1.0,0.0,1.0,0.0,1.0,6.0,16.0,0.0046014880923719,0.0,0.0,0.0,0.0,0.0,0.0,0.0,0.0,0.0,0.0,0.0,0.0,0.0,0.0,0.0,0.0,0.0,790.0,21.0,0.0265822784810126,131.0,131.0,0.1658227848101265,0.0354430379746835,0.1580511127379921,0.0262084756565531,0.7335190343546889,0.1216341689879294,0.9754098360655736,1.0,1.0,0.1154019255014834,0.0245901639344262,0.0,0.0245901639344262,1.0,0.0,4998.3830312636,17.666966448784724,51.31086691174768,33.64390046296296,1077.0,28.0,1.0,1.0,1.0,1.0,0.0,0.0,0.0,0.0,1.0,1.0,0.0259981429897864,0,1,1,0,0.02886511006660691,0.03634352755102141,0.4651986183074265,1.838201827246741,2.3802585488678076,1.0,0.01462377685726298,1.0,0.7119190164205792,0.0,0.0,0.0,1.0,0.7835020057592765,4.195826431105805,0.5732825236562061,0.8,0.0,0.34295503668886895,0
30.0,474.0,0.7447257383966245,0.8607594936708861,0.8139240506329113,3.0,0.7447257383966245,0.8333333333333334,1.3111468931298536,0.0004565654106044,0.0,0.0,0.0,0.0,0.0,0.0,0.0,0.0,0.0,0.0,0.0,0.0,0.0,0.0,30.0,2.0,0.8666666666666667,0.3926744672275521,0.0,0.0,0.0,16.972792456536688,0.0,0.0,0.0,0.0,0.8666666666666667,0.1333333333333333,0.0,0.0,1.0,65708.0,1639.0,0.0249436902660254,6227.0,6227.0,0.0947677603944725,0.0003956900225238,15.186892119468816,1.4392277535145237,42.17458279845956,3.996790757381258,0.0,0.0,0.0,0.0,0.0,0.0,0.0,0.0,0.0,4326.6258482353705,0.0041236983333333,12.842098235370369,12.837974537037036,1558.0,26.0,1.0,0.0,1.0,0.0,0.0,1.0,0.0,0.0,1.0,1.0,0.0166880616174582,1,1,1,0,0.07226491112001412,0.534068309702959,0.7793248945147679,0.3347020549972833,4.760517097735615,0.0,0.0,1.0,0.3333333333333333,0.0,0.7853489344551042,0.0,0.0,1.3248517864444318,2.34382229035477,1.0434497650937182,0.6,0.0,0.6907549703733381,0
30.0,2353.0,0.5176370590735232,0.738206544836379,0.7228927610143079,29.0,0.5176370590735232,0.6808329791755207,2.086932151886744,0.0023952095808383,0.0,0.0,0.0,0.0,0.0,30.0,1.0,0.0,1.0,0.0,1.0,1.0,9.0,0.0061748711580172,9.0,2.0,0.8888888888888888,0.3488320958430319,0.0,0.0,0.0,0.3799611536629164,0.0,0.0,0.0,0.0,0.8888888888888888,0.1111111111111111,0.0,0.0,1.0,12525.0,16.0,0.0012774451097804,1907.0,1907.0,0.1522554890219561,0.0063872255489021,2.578008708472219,0.3925159766112991,0.3450888552142168,0.0525416724066675,0.8328218979079145,0.9359892384261572,0.9740735700047446,0.639223782352053,0.1671781020920854,0.1106226929951267,0.0123669371848017,0.0,0.0061041403335696,4858.400966062384,2.595618840162037,1952.783998469792,1950.1883796296297,36295.0,80.0,0.0,1.0,1.0,0.0,0.0,0.0,1.0,0.0,1.0,1.0,0.0022041603526656,0,1,0,1,0.0005125081772933774,0.1393140347237696,0.6202649100439155,1.0066587302981107,11.679668288556224,1.0,0.021204428545975443,1.0,0.732282425595439,0.0,0.6976641916860638,0.0,0.0,1.111520715123148,8.478562485225261,0.8898481564688191,0.4,1.0,0.33350416939243116,0
30.0,21158.0,0.308346724643161,0.8307968617071557,0.7804266313766266,79.5,0.308346724643161,0.6663673315058134,2.136076744003282,0.000562640660165,30.0,1.0,2.0,0.0,0.3371322696875,30.0,0.9666666666666668,0.0,0.0,0.0,0.9666666666666668,2.0,19.0,0.0054555955505312,30.0,8.0,0.4333333333333333,1.7177599775220482,1.0,1.0,1.0,81.7356205852674,0.0333333333333333,0.4333333333333333,0.1333333333333333,0.0666666666666666,0.1,0.0333333333333333,0.4666666666666667,0.2,0.1333333333333333,53320.0,1095.0,0.020536384096024,10617.0,10617.0,0.1991185296324081,0.0084021005251312,9.69641182514417,1.9307352653330017,0.2794139224851699,0.0556364894040706,0.7061883590647843,0.9641793742582472,0.9896083023888024,0.7367488086457151,0.2938116409352158,0.0,0.0356851110149852,0.0,0.0,5498.941356920706,0.0266346984837962,0.4607087725578704,0.434074074074074,190828.0,448.0,1.0,1.0,1.0,1.0,1.0,1.0,0.0,0.0,1.0,1.0,0.0023476638648416,1,1,1,0,0.6973140495867769,0.8293277324636432,0.5443866780098938,1.477424476403442,15.069219021303809,0.0,0.01873444531337024,0.7478691694679609,0.3072622756669427,0.6,13.742079820176386,0.4222222222222222,0.8666666666666667,1.2637288815642513,41.16101428761998,1.076356239843915,1.0,0.0,0.8991046831955923,1
16.0,949.0,0.3140147523709167,0.7755532139093783,0.6053082191780821,31.0,0.3140147523709167,0.5900948366701791,2.1188556011425463,0.0219780219780219,0.0,0.0,0.0,0.0,0.0,30.0,0.0,0.7,0.0,0.0,0.0,0.0,0.0,0.0055991764868783,0.0,0.0,0.0,0.0,0.0,0.0,0.0,0.0,0.0,0.0,0.0,0.0,0.0,0.0,0.0,0.0,0.0,728.0,1.0,0.0013736263736263,471.0,471.0,0.646978021978022,0.0673076923076923,0.1358733494149138,0.0879070708439895,0.0225673455469791,0.014600576583279,0.9890913735907378,0.9995170138768326,1.0,0.06211403618246,0.0109086264092621,0.0104256402860947,0.0,1.0,0.9890913735907378,5357.930772438183,47.6600895678125,473.8626821604051,426.20259259259257,32259.0,49.0,0.0,1.0,1.0,0.0,0.0,0.0,1.0,0.0,1.0,1.0,0.0015189559502774,0,1,0,1,0.0023408097641244028,0.011328297247752885,0.4596614857744994,1.4535036842400397,9.819169206786903,0.0,0.019227500411594173,1.0,0.39283161356637875,0.0,0.0,0.0,1.0,0.7676603195962333,7.43362034965811,0.7170361653172447,0.4,1.0,0.3341136032547081,0
30.0,2341.0,0.2926099957283212,0.8094831268688595,0.7451658835255588,12.0,0.2926099957283212,0.6253737718923537,2.254691910363229,0.0010374520178441,30.0,1.0,28.0,0.0,505.0423365084954,17.0,0.5294117647058824,0.0588235294117647,0.0,0.0,0.5294117647058824,3.0,6.0,0.0031133307004206,29.0,3.0,0.5172413793103449,0.8167753243474006,0.0,0.0,0.0,3.0761071333863694,0.0,0.0,0.0,0.0,0.5172413793103449,0.4482758620689655,0.0,0.0,0.9655172413793104,28917.0,1078.0,0.037279109174534,13744.0,13744.0,0.4752913511083446,0.0023169761731853,5.295775521415457,2.517036302740051,0.3714546295344774,0.1765491727468914,0.7339545914454563,0.952071612242136,0.9905973486972268,0.7284863081944847,0.2660454085545438,0.0094026513027731,0.2566427572517706,0.0,0.0,5460.390056582501,0.4175334343518518,13.174906119537036,12.757372685185183,77848.0,67.0,1.0,0.0,1.0,1.0,1.0,0.0,0.0,0.0,1.0,1.0,0.0008606515260507,1,1,1,0,0.07268829760473551,0.3879989686110785,0.51888793962694,1.594946520103164,8.808003273675315,0.0,0.008998683129486786,0.001976119245080618,0.028504560483698895,0.0,2.450325973042202,0.0,0.03448275862068961,1.1936610727069816,6.522446281328032,1.1072306655556938,0.6,0.0,0.6908960992015785,0
30.0,1741.0,0.0947731188971855,0.372774267662263,0.3228604250430786,47.5,0.0947731188971855,0.244112578977599,3.227420818425646,0.0356294536817102,0.0,0.0,0.0,0.0,0.0,30.0,0.0,0.9666666666666668,0.0,1.0,0.0,0.0,0.0,0.0073512642266409,8.0,5.0,0.375,1.4941751382893085,0.0,1.0,0.0,0.3248485144713151,0.0,0.0,0.25,0.125,0.125,0.375,0.0,0.375,0.5,842.0,54.0,0.0641330166270783,332.0,332.0,0.3942992874109263,0.0522565320665083,0.2063254826277225,0.0813539907748264,0.024009124607927,0.0094667807242657,0.8666004987748097,0.9820590162798446,0.9901639226434622,0.4699591031952271,0.1333995012251902,0.0059196335634312,0.0010044975245554,0.0,0.8666004987748097,4080.930718072222,21.819919461111112,0.2702319611111111,21.5496875,35070.0,44.0,0.0,1.0,1.0,0.0,0.0,0.0,0.0,0.0,1.0,1.0,0.0012546335899629,1,1,1,0,0.04434651256253551,0.41553957450699286,0.20881677197013204,2.9215480814697403,13.329240415530531,0.0,0.025244147291074246,1.0,0.4114497456394755,0.25,7.470875691446542,0.20833333333333334,0.5,0.8102603858599732,6.531128958738282,0.6985499267547342,0.4,0.0,0.6814488375208452,0
30.0,3597.0,0.3105365582429802,0.7853767028078955,0.7525252525252524,21.0,0.3105365582429802,0.6383097025298861,2.23222617668121,0.0008671272075613,7.0,1.0,7.0,0.0,3207.28794789603,14.0,0.0,0.4285714285714285,0.0,0.0,0.0,0.0,0.0,0.0030247738905448,30.0,4.0,0.8,0.7026832764796582,0.0,1.0,1.0,1.2468036226571926,0.0,0.0333333333333333,0.0666666666666666,0.0,0.8,0.1,0.0333333333333333,0.0666666666666666,0.9,34597.0,2057.0,0.0594560221984565,18488.0,18488.0,0.5343815937798075,0.0339624822961528,7.474864449369891,3.9944299777423056,0.4542076933175791,0.2427202310620979,0.8005767375455435,0.8916175971280558,0.950861504427064,0.7700100791899018,0.1994232624544565,0.0120917528107664,0.0,0.0,0.8005767375455435,4628.445135499606,2.0412929070138888,653.2571725366436,651.2158796296296,76170.0,1175.0,1.0,1.0,1.0,1.0,1.0,0.0,0.0,0.0,1.0,1.0,0.0154260207430747,0,1,0,1,0.0015332346715750999,0.16516798903689728,0.5315309053841163,1.5390383425547403,10.614600233352832,0.0,0.00819123954257856,0.0003116927209279305,0.025451168686764603,0.0999999999999999,2.810733105918633,0.0666666666666666,0.09999999999999998,1.2382755435747457,112.42350368476161,1.1640350690396717,0.8,0.0,0.3338444115571917,0
17.0,82.0,0.7317073170731707,0.8414634146341463,0.7230989956958394,1.0,0.7317073170731707,0.7926829268292683,1.3030401247787664,0.0049246813441483,0.0,0.0,0.0,0.0,0.0,16.0,0.875,0.125,1.0,0.0,1.0,2.0,13.0,0.0028201371442391,19.0,2.0,0.631578947368421,0.6581099875431143,0.0,0.0,0.0,0.6872771666228465,0.0,0.0,0.0,0.0,0.3684210526315789,0.631578947368421,0.0,0.0,1.0,3452.0,255.0,0.0738702201622248,6401.0,6401.0,1.854287369640788,0.011297798377752,0.6084445888696034,1.1282311162671876,0.4288198757763975,0.7951552795031056,0.8636157889388747,0.957497713689228,1.0,0.482958363466749,0.1363842110611253,0.0,0.1363842110611253,0.0,0.0,5673.482948290371,2.4031103274074073,690.7053904200001,688.3022800925926,8050.0,39.0,0.0,0.0,1.0,0.0,0.0,0.0,1.0,0.0,1.0,1.0,0.0048447204968944,0,1,0,1,0.001450742335954078,0.14764726784948506,0.727403156384505,0.34959613103820564,2.003453034755819,0.875,0.007990050189126808,1.0,0.6497247034222973,0.0,1.3162199750862287,0.0,0.0,0.9425130307539379,4.787038938364771,1.0139352177064724,0.2,1.0,0.33381691411198466,0
30.0,473.0,0.6892177589852009,0.773784355179704,0.7159267089499646,4.0,0.6892177589852009,0.7484143763213531,1.6290977291244018,0.0004999666688887,30.0,1.0,1.0,0.0,24.396043934895832,0.0,0.0,0.0,0.0,0.0,0.0,0.0,0.0,0.0,30.0,3.0,0.9333333333333332,0.291139838831965,0.0,1.0,0.0,12.953717447038189,0.0,0.0,0.0333333333333333,0.0,0.9333333333333332,0.0333333333333333,0.0,0.0333333333333333,0.9666666666666668,60004.0,1570.0,0.0261649223385107,6873.0,6873.0,0.1145423638424105,0.0003999733351109,18.20674113419329,2.0854431673773495,16.931151241534987,1.939334085778781,1.0,1.0,1.0,-0.0,0.0,0.0,0.0,1.0,0.0,3295.702375057083,0.0197361681944444,24.396333390416668,24.376597222222223,3544.0,24.0,0.0,0.0,1.0,0.0,1.0,0.0,0.0,0.0,1.0,1.0,0.0067720090293453,1,1,1,0,0.039406386571179154,0.5100107860920271,0.7025722339675827,0.5062946430894018,5.526789197711985,0.0,0.0,0.039376211608530665,0.013125403869510222,0.0333333333333333,0.8734195164958949,0.0222222222222222,0.033333333333333215,1.3581296913019938,2.1813852418796134,1.0906705224112447,0.2,0.0,0.6798021288570597,0
30.0,4830.0,0.4140786749482402,0.9080745341614906,0.8426363008971705,18.5,0.4140786749482402,0.8457556935817805,1.6302348380287035,0.0009627109941595,30.0,1.0,8.0,0.0,23.365389268055555,30.0,0.0,0.0666666666666666,0.0,0.0,0.0,0.0,0.0,0.0051552975955316,30.0,4.0,0.6333333333333333,0.9724790978770256,0.0,0.0,1.0,5.1309257045125225,0.0,0.2333333333333333,0.0,0.0333333333333333,0.6333333333333333,0.1,0.2333333333333333,0.0333333333333333,0.7333333333333333,31162.0,463.0,0.0148578396765291,3626.0,3626.0,0.116359668827418,0.015050381875361,5.354979455731888,0.6231036360465896,0.1257597158884539,0.0146333588926106,0.8471512650558516,0.9993576911293194,0.999740442839046,0.4322520044404822,0.1528487349441483,0.0,0.0003932861604531,0.0,0.0,5819.256685682697,0.1513847567708333,0.2929704049189814,0.1415856481481481,247790.0,469.0,1.0,1.0,1.0,1.0,0.0,1.0,0.0,0.0,1.0,1.0,0.0018927317486581,1,1,1,0,0.8759745724047733,0.8209661544969709,0.6283574879227053,0.955189356443319,10.200365266783937,0.0,0.017703225978368556,0.04104182325997386,0.06846211745256535,0.2333333333333333,3.8899163915081023,0.16666666666666663,0.2666666666666667,1.1935243740962598,45.3272059064895,0.945426751644459,1.0,0.0,0.9586581908015911,0
3.0,3.0,0.3333333333333333,1.0,0.0,1.0,0.3333333333333333,1.0,1.0986122886681096,0.0008391608391608,0.0,0.0,0.0,0.0,0.0,0.0,0.0,0.0,0.0,0.0,0.0,0.0,0.0,0.0,30.0,5.0,0.7666666666666667,0.841247441879,1.0,0.0,1.0,89.86270974899459,0.0666666666666666,0.1,0.0,0.0,0.7666666666666667,0.0333333333333333,0.1666666666666666,0.0,0.8,3575.0,1724.0,0.4822377622377622,6157.0,6157.0,1.7222377622377625,1.64,0.6397181802115495,1.101746807150353,3575.0,6157.0,0.0,0.0,0.0,0.0,0.0,0.0,0.0,0.0,0.0,5588.398314298796,0.0094717062037037,633.1944948543519,633.1850231481482,1.0,5863.0,1.0,1.0,1.0,1.0,0.0,0.0,0.0,0.0,1.0,1.0,5863.0,0,1,0,1,0.0015768268935710834,0.49609698429701765,0.16666666666666666,0.7324081924454064,0.9609060278364028,0.0,0.0,1.0,0.3333333333333333,0.1666666666666666,4.206237209395,0.11111111111111106,0.19999999999999996,0.9482192911146189,716.5729530211756,1.011206824225142,0.8,0.0,0.33385894229785706,0
30.0,166.0,0.4216867469879518,0.8192771084337349,0.7449799196787148,1.0,0.4216867469879518,0.7710843373493976,1.950642961637884,0.009794319294809,0.0,0.0,0.0,0.0,0.0,0.0,0.0,0.0,0.0,0.0,0.0,0.0,0.0,0.0,28.0,5.0,0.5714285714285714,1.1436821007027749,1.0,0.0,1.0,1.1190700320798226,0.0357142857142857,0.1071428571428571,0.0,0.0,0.25,0.5714285714285714,0.1428571428571428,0.0,0.8214285714285714,3063.0,52.0,0.0169768201110022,6386.0,6386.0,2.0848841005550116,0.0365654587006203,1.3354661283822318,2.7842920978938728,0.5716685330347144,1.1918626353116837,0.864253828061249,0.921038736619786,0.9622233955743292,0.5678192457968172,0.135746171938751,0.0689291028656458,0.0668170690731051,0.0,0.0,2293.5811959601733,1.8052237379513891,414.3512422564699,412.5460185185185,5358.0,112.0,1.0,1.0,1.0,1.0,0.0,0.0,0.0,0.0,1.0,1.0,0.020903322135125,0,1,0,1,0.0024181105734795514,0.17944270280643873,0.5833333333333333,1.1280826766098608,2.3802585488678076,0.0,0.0,1.0,0.3333333333333333,0.1428571428571428,5.718410503513875,0.09523809523809519,0.1785714285714286,1.03731035623313,13.952080651432611,1.132228042574732,0.8,0.0,0.33413937019115986,0
10.0,119.0,0.8991596638655462,0.957983193277311,0.8142857142857143,1.0,0.8991596638655462,0.9327731092436976,0.5425556916763727,0.0018528812303131,0.0,0.0,0.0,0.0,0.0,10.0,0.8,0.0,1.0,0.0,0.8,1.0,1.0,0.0021738312867256,0.0,0.0,0.0,0.0,0.0,0.0,0.0,0.0,0.0,0.0,0.0,0.0,0.0,0.0,0.0,0.0,0.0,5397.0,0.0,0.0,799.0,799.0,0.1480452103020196,0.0057439318139707,1.1732167454458269,0.1736891198093784,0.2284637852939931,0.0338229691402446,0.9881055818249996,1.0,1.0,0.0645357245353825,0.0118944181750002,0.0,0.0,1.0,0.9881055818249996,4600.173003680046,1.1566379393055557,2606.285630994861,2605.1289930555554,23623.0,31.0,1.0,1.0,1.0,1.0,1.0,0.0,1.0,0.0,1.0,1.0,0.0013122804046903,0,1,0,1,0.00038371086107581736,0.23203411663482812,0.8567226890756303,0.05471149832030648,1.6620943476182115,0.6400000000000001,0.005212619766300516,1.0,0.5627967878454261,0.0,0.0,0.0,1.0,1.0189109037742239,3.607258541872875,0.792552377441438,0.8,1.0,0.33346123695369195,0
